{
  "fileName" : "src/main/java/com/amihaiemil/eoyaml/ReadYamlStream.java",
  "packageName" : "com.amihaiemil.eoyaml",
  "className" : "ReadYamlStream",
  "typeMetricsHashMap" : {
    "FOR_EACH" : {
      "elementCount" : 3,
      "coveredCount" : 3,
      "effectualCount" : 3,
      "coverageGap" : [ ],
      "coverageGapSize" : 0,
      "coveredPercentage" : 100.0,
      "effectualPercentage" : 100.0,
      "coverageGapPercentage" : 0.0
    },
    "TRY" : {
      "elementCount" : 0,
      "coveredCount" : 0,
      "effectualCount" : 0,
      "coverageGap" : [ ],
      "coverageGapSize" : 0,
      "coveredPercentage" : 0.0,
      "effectualPercentage" : 0.0,
      "coverageGapPercentage" : 0.0
    },
    "FOR" : {
      "elementCount" : 0,
      "coveredCount" : 0,
      "effectualCount" : 0,
      "coverageGap" : [ ],
      "coverageGapSize" : 0,
      "coveredPercentage" : 0.0,
      "effectualPercentage" : 0.0,
      "coverageGapPercentage" : 0.0
    },
    "CONTINUE" : {
      "elementCount" : 0,
      "coveredCount" : 0,
      "effectualCount" : 0,
      "coverageGap" : [ ],
      "coverageGapSize" : 0,
      "coveredPercentage" : 0.0,
      "effectualPercentage" : 0.0,
      "coverageGapPercentage" : 0.0
    },
    "WHILE" : {
      "elementCount" : 0,
      "coveredCount" : 0,
      "effectualCount" : 0,
      "coverageGap" : [ ],
      "coverageGapSize" : 0,
      "coveredPercentage" : 0.0,
      "effectualPercentage" : 0.0,
      "coverageGapPercentage" : 0.0
    },
    "RETURN" : {
      "elementCount" : 4,
      "coveredCount" : 4,
      "effectualCount" : 4,
      "coverageGap" : [ ],
      "coverageGapSize" : 0,
      "coveredPercentage" : 100.0,
      "effectualPercentage" : 100.0,
      "coverageGapPercentage" : 0.0
    },
    "THROW" : {
      "elementCount" : 0,
      "coveredCount" : 0,
      "effectualCount" : 0,
      "coverageGap" : [ ],
      "coverageGapSize" : 0,
      "coveredPercentage" : 0.0,
      "effectualPercentage" : 0.0,
      "coverageGapPercentage" : 0.0
    },
    "IF" : {
      "elementCount" : 3,
      "coveredCount" : 3,
      "effectualCount" : 3,
      "coverageGap" : [ ],
      "coverageGapSize" : 0,
      "coveredPercentage" : 100.0,
      "effectualPercentage" : 100.0,
      "coverageGapPercentage" : 0.0
    },
    "EXPRESSION" : {
      "elementCount" : 3,
      "coveredCount" : 3,
      "effectualCount" : 3,
      "coverageGap" : [ ],
      "coverageGapSize" : 0,
      "coveredPercentage" : 100.0,
      "effectualPercentage" : 100.0,
      "coverageGapPercentage" : 0.0
    },
    "SWITCH_ENTRY_ASSIGNMENT" : {
      "elementCount" : 0,
      "coveredCount" : 0,
      "effectualCount" : 0,
      "coverageGap" : [ ],
      "coverageGapSize" : 0,
      "coveredPercentage" : 0.0,
      "effectualPercentage" : 0.0,
      "coverageGapPercentage" : 0.0
    },
    "LAMBDA_RETURN" : {
      "elementCount" : 0,
      "coveredCount" : 0,
      "effectualCount" : 0,
      "coverageGap" : [ ],
      "coverageGapSize" : 0,
      "coveredPercentage" : 0.0,
      "effectualPercentage" : 0.0,
      "coverageGapPercentage" : 0.0
    },
    "DECISION" : {
      "elementCount" : 3,
      "coveredCount" : 3,
      "effectualCount" : 3,
      "coverageGap" : [ ],
      "coverageGapSize" : 0,
      "coveredPercentage" : 100.0,
      "effectualPercentage" : 100.0,
      "coverageGapPercentage" : 0.0
    },
    "INNER_CLASS_RETURN" : {
      "elementCount" : 0,
      "coveredCount" : 0,
      "effectualCount" : 0,
      "coverageGap" : [ ],
      "coverageGapSize" : 0,
      "coveredPercentage" : 0.0,
      "effectualPercentage" : 0.0,
      "coverageGapPercentage" : 0.0
    },
    "BREAK" : {
      "elementCount" : 1,
      "coveredCount" : 1,
      "effectualCount" : 1,
      "coverageGap" : [ ],
      "coverageGapSize" : 0,
      "coveredPercentage" : 100.0,
      "effectualPercentage" : 100.0,
      "coverageGapPercentage" : 0.0
    },
    "VARIABLE_DECLARATION" : {
      "elementCount" : 0,
      "coveredCount" : 0,
      "effectualCount" : 0,
      "coverageGap" : [ ],
      "coverageGapSize" : 0,
      "coveredPercentage" : 0.0,
      "effectualPercentage" : 0.0,
      "coverageGapPercentage" : 0.0
    },
    "DO" : {
      "elementCount" : 0,
      "coveredCount" : 0,
      "effectualCount" : 0,
      "coverageGap" : [ ],
      "coverageGapSize" : 0,
      "coveredPercentage" : 0.0,
      "effectualPercentage" : 0.0,
      "coverageGapPercentage" : 0.0
    },
    "SWITCH" : {
      "elementCount" : 0,
      "coveredCount" : 0,
      "effectualCount" : 0,
      "coverageGap" : [ ],
      "coverageGapSize" : 0,
      "coveredPercentage" : 0.0,
      "effectualPercentage" : 0.0,
      "coverageGapPercentage" : 0.0
    },
    "INNER_CLASS" : {
      "elementCount" : 0,
      "coveredCount" : 0,
      "effectualCount" : 0,
      "coverageGap" : [ ],
      "coverageGapSize" : 0,
      "coveredPercentage" : 0.0,
      "effectualPercentage" : 0.0,
      "coverageGapPercentage" : 0.0
    },
    "LAMBDA" : {
      "elementCount" : 2,
      "coveredCount" : 2,
      "effectualCount" : 2,
      "coverageGap" : [ ],
      "coverageGapSize" : 0,
      "coveredPercentage" : 100.0,
      "effectualPercentage" : 100.0,
      "coverageGapPercentage" : 0.0
    }
  },
  "covered" : [ "Stmt(BREAK, 12, com.amihaiemil.eoyaml.ReadYamlStream, DEFAULT)", "Stmt(RETURN, 13, com.amihaiemil.eoyaml.ReadYamlStream, DEFAULT)", "Stmt(RETURN, 13, com.amihaiemil.eoyaml.ReadYamlStream, NON_DEFAULT)", "Stmt(IF, 10, com.amihaiemil.eoyaml.ReadYamlStream, DEFAULT)", "Stmt(EXPRESSION, 11, com.amihaiemil.eoyaml.ReadYamlStream, DEFAULT)", "Decision(true, IF, 0, com.amihaiemil.eoyaml.ReadYamlStream)", "Stmt(FOR_EACH, 8, com.amihaiemil.eoyaml.ReadYamlStream, DEFAULT)", "Stmt(IF, 9, com.amihaiemil.eoyaml.ReadYamlStream, DEFAULT)", "Decision(true, IF, 2, com.amihaiemil.eoyaml.ReadYamlStream)", "Stmt(FOR_EACH, 6, com.amihaiemil.eoyaml.ReadYamlStream, DEFAULT)", "Decision(true, IF, 1, com.amihaiemil.eoyaml.ReadYamlStream)", "Stmt(EXPRESSION, 7, com.amihaiemil.eoyaml.ReadYamlStream, DEFAULT)", "Stmt(EXPRESSION, 4, com.amihaiemil.eoyaml.ReadYamlStream, DEFAULT)", "Stmt(RETURN, 5, com.amihaiemil.eoyaml.ReadYamlStream, DEFAULT)", "Stmt(RETURN, 5, com.amihaiemil.eoyaml.ReadYamlStream, NON_DEFAULT)", "Stmt(FOR_EACH, 2, com.amihaiemil.eoyaml.ReadYamlStream, DEFAULT)", "Stmt(IF, 3, com.amihaiemil.eoyaml.ReadYamlStream, DEFAULT)", "Stmt(LAMBDA, 0, com.amihaiemil.eoyaml.ReadYamlStream, DEFAULT)", "Stmt(LAMBDA, 1, com.amihaiemil.eoyaml.ReadYamlStream, DEFAULT)" ],
  "effectualCovered" : [ "Stmt(BREAK, 12, com.amihaiemil.eoyaml.ReadYamlStream, DEFAULT)", "Stmt(RETURN, 13, com.amihaiemil.eoyaml.ReadYamlStream, DEFAULT)", "Stmt(RETURN, 13, com.amihaiemil.eoyaml.ReadYamlStream, NON_DEFAULT)", "Stmt(IF, 10, com.amihaiemil.eoyaml.ReadYamlStream, DEFAULT)", "Stmt(EXPRESSION, 11, com.amihaiemil.eoyaml.ReadYamlStream, DEFAULT)", "Decision(true, IF, 0, com.amihaiemil.eoyaml.ReadYamlStream)", "Stmt(FOR_EACH, 8, com.amihaiemil.eoyaml.ReadYamlStream, DEFAULT)", "Stmt(IF, 9, com.amihaiemil.eoyaml.ReadYamlStream, DEFAULT)", "Decision(true, IF, 2, com.amihaiemil.eoyaml.ReadYamlStream)", "Stmt(FOR_EACH, 6, com.amihaiemil.eoyaml.ReadYamlStream, DEFAULT)", "Decision(true, IF, 1, com.amihaiemil.eoyaml.ReadYamlStream)", "Stmt(EXPRESSION, 7, com.amihaiemil.eoyaml.ReadYamlStream, DEFAULT)", "Stmt(EXPRESSION, 4, com.amihaiemil.eoyaml.ReadYamlStream, DEFAULT)", "Stmt(RETURN, 5, com.amihaiemil.eoyaml.ReadYamlStream, DEFAULT)", "Stmt(RETURN, 5, com.amihaiemil.eoyaml.ReadYamlStream, NON_DEFAULT)", "Stmt(FOR_EACH, 2, com.amihaiemil.eoyaml.ReadYamlStream, DEFAULT)", "Stmt(IF, 3, com.amihaiemil.eoyaml.ReadYamlStream, DEFAULT)", "Stmt(LAMBDA, 0, com.amihaiemil.eoyaml.ReadYamlStream, DEFAULT)", "Stmt(LAMBDA, 1, com.amihaiemil.eoyaml.ReadYamlStream, DEFAULT)" ],
  "totalElementCount" : 19,
  "totalCoveredCount" : 19,
  "totalEffectualCount" : 19,
  "totalCoverageGap" : 0
}