{
  "fileName" : "src/main/java/com/facebook/ads/utils/ServerSideApiUtil.java",
  "packageName" : "com.facebook.ads.utils",
  "className" : "ServerSideApiUtil",
  "typeMetricsHashMap" : {
    "IF" : {
      "elementCount" : 27,
      "coveredCount" : 22,
      "effectualCount" : 22,
      "coverageGap" : [ ],
      "coveredPercentage" : 81.48,
      "effectualPercentage" : 81.48,
      "coverageGapPercentage" : 0.0,
      "coverageGapSize" : 0
    },
    "TRY" : {
      "elementCount" : 2,
      "coveredCount" : 2,
      "effectualCount" : 2,
      "coverageGap" : [ ],
      "coveredPercentage" : 100.0,
      "effectualPercentage" : 100.0,
      "coverageGapPercentage" : 0.0,
      "coverageGapSize" : 0
    },
    "DECISION" : {
      "elementCount" : 27,
      "coveredCount" : 15,
      "effectualCount" : 15,
      "coverageGap" : [ ],
      "coveredPercentage" : 55.56,
      "effectualPercentage" : 55.56,
      "coverageGapPercentage" : 0.0,
      "coverageGapSize" : 0
    },
    "FOR" : {
      "elementCount" : 0,
      "coveredCount" : 0,
      "effectualCount" : 0,
      "coverageGap" : [ ],
      "coveredPercentage" : 0.0,
      "effectualPercentage" : 0.0,
      "coverageGapPercentage" : 0.0,
      "coverageGapSize" : 0
    },
    "CONTINUE" : {
      "elementCount" : 0,
      "coveredCount" : 0,
      "effectualCount" : 0,
      "coverageGap" : [ ],
      "coveredPercentage" : 0.0,
      "effectualPercentage" : 0.0,
      "coverageGapPercentage" : 0.0,
      "coverageGapSize" : 0
    },
    "LAMBDA_RETURN" : {
      "elementCount" : 0,
      "coveredCount" : 0,
      "effectualCount" : 0,
      "coverageGap" : [ ],
      "coveredPercentage" : 0.0,
      "effectualPercentage" : 0.0,
      "coverageGapPercentage" : 0.0,
      "coverageGapSize" : 0
    },
    "DO" : {
      "elementCount" : 0,
      "coveredCount" : 0,
      "effectualCount" : 0,
      "coverageGap" : [ ],
      "coveredPercentage" : 0.0,
      "effectualPercentage" : 0.0,
      "coverageGapPercentage" : 0.0,
      "coverageGapSize" : 0
    },
    "VARIABLE_DECLARATION" : {
      "elementCount" : 11,
      "coveredCount" : 8,
      "effectualCount" : 8,
      "coverageGap" : [ ],
      "coveredPercentage" : 72.73,
      "effectualPercentage" : 72.73,
      "coverageGapPercentage" : 0.0,
      "coverageGapSize" : 0
    },
    "SWITCH_ENTRY_ASSIGNMENT" : {
      "elementCount" : 0,
      "coveredCount" : 0,
      "effectualCount" : 0,
      "coverageGap" : [ ],
      "coveredPercentage" : 0.0,
      "effectualPercentage" : 0.0,
      "coverageGapPercentage" : 0.0,
      "coverageGapSize" : 0
    },
    "FOR_EACH" : {
      "elementCount" : 2,
      "coveredCount" : 2,
      "effectualCount" : 2,
      "coverageGap" : [ ],
      "coveredPercentage" : 100.0,
      "effectualPercentage" : 100.0,
      "coverageGapPercentage" : 0.0,
      "coverageGapSize" : 0
    },
    "EXPRESSION" : {
      "elementCount" : 30,
      "coveredCount" : 16,
      "effectualCount" : 16,
      "coverageGap" : [ ],
      "coveredPercentage" : 53.33,
      "effectualPercentage" : 53.33,
      "coverageGapPercentage" : 0.0,
      "coverageGapSize" : 0
    },
    "INNER_CLASS" : {
      "elementCount" : 0,
      "coveredCount" : 0,
      "effectualCount" : 0,
      "coverageGap" : [ ],
      "coveredPercentage" : 0.0,
      "effectualPercentage" : 0.0,
      "coverageGapPercentage" : 0.0,
      "coverageGapSize" : 0
    },
    "SWITCH" : {
      "elementCount" : 0,
      "coveredCount" : 0,
      "effectualCount" : 0,
      "coverageGap" : [ ],
      "coveredPercentage" : 0.0,
      "effectualPercentage" : 0.0,
      "coverageGapPercentage" : 0.0,
      "coverageGapSize" : 0
    },
    "LAMBDA" : {
      "elementCount" : 0,
      "coveredCount" : 0,
      "effectualCount" : 0,
      "coverageGap" : [ ],
      "coveredPercentage" : 0.0,
      "effectualPercentage" : 0.0,
      "coverageGapPercentage" : 0.0,
      "coverageGapSize" : 0
    },
    "BREAK" : {
      "elementCount" : 0,
      "coveredCount" : 0,
      "effectualCount" : 0,
      "coverageGap" : [ ],
      "coveredPercentage" : 0.0,
      "effectualPercentage" : 0.0,
      "coverageGapPercentage" : 0.0,
      "coverageGapSize" : 0
    },
    "INNER_CLASS_RETURN" : {
      "elementCount" : 0,
      "coveredCount" : 0,
      "effectualCount" : 0,
      "coverageGap" : [ ],
      "coveredPercentage" : 0.0,
      "effectualPercentage" : 0.0,
      "coverageGapPercentage" : 0.0,
      "coverageGapSize" : 0
    },
    "THROW" : {
      "elementCount" : 12,
      "coveredCount" : 6,
      "effectualCount" : 6,
      "coverageGap" : [ ],
      "coveredPercentage" : 50.0,
      "effectualPercentage" : 50.0,
      "coverageGapPercentage" : 0.0,
      "coverageGapSize" : 0
    },
    "RETURN" : {
      "elementCount" : 38,
      "coveredCount" : 18,
      "effectualCount" : 16,
      "coverageGap" : [ "Stmt(RETURN, 90, com.facebook.ads.utils.ServerSideApiUtil, DEFAULT)", "Stmt(RETURN, 90, com.facebook.ads.utils.ServerSideApiUtil, NON_DEFAULT)" ],
      "coveredPercentage" : 47.37,
      "effectualPercentage" : 42.11,
      "coverageGapPercentage" : 5.26,
      "coverageGapSize" : 2
    },
    "WHILE" : {
      "elementCount" : 0,
      "coveredCount" : 0,
      "effectualCount" : 0,
      "coverageGap" : [ ],
      "coveredPercentage" : 0.0,
      "effectualPercentage" : 0.0,
      "coverageGapPercentage" : 0.0,
      "coverageGapSize" : 0
    }
  },
  "covered" : [ "Stmt(EXPRESSION, 6, com.facebook.ads.utils.ServerSideApiUtil, DEFAULT)", "Stmt(TRY, 72, com.facebook.ads.utils.ServerSideApiUtil, DEFAULT)", "Stmt(VARIABLE_DECLARATION, 97, com.facebook.ads.utils.ServerSideApiUtil, DEFAULT)", "Stmt(EXPRESSION, 22, com.facebook.ads.utils.ServerSideApiUtil, DEFAULT)", "Stmt(IF, 88, com.facebook.ads.utils.ServerSideApiUtil, DEFAULT)", "Stmt(IF, 14, com.facebook.ads.utils.ServerSideApiUtil, DEFAULT)", "Decision(true, IF, 23, com.facebook.ads.utils.ServerSideApiUtil)", "Stmt(EXPRESSION, 80, com.facebook.ads.utils.ServerSideApiUtil, DEFAULT)", "Stmt(IF, 7, com.facebook.ads.utils.ServerSideApiUtil, DEFAULT)", "Stmt(THROW, 73, com.facebook.ads.utils.ServerSideApiUtil, DEFAULT)", "Stmt(EXPRESSION, 32, com.facebook.ads.utils.ServerSideApiUtil, DEFAULT)", "Stmt(FOR_EACH, 98, com.facebook.ads.utils.ServerSideApiUtil, DEFAULT)", "Stmt(EXPRESSION, 56, com.facebook.ads.utils.ServerSideApiUtil, DEFAULT)", "Decision(true, IF, 14, com.facebook.ads.utils.ServerSideApiUtil)", "Stmt(EXPRESSION, 23, com.facebook.ads.utils.ServerSideApiUtil, DEFAULT)", "Stmt(THROW, 89, com.facebook.ads.utils.ServerSideApiUtil, DEFAULT)", "Decision(true, IF, 22, com.facebook.ads.utils.ServerSideApiUtil)", "Stmt(IF, 15, com.facebook.ads.utils.ServerSideApiUtil, DEFAULT)", "Stmt(TRY, 81, com.facebook.ads.utils.ServerSideApiUtil, DEFAULT)", "Stmt(IF, 70, com.facebook.ads.utils.ServerSideApiUtil, DEFAULT)", "Stmt(IF, 12, com.facebook.ads.utils.ServerSideApiUtil, DEFAULT)", "Stmt(RETURN, 95, com.facebook.ads.utils.ServerSideApiUtil, DEFAULT)", "Stmt(RETURN, 95, com.facebook.ads.utils.ServerSideApiUtil, NON_DEFAULT)", "Stmt(IF, 4, com.facebook.ads.utils.ServerSideApiUtil, DEFAULT)", "Stmt(RETURN, 86, com.facebook.ads.utils.ServerSideApiUtil, DEFAULT)", "Stmt(RETURN, 86, com.facebook.ads.utils.ServerSideApiUtil, NON_DEFAULT)", "Decision(true, IF, 13, com.facebook.ads.utils.ServerSideApiUtil)", "Stmt(VARIABLE_DECLARATION, 78, com.facebook.ads.utils.ServerSideApiUtil, DEFAULT)", "Decision(true, IF, 21, com.facebook.ads.utils.ServerSideApiUtil)", "Stmt(IF, 20, com.facebook.ads.utils.ServerSideApiUtil, DEFAULT)", "Stmt(EXPRESSION, 71, com.facebook.ads.utils.ServerSideApiUtil, DEFAULT)", "Stmt(VARIABLE_DECLARATION, 96, com.facebook.ads.utils.ServerSideApiUtil, DEFAULT)", "Stmt(VARIABLE_DECLARATION, 63, com.facebook.ads.utils.ServerSideApiUtil, DEFAULT)", "Decision(true, IF, 4, com.facebook.ads.utils.ServerSideApiUtil)", "Stmt(IF, 21, com.facebook.ads.utils.ServerSideApiUtil, DEFAULT)", "Stmt(VARIABLE_DECLARATION, 87, com.facebook.ads.utils.ServerSideApiUtil, DEFAULT)", "Decision(true, IF, 12, com.facebook.ads.utils.ServerSideApiUtil)", "Stmt(IF, 13, com.facebook.ads.utils.ServerSideApiUtil, DEFAULT)", "Stmt(IF, 79, com.facebook.ads.utils.ServerSideApiUtil, DEFAULT)", "Stmt(VARIABLE_DECLARATION, 101, com.facebook.ads.utils.ServerSideApiUtil, DEFAULT)", "Stmt(IF, 10, com.facebook.ads.utils.ServerSideApiUtil, DEFAULT)", "Stmt(THROW, 76, com.facebook.ads.utils.ServerSideApiUtil, DEFAULT)", "Stmt(FOR_EACH, 93, com.facebook.ads.utils.ServerSideApiUtil, DEFAULT)", "Stmt(EXPRESSION, 68, com.facebook.ads.utils.ServerSideApiUtil, DEFAULT)", "Stmt(RETURN, 35, com.facebook.ads.utils.ServerSideApiUtil, DEFAULT)", "Stmt(RETURN, 35, com.facebook.ads.utils.ServerSideApiUtil, NON_DEFAULT)", "Stmt(EXPRESSION, 26, com.facebook.ads.utils.ServerSideApiUtil, DEFAULT)", "Decision(true, IF, 11, com.facebook.ads.utils.ServerSideApiUtil)", "Stmt(IF, 18, com.facebook.ads.utils.ServerSideApiUtil, DEFAULT)", "Decision(true, IF, 19, com.facebook.ads.utils.ServerSideApiUtil)", "Stmt(IF, 84, com.facebook.ads.utils.ServerSideApiUtil, DEFAULT)", "Stmt(VARIABLE_DECLARATION, 102, com.facebook.ads.utils.ServerSideApiUtil, DEFAULT)", "Stmt(RETURN, 69, com.facebook.ads.utils.ServerSideApiUtil, DEFAULT)", "Stmt(RETURN, 69, com.facebook.ads.utils.ServerSideApiUtil, NON_DEFAULT)", "Stmt(IF, 11, com.facebook.ads.utils.ServerSideApiUtil, DEFAULT)", "Stmt(EXPRESSION, 94, com.facebook.ads.utils.ServerSideApiUtil, DEFAULT)", "Stmt(VARIABLE_DECLARATION, 36, com.facebook.ads.utils.ServerSideApiUtil, DEFAULT)", "Stmt(THROW, 85, com.facebook.ads.utils.ServerSideApiUtil, DEFAULT)", "Decision(true, IF, 10, com.facebook.ads.utils.ServerSideApiUtil)", "Stmt(EXPRESSION, 27, com.facebook.ads.utils.ServerSideApiUtil, DEFAULT)", "Stmt(RETURN, 77, com.facebook.ads.utils.ServerSideApiUtil, DEFAULT)", "Stmt(RETURN, 77, com.facebook.ads.utils.ServerSideApiUtil, NON_DEFAULT)", "Stmt(IF, 19, com.facebook.ads.utils.ServerSideApiUtil, DEFAULT)", "Decision(true, IF, 1, com.facebook.ads.utils.ServerSideApiUtil)", "Stmt(RETURN, 8, com.facebook.ads.utils.ServerSideApiUtil, DEFAULT)", "Stmt(RETURN, 8, com.facebook.ads.utils.ServerSideApiUtil, NON_DEFAULT)", "Stmt(EXPRESSION, 74, com.facebook.ads.utils.ServerSideApiUtil, DEFAULT)", "Decision(true, IF, 26, com.facebook.ads.utils.ServerSideApiUtil)", "Decision(true, IF, 9, com.facebook.ads.utils.ServerSideApiUtil)", "Stmt(RETURN, 66, com.facebook.ads.utils.ServerSideApiUtil, DEFAULT)", "Stmt(RETURN, 66, com.facebook.ads.utils.ServerSideApiUtil, NON_DEFAULT)", "Stmt(EXPRESSION, 99, com.facebook.ads.utils.ServerSideApiUtil, DEFAULT)", "Stmt(EXPRESSION, 24, com.facebook.ads.utils.ServerSideApiUtil, DEFAULT)", "Stmt(RETURN, 90, com.facebook.ads.utils.ServerSideApiUtil, DEFAULT)", "Stmt(RETURN, 90, com.facebook.ads.utils.ServerSideApiUtil, NON_DEFAULT)", "Stmt(IF, 57, com.facebook.ads.utils.ServerSideApiUtil, DEFAULT)", "Decision(true, IF, 25, com.facebook.ads.utils.ServerSideApiUtil)", "Stmt(IF, 16, com.facebook.ads.utils.ServerSideApiUtil, DEFAULT)", "Stmt(THROW, 82, com.facebook.ads.utils.ServerSideApiUtil, DEFAULT)", "Stmt(IF, 9, com.facebook.ads.utils.ServerSideApiUtil, DEFAULT)", "Stmt(IF, 75, com.facebook.ads.utils.ServerSideApiUtil, DEFAULT)", "Stmt(RETURN, 100, com.facebook.ads.utils.ServerSideApiUtil, DEFAULT)", "Stmt(RETURN, 100, com.facebook.ads.utils.ServerSideApiUtil, NON_DEFAULT)", "Stmt(IF, 67, com.facebook.ads.utils.ServerSideApiUtil, DEFAULT)", "Stmt(THROW, 58, com.facebook.ads.utils.ServerSideApiUtil, DEFAULT)", "Stmt(EXPRESSION, 25, com.facebook.ads.utils.ServerSideApiUtil, DEFAULT)", "Decision(true, IF, 24, com.facebook.ads.utils.ServerSideApiUtil)", "Stmt(IF, 17, com.facebook.ads.utils.ServerSideApiUtil, DEFAULT)", "Stmt(EXPRESSION, 83, com.facebook.ads.utils.ServerSideApiUtil, DEFAULT)" ],
  "effectualCovered" : [ "Stmt(EXPRESSION, 6, com.facebook.ads.utils.ServerSideApiUtil, DEFAULT)", "Stmt(TRY, 72, com.facebook.ads.utils.ServerSideApiUtil, DEFAULT)", "Stmt(VARIABLE_DECLARATION, 97, com.facebook.ads.utils.ServerSideApiUtil, DEFAULT)", "Stmt(EXPRESSION, 22, com.facebook.ads.utils.ServerSideApiUtil, DEFAULT)", "Stmt(IF, 88, com.facebook.ads.utils.ServerSideApiUtil, DEFAULT)", "Stmt(IF, 14, com.facebook.ads.utils.ServerSideApiUtil, DEFAULT)", "Decision(true, IF, 23, com.facebook.ads.utils.ServerSideApiUtil)", "Stmt(EXPRESSION, 80, com.facebook.ads.utils.ServerSideApiUtil, DEFAULT)", "Stmt(IF, 7, com.facebook.ads.utils.ServerSideApiUtil, DEFAULT)", "Stmt(THROW, 73, com.facebook.ads.utils.ServerSideApiUtil, DEFAULT)", "Stmt(EXPRESSION, 32, com.facebook.ads.utils.ServerSideApiUtil, DEFAULT)", "Stmt(FOR_EACH, 98, com.facebook.ads.utils.ServerSideApiUtil, DEFAULT)", "Stmt(EXPRESSION, 56, com.facebook.ads.utils.ServerSideApiUtil, DEFAULT)", "Decision(true, IF, 14, com.facebook.ads.utils.ServerSideApiUtil)", "Stmt(EXPRESSION, 23, com.facebook.ads.utils.ServerSideApiUtil, DEFAULT)", "Stmt(THROW, 89, com.facebook.ads.utils.ServerSideApiUtil, DEFAULT)", "Decision(true, IF, 22, com.facebook.ads.utils.ServerSideApiUtil)", "Stmt(IF, 15, com.facebook.ads.utils.ServerSideApiUtil, DEFAULT)", "Stmt(TRY, 81, com.facebook.ads.utils.ServerSideApiUtil, DEFAULT)", "Stmt(IF, 70, com.facebook.ads.utils.ServerSideApiUtil, DEFAULT)", "Stmt(IF, 12, com.facebook.ads.utils.ServerSideApiUtil, DEFAULT)", "Stmt(RETURN, 95, com.facebook.ads.utils.ServerSideApiUtil, DEFAULT)", "Stmt(RETURN, 95, com.facebook.ads.utils.ServerSideApiUtil, NON_DEFAULT)", "Stmt(IF, 4, com.facebook.ads.utils.ServerSideApiUtil, DEFAULT)", "Stmt(RETURN, 86, com.facebook.ads.utils.ServerSideApiUtil, DEFAULT)", "Stmt(RETURN, 86, com.facebook.ads.utils.ServerSideApiUtil, NON_DEFAULT)", "Decision(true, IF, 13, com.facebook.ads.utils.ServerSideApiUtil)", "Stmt(VARIABLE_DECLARATION, 78, com.facebook.ads.utils.ServerSideApiUtil, DEFAULT)", "Decision(true, IF, 21, com.facebook.ads.utils.ServerSideApiUtil)", "Stmt(IF, 20, com.facebook.ads.utils.ServerSideApiUtil, DEFAULT)", "Stmt(EXPRESSION, 71, com.facebook.ads.utils.ServerSideApiUtil, DEFAULT)", "Stmt(VARIABLE_DECLARATION, 96, com.facebook.ads.utils.ServerSideApiUtil, DEFAULT)", "Stmt(VARIABLE_DECLARATION, 63, com.facebook.ads.utils.ServerSideApiUtil, DEFAULT)", "Decision(true, IF, 4, com.facebook.ads.utils.ServerSideApiUtil)", "Stmt(IF, 21, com.facebook.ads.utils.ServerSideApiUtil, DEFAULT)", "Stmt(VARIABLE_DECLARATION, 87, com.facebook.ads.utils.ServerSideApiUtil, DEFAULT)", "Decision(true, IF, 12, com.facebook.ads.utils.ServerSideApiUtil)", "Stmt(IF, 13, com.facebook.ads.utils.ServerSideApiUtil, DEFAULT)", "Stmt(IF, 79, com.facebook.ads.utils.ServerSideApiUtil, DEFAULT)", "Stmt(VARIABLE_DECLARATION, 101, com.facebook.ads.utils.ServerSideApiUtil, DEFAULT)", "Stmt(IF, 10, com.facebook.ads.utils.ServerSideApiUtil, DEFAULT)", "Stmt(THROW, 76, com.facebook.ads.utils.ServerSideApiUtil, DEFAULT)", "Stmt(FOR_EACH, 93, com.facebook.ads.utils.ServerSideApiUtil, DEFAULT)", "Stmt(EXPRESSION, 68, com.facebook.ads.utils.ServerSideApiUtil, DEFAULT)", "Stmt(RETURN, 35, com.facebook.ads.utils.ServerSideApiUtil, DEFAULT)", "Stmt(RETURN, 35, com.facebook.ads.utils.ServerSideApiUtil, NON_DEFAULT)", "Stmt(EXPRESSION, 26, com.facebook.ads.utils.ServerSideApiUtil, DEFAULT)", "Decision(true, IF, 11, com.facebook.ads.utils.ServerSideApiUtil)", "Stmt(IF, 18, com.facebook.ads.utils.ServerSideApiUtil, DEFAULT)", "Decision(true, IF, 19, com.facebook.ads.utils.ServerSideApiUtil)", "Stmt(IF, 84, com.facebook.ads.utils.ServerSideApiUtil, DEFAULT)", "Stmt(VARIABLE_DECLARATION, 102, com.facebook.ads.utils.ServerSideApiUtil, DEFAULT)", "Stmt(RETURN, 69, com.facebook.ads.utils.ServerSideApiUtil, DEFAULT)", "Stmt(RETURN, 69, com.facebook.ads.utils.ServerSideApiUtil, NON_DEFAULT)", "Stmt(IF, 11, com.facebook.ads.utils.ServerSideApiUtil, DEFAULT)", "Stmt(EXPRESSION, 94, com.facebook.ads.utils.ServerSideApiUtil, DEFAULT)", "Stmt(VARIABLE_DECLARATION, 36, com.facebook.ads.utils.ServerSideApiUtil, DEFAULT)", "Stmt(THROW, 85, com.facebook.ads.utils.ServerSideApiUtil, DEFAULT)", "Decision(true, IF, 10, com.facebook.ads.utils.ServerSideApiUtil)", "Stmt(EXPRESSION, 27, com.facebook.ads.utils.ServerSideApiUtil, DEFAULT)", "Stmt(RETURN, 77, com.facebook.ads.utils.ServerSideApiUtil, DEFAULT)", "Stmt(RETURN, 77, com.facebook.ads.utils.ServerSideApiUtil, NON_DEFAULT)", "Stmt(IF, 19, com.facebook.ads.utils.ServerSideApiUtil, DEFAULT)", "Decision(true, IF, 1, com.facebook.ads.utils.ServerSideApiUtil)", "Stmt(RETURN, 8, com.facebook.ads.utils.ServerSideApiUtil, DEFAULT)", "Stmt(RETURN, 8, com.facebook.ads.utils.ServerSideApiUtil, NON_DEFAULT)", "Stmt(EXPRESSION, 74, com.facebook.ads.utils.ServerSideApiUtil, DEFAULT)", "Decision(true, IF, 26, com.facebook.ads.utils.ServerSideApiUtil)", "Decision(true, IF, 9, com.facebook.ads.utils.ServerSideApiUtil)", "Stmt(RETURN, 66, com.facebook.ads.utils.ServerSideApiUtil, DEFAULT)", "Stmt(RETURN, 66, com.facebook.ads.utils.ServerSideApiUtil, NON_DEFAULT)", "Stmt(EXPRESSION, 99, com.facebook.ads.utils.ServerSideApiUtil, DEFAULT)", "Stmt(EXPRESSION, 24, com.facebook.ads.utils.ServerSideApiUtil, DEFAULT)", "Stmt(IF, 57, com.facebook.ads.utils.ServerSideApiUtil, DEFAULT)", "Decision(true, IF, 25, com.facebook.ads.utils.ServerSideApiUtil)", "Stmt(IF, 16, com.facebook.ads.utils.ServerSideApiUtil, DEFAULT)", "Stmt(THROW, 82, com.facebook.ads.utils.ServerSideApiUtil, DEFAULT)", "Stmt(IF, 9, com.facebook.ads.utils.ServerSideApiUtil, DEFAULT)", "Stmt(IF, 75, com.facebook.ads.utils.ServerSideApiUtil, DEFAULT)", "Stmt(RETURN, 100, com.facebook.ads.utils.ServerSideApiUtil, DEFAULT)", "Stmt(RETURN, 100, com.facebook.ads.utils.ServerSideApiUtil, NON_DEFAULT)", "Stmt(IF, 67, com.facebook.ads.utils.ServerSideApiUtil, DEFAULT)", "Stmt(THROW, 58, com.facebook.ads.utils.ServerSideApiUtil, DEFAULT)", "Stmt(EXPRESSION, 25, com.facebook.ads.utils.ServerSideApiUtil, DEFAULT)", "Decision(true, IF, 24, com.facebook.ads.utils.ServerSideApiUtil)", "Stmt(IF, 17, com.facebook.ads.utils.ServerSideApiUtil, DEFAULT)", "Stmt(EXPRESSION, 83, com.facebook.ads.utils.ServerSideApiUtil, DEFAULT)" ],
  "totalEffectualCount" : 87,
  "totalCoverageGap" : 2,
  "totalElementCount" : 149,
  "totalCoveredCount" : 89
}