{
  "fileName" : "src/main/java/org/brunocvcunha/inutils4j/reflection/MyReflectionUtils.java",
  "packageName" : "org.brunocvcunha.inutils4j.reflection",
  "className" : "MyReflectionUtils",
  "coverageElementPositions" : {
    "Decision(true, IF, 0, org.brunocvcunha.inutils4j.reflection.MyReflectionUtils)" : {
      "startLine" : 81,
      "endLine" : 81,
      "startCol" : 11,
      "endCol" : 23
    },
    "Decision(true, IF, 1, org.brunocvcunha.inutils4j.reflection.MyReflectionUtils)" : {
      "startLine" : 93,
      "endLine" : 93,
      "startCol" : 15,
      "endCol" : 56
    },
    "Decision(true, IF, 2, org.brunocvcunha.inutils4j.reflection.MyReflectionUtils)" : {
      "startLine" : 101,
      "endLine" : 101,
      "startCol" : 11,
      "endCol" : 57
    },
    "Decision(true, IF, 3, org.brunocvcunha.inutils4j.reflection.MyReflectionUtils)" : {
      "startLine" : 124,
      "endLine" : 124,
      "startCol" : 9,
      "endCol" : 26
    },
    "Decision(true, LOOP, 4, org.brunocvcunha.inutils4j.reflection.MyReflectionUtils)" : {
      "startLine" : 127,
      "endLine" : 127,
      "startCol" : 14,
      "endCol" : 60
    },
    "Stmt(RETURN, 0, org.brunocvcunha.inutils4j.reflection.MyReflectionUtils, DEFAULT)" : {
      "startLine" : 53,
      "endLine" : 53,
      "startCol" : 5,
      "endCol" : 90
    },
    "Stmt(RETURN, 0, org.brunocvcunha.inutils4j.reflection.MyReflectionUtils, NON_DEFAULT)" : {
      "startLine" : 53,
      "endLine" : 53,
      "startCol" : 5,
      "endCol" : 90
    },
    "Stmt(EXPRESSION, 1, org.brunocvcunha.inutils4j.reflection.MyReflectionUtils, DEFAULT)" : {
      "startLine" : 74,
      "endLine" : 74,
      "startCol" : 5,
      "endCol" : 67
    },
    "Stmt(FOR_EACH, 2, org.brunocvcunha.inutils4j.reflection.MyReflectionUtils, DEFAULT)" : {
      "startLine" : 78,
      "endLine" : 109,
      "startCol" : 5,
      "endCol" : 5
    },
    "Stmt(IF, 3, org.brunocvcunha.inutils4j.reflection.MyReflectionUtils, DEFAULT)" : {
      "startLine" : 81,
      "endLine" : 84,
      "startCol" : 7,
      "endCol" : 7
    },
    "Stmt(EXPRESSION, 4, org.brunocvcunha.inutils4j.reflection.MyReflectionUtils, DEFAULT)" : {
      "startLine" : 82,
      "endLine" : 82,
      "startCol" : 9,
      "endCol" : 76
    },
    "Stmt(CONTINUE, 5, org.brunocvcunha.inutils4j.reflection.MyReflectionUtils, DEFAULT)" : {
      "startLine" : 83,
      "endLine" : 83,
      "startCol" : 9,
      "endCol" : 17
    },
    "Stmt(EXPRESSION, 6, org.brunocvcunha.inutils4j.reflection.MyReflectionUtils, DEFAULT)" : {
      "startLine" : 86,
      "endLine" : 87,
      "startCol" : 7,
      "endCol" : 97
    },
    "Stmt(FOR_EACH, 7, org.brunocvcunha.inutils4j.reflection.MyReflectionUtils, DEFAULT)" : {
      "startLine" : 92,
      "endLine" : 97,
      "startCol" : 7,
      "endCol" : 7
    },
    "Stmt(IF, 8, org.brunocvcunha.inutils4j.reflection.MyReflectionUtils, DEFAULT)" : {
      "startLine" : 93,
      "endLine" : 96,
      "startCol" : 11,
      "endCol" : 11
    },
    "Stmt(EXPRESSION, 9, org.brunocvcunha.inutils4j.reflection.MyReflectionUtils, DEFAULT)" : {
      "startLine" : 94,
      "endLine" : 94,
      "startCol" : 15,
      "endCol" : 43
    },
    "Stmt(BREAK, 10, org.brunocvcunha.inutils4j.reflection.MyReflectionUtils, DEFAULT)" : {
      "startLine" : 95,
      "endLine" : 95,
      "startCol" : 15,
      "endCol" : 20
    },
    "Stmt(IF, 11, org.brunocvcunha.inutils4j.reflection.MyReflectionUtils, DEFAULT)" : {
      "startLine" : 101,
      "endLine" : 108,
      "startCol" : 7,
      "endCol" : 7
    },
    "Stmt(EXPRESSION, 12, org.brunocvcunha.inutils4j.reflection.MyReflectionUtils, DEFAULT)" : {
      "startLine" : 106,
      "endLine" : 106,
      "startCol" : 9,
      "endCol" : 42
    },
    "Stmt(VARIABLE_DECLARATION, 13, org.brunocvcunha.inutils4j.reflection.MyReflectionUtils, DEFAULT)" : {
      "startLine" : 105,
      "endLine" : 105,
      "startCol" : 16,
      "endCol" : 98
    },
    "Stmt(EXPRESSION, 14, org.brunocvcunha.inutils4j.reflection.MyReflectionUtils, DEFAULT)" : {
      "startLine" : 102,
      "endLine" : 102,
      "startCol" : 9,
      "endCol" : 39
    },
    "Stmt(VARIABLE_DECLARATION, 15, org.brunocvcunha.inutils4j.reflection.MyReflectionUtils, DEFAULT)" : {
      "startLine" : 79,
      "endLine" : 79,
      "startCol" : 14,
      "endCol" : 36
    },
    "Stmt(VARIABLE_DECLARATION, 16, org.brunocvcunha.inutils4j.reflection.MyReflectionUtils, DEFAULT)" : {
      "startLine" : 89,
      "endLine" : 89,
      "startCol" : 14,
      "endCol" : 26
    },
    "Stmt(VARIABLE_DECLARATION, 17, org.brunocvcunha.inutils4j.reflection.MyReflectionUtils, DEFAULT)" : {
      "startLine" : 90,
      "endLine" : 90,
      "startCol" : 16,
      "endCol" : 57
    },
    "Stmt(VARIABLE_DECLARATION, 18, org.brunocvcunha.inutils4j.reflection.MyReflectionUtils, DEFAULT)" : {
      "startLine" : 91,
      "endLine" : 91,
      "startCol" : 28,
      "endCol" : 82
    },
    "Stmt(VARIABLE_DECLARATION, 19, org.brunocvcunha.inutils4j.reflection.MyReflectionUtils, DEFAULT)" : {
      "startLine" : 99,
      "endLine" : 99,
      "startCol" : 16,
      "endCol" : 59
    },
    "Stmt(RETURN, 20, org.brunocvcunha.inutils4j.reflection.MyReflectionUtils, DEFAULT)" : {
      "startLine" : 111,
      "endLine" : 111,
      "startCol" : 5,
      "endCol" : 20
    },
    "Stmt(RETURN, 20, org.brunocvcunha.inutils4j.reflection.MyReflectionUtils, NON_DEFAULT)" : {
      "startLine" : 111,
      "endLine" : 111,
      "startCol" : 5,
      "endCol" : 20
    },
    "Stmt(VARIABLE_DECLARATION, 21, org.brunocvcunha.inutils4j.reflection.MyReflectionUtils, DEFAULT)" : {
      "startLine" : 76,
      "endLine" : 76,
      "startCol" : 7,
      "endCol" : 36
    },
    "Stmt(IF, 22, org.brunocvcunha.inutils4j.reflection.MyReflectionUtils, DEFAULT)" : {
      "startLine" : 124,
      "endLine" : 131,
      "startCol" : 5,
      "endCol" : 5
    },
    "Stmt(WHILE, 23, org.brunocvcunha.inutils4j.reflection.MyReflectionUtils, DEFAULT)" : {
      "startLine" : 127,
      "endLine" : 130,
      "startCol" : 7,
      "endCol" : 7
    },
    "Stmt(EXPRESSION, 24, org.brunocvcunha.inutils4j.reflection.MyReflectionUtils, DEFAULT)" : {
      "startLine" : 128,
      "endLine" : 128,
      "startCol" : 9,
      "endCol" : 62
    },
    "Stmt(EXPRESSION, 25, org.brunocvcunha.inutils4j.reflection.MyReflectionUtils, DEFAULT)" : {
      "startLine" : 129,
      "endLine" : 129,
      "startCol" : 9,
      "endCol" : 62
    },
    "Stmt(VARIABLE_DECLARATION, 26, org.brunocvcunha.inutils4j.reflection.MyReflectionUtils, DEFAULT)" : {
      "startLine" : 126,
      "endLine" : 126,
      "startCol" : 16,
      "endCol" : 61
    },
    "Stmt(RETURN, 27, org.brunocvcunha.inutils4j.reflection.MyReflectionUtils, DEFAULT)" : {
      "startLine" : 133,
      "endLine" : 133,
      "startCol" : 5,
      "endCol" : 22
    },
    "Stmt(RETURN, 27, org.brunocvcunha.inutils4j.reflection.MyReflectionUtils, NON_DEFAULT)" : {
      "startLine" : 133,
      "endLine" : 133,
      "startCol" : 5,
      "endCol" : 22
    },
    "Stmt(VARIABLE_DECLARATION, 28, org.brunocvcunha.inutils4j.reflection.MyReflectionUtils, DEFAULT)" : {
      "startLine" : 123,
      "endLine" : 123,
      "startCol" : 7,
      "endCol" : 48
    }
  }
}