{
  "testClassName" : "org.brunocvcunha.inutils4j.MyStringUtilsTest",
  "testMethodName" : "testCharCount",
  "testOutcomes" : [ "PASSED(0)", "PASSED(0)", "PASSED(0)" ],
  "coverageElementTestOutcomes" : {
    "Decision(true, LOOP, 105, org.brunocvcunha.inutils4j.MyStringUtils)" : [ "FAILED(0)" ],
    "Decision(false, LOOP, 105, org.brunocvcunha.inutils4j.MyStringUtils)" : [ "TIMED_OUT(200)" ],
    "Decision(true, IF, 106, org.brunocvcunha.inutils4j.MyStringUtils)" : [ "FAILED(0)" ],
    "Decision(false, IF, 106, org.brunocvcunha.inutils4j.MyStringUtils)" : [ "FAILED(0)" ],
    "Stmt(FOR, 914, org.brunocvcunha.inutils4j.MyStringUtils, DEFAULT)" : [ "FAILED(0)" ],
    "Stmt(FOR, 914, org.brunocvcunha.inutils4j.MyStringUtils, NON_DEFAULT)" : [ "FAILED(0)" ],
    "Stmt(IF, 915, org.brunocvcunha.inutils4j.MyStringUtils, DEFAULT)" : [ "FAILED(0)" ],
    "Stmt(IF, 915, org.brunocvcunha.inutils4j.MyStringUtils, NON_DEFAULT)" : [ "FAILED(1)" ],
    "Stmt(EXPRESSION, 916, org.brunocvcunha.inutils4j.MyStringUtils, DEFAULT)" : [ "FAILED(1)" ],
    "Stmt(EXPRESSION, 916, org.brunocvcunha.inutils4j.MyStringUtils, NON_DEFAULT)" : [ "FAILED(0)" ],
    "Stmt(RETURN, 917, org.brunocvcunha.inutils4j.MyStringUtils, DEFAULT)" : [ "FAILED(0)" ],
    "Stmt(RETURN, 917, org.brunocvcunha.inutils4j.MyStringUtils, NON_DEFAULT)" : [ "FAILED(0)" ],
    "Stmt(VARIABLE_DECLARATION, 918, org.brunocvcunha.inutils4j.MyStringUtils, DEFAULT)" : [ "FAILED(0)" ],
    "Stmt(VARIABLE_DECLARATION, 918, org.brunocvcunha.inutils4j.MyStringUtils, NON_DEFAULT)" : [ "FAILED(0)" ]
  },
  "timeTaken" : 218
}