{
  "testClassName" : "org.brunocvcunha.inutils4j.MyStringUtilsTest",
  "testMethodName" : "testCollections3",
  "testOutcomes" : [ "PASSED(1)", "PASSED(1)", "PASSED(0)" ],
  "coverageElementTestOutcomes" : {
    "Stmt(EXPRESSION, 413, org.brunocvcunha.inutils4j.MyStringUtils, DEFAULT)" : [ "THREW_EXCEPTION(0, org.junit.ComparisonFailure: expected:<Candido[\r]> but was:<Candido[]> <org.junit.Assert.assertEquals(Assert.java:117)>)" ],
    "Stmt(EXPRESSION, 413, org.brunocvcunha.inutils4j.MyStringUtils, NON_DEFAULT)" : [ "THREW_EXCEPTION(0, org.junit.ComparisonFailure: expected:<Candido[\r]> but was:<Candido[]> <org.junit.Assert.assertEquals(Assert.java:117)>)" ],
    "Stmt(EXPRESSION, 414, org.brunocvcunha.inutils4j.MyStringUtils, DEFAULT)" : [ "THREW_EXCEPTION(0, org.junit.ComparisonFailure: expected:<Bruno[\nCandido\nVolpato\nda\nCunha]> but was:<Bruno[]> <org.junit.Assert.assertEquals(Assert.java:117)>)" ],
    "Stmt(EXPRESSION, 414, org.brunocvcunha.inutils4j.MyStringUtils, NON_DEFAULT)" : [ "THREW_EXCEPTION(0, org.junit.ComparisonFailure: expected:<Bruno[\nCandido\nVolpato\nda\nCunha]> but was:<Bruno[]> <org.junit.Assert.assertEquals(Assert.java:117)>)" ],
    "Stmt(FOR_EACH, 415, org.brunocvcunha.inutils4j.MyStringUtils, DEFAULT)" : [ "THREW_EXCEPTION(0, java.lang.IndexOutOfBoundsException: Index 0 out of bounds for length 0 <java.base/jdk.internal.util.Preconditions.outOfBounds(Preconditions.java:64)>)" ],
    "Stmt(FOR_EACH, 415, org.brunocvcunha.inutils4j.MyStringUtils, NON_DEFAULT)" : [ "THREW_EXCEPTION(1, java.lang.IndexOutOfBoundsException: Index 0 out of bounds for length 0 <java.base/jdk.internal.util.Preconditions.outOfBounds(Preconditions.java:64)>)" ],
    "Stmt(EXPRESSION, 416, org.brunocvcunha.inutils4j.MyStringUtils, DEFAULT)" : [ "THREW_EXCEPTION(0, java.lang.IndexOutOfBoundsException: Index 0 out of bounds for length 0 <java.base/jdk.internal.util.Preconditions.outOfBounds(Preconditions.java:64)>)" ],
    "Stmt(EXPRESSION, 416, org.brunocvcunha.inutils4j.MyStringUtils, NON_DEFAULT)" : [ "THREW_EXCEPTION(1, java.lang.IndexOutOfBoundsException: Index 0 out of bounds for length 0 <java.base/jdk.internal.util.Preconditions.outOfBounds(Preconditions.java:64)>)" ],
    "Stmt(RETURN, 417, org.brunocvcunha.inutils4j.MyStringUtils, DEFAULT)" : [ "THREW_EXCEPTION(1, java.lang.NullPointerException: Cannot invoke \"java.util.List.get(int)\" because \"list\" is null <org.brunocvcunha.inutils4j.MyStringUtilsTest.testCollections3(MyStringUtilsTest.java:280)>)" ],
    "Stmt(RETURN, 417, org.brunocvcunha.inutils4j.MyStringUtils, NON_DEFAULT)" : [ "THREW_EXCEPTION(0, java.lang.IndexOutOfBoundsException: Index 0 out of bounds for length 0 <java.base/jdk.internal.util.Preconditions.outOfBounds(Preconditions.java:64)>)" ],
    "Stmt(VARIABLE_DECLARATION, 418, org.brunocvcunha.inutils4j.MyStringUtils, DEFAULT)" : [ "THREW_EXCEPTION(0, java.lang.NullPointerException: Cannot invoke \"java.util.List.add(Object)\" because \"retorno\" is null <org.brunocvcunha.inutils4j.MyStringUtils.asListLines(MyStringUtils.java:1535)>)" ],
    "Stmt(VARIABLE_DECLARATION, 418, org.brunocvcunha.inutils4j.MyStringUtils, NON_DEFAULT)" : [ "THREW_EXCEPTION(0, java.lang.NullPointerException: Cannot invoke \"java.util.List.add(Object)\" because \"retorno\" is null <org.brunocvcunha.inutils4j.MyStringUtils.asListLines(MyStringUtils.java:1535)>)" ]
  },
  "timeTaken" : 10
}