{
  "testClassName" : "com.amihaiemil.eoyaml.ReadYamlStreamTest",
  "testMethodName" : "shouldPrintTheFirstNodeOrDocumentCommentOnce",
  "testOutcomes" : [ "PASSED(38)", "PASSED(5)", "PASSED(4)" ],
  "coverageElementTestOutcomes" : {
    "Decision(true, IF, 0, com.amihaiemil.eoyaml.ReadYamlStream)" : [ "FAILED(1)" ],
    "Decision(true, IF, 1, com.amihaiemil.eoyaml.ReadYamlStream)" : [ "FAILED(1)" ],
    "Decision(false, IF, 1, com.amihaiemil.eoyaml.ReadYamlStream)" : [ "FAILED(4)" ],
    "Decision(true, IF, 2, com.amihaiemil.eoyaml.ReadYamlStream)" : [ "FAILED(1)" ],
    "Decision(false, IF, 2, com.amihaiemil.eoyaml.ReadYamlStream)" : [ "FAILED(1)" ],
    "Stmt(LAMBDA, 0, com.amihaiemil.eoyaml.ReadYamlStream, DEFAULT)" : [ "THREW_EXCEPTION(1, java.lang.NullPointerException: Cannot invoke \"com.amihaiemil.eoyaml.YamlLines.iterator()\" because \"this.startMarkers\" is null <com.amihaiemil.eoyaml.ReadYamlStream.values(ReadYamlStream.java:69)>)" ],
    "Stmt(LAMBDA, 0, com.amihaiemil.eoyaml.ReadYamlStream, NON_DEFAULT)" : [ "THREW_EXCEPTION(0, java.lang.NullPointerException: Cannot invoke \"com.amihaiemil.eoyaml.YamlLines.iterator()\" because \"this.startMarkers\" is null <com.amihaiemil.eoyaml.ReadYamlStream.values(ReadYamlStream.java:69)>)" ],
    "Stmt(LAMBDA, 1, com.amihaiemil.eoyaml.ReadYamlStream, DEFAULT)" : [ "THREW_EXCEPTION(0, java.lang.NullPointerException: Cannot invoke \"com.amihaiemil.eoyaml.YamlLines.iterator()\" because \"this.yamlLines\" is null <com.amihaiemil.eoyaml.Skip.iterator(Skip.java:67)>)" ],
    "Stmt(LAMBDA, 1, com.amihaiemil.eoyaml.ReadYamlStream, NON_DEFAULT)" : [ "THREW_EXCEPTION(1, java.lang.NullPointerException: Cannot invoke \"com.amihaiemil.eoyaml.YamlLines.iterator()\" because \"this.yamlLines\" is null <com.amihaiemil.eoyaml.Skip.iterator(Skip.java:67)>)" ],
    "Stmt(FOR_EACH, 2, com.amihaiemil.eoyaml.ReadYamlStream, DEFAULT)" : [ "FAILED(0)" ],
    "Stmt(FOR_EACH, 2, com.amihaiemil.eoyaml.ReadYamlStream, NON_DEFAULT)" : [ "FAILED(1)" ],
    "Stmt(IF, 3, com.amihaiemil.eoyaml.ReadYamlStream, DEFAULT)" : [ "FAILED(0)" ],
    "Stmt(IF, 3, com.amihaiemil.eoyaml.ReadYamlStream, NON_DEFAULT)" : [ "FAILED(1)" ],
    "Stmt(EXPRESSION, 4, com.amihaiemil.eoyaml.ReadYamlStream, DEFAULT)" : [ "FAILED(1)" ],
    "Stmt(EXPRESSION, 4, com.amihaiemil.eoyaml.ReadYamlStream, NON_DEFAULT)" : [ "FAILED(2)" ],
    "Stmt(RETURN, 5, com.amihaiemil.eoyaml.ReadYamlStream, DEFAULT)" : [ "THREW_EXCEPTION(1, java.lang.NullPointerException: Cannot invoke \"java.util.Collection.stream()\" because the return value of \"com.amihaiemil.eoyaml.YamlStream.values()\" is null <com.amihaiemil.eoyaml.YamlStream.collect(YamlStream.java:193)>)" ],
    "Stmt(RETURN, 5, com.amihaiemil.eoyaml.ReadYamlStream, NON_DEFAULT)" : [ "FAILED(1)" ],
    "Stmt(FOR_EACH, 6, com.amihaiemil.eoyaml.ReadYamlStream, DEFAULT)" : [ "FAILED(1)" ],
    "Stmt(FOR_EACH, 6, com.amihaiemil.eoyaml.ReadYamlStream, NON_DEFAULT)" : [ "FAILED(2)" ],
    "Stmt(EXPRESSION, 7, com.amihaiemil.eoyaml.ReadYamlStream, DEFAULT)" : [ "FAILED(2)" ],
    "Stmt(EXPRESSION, 7, com.amihaiemil.eoyaml.ReadYamlStream, NON_DEFAULT)" : [ "FAILED(2)" ],
    "Stmt(FOR_EACH, 8, com.amihaiemil.eoyaml.ReadYamlStream, DEFAULT)" : [ "FAILED(0)" ],
    "Stmt(FOR_EACH, 8, com.amihaiemil.eoyaml.ReadYamlStream, NON_DEFAULT)" : [ "FAILED(0)" ],
    "Stmt(IF, 9, com.amihaiemil.eoyaml.ReadYamlStream, DEFAULT)" : [ "FAILED(1)" ],
    "Stmt(IF, 9, com.amihaiemil.eoyaml.ReadYamlStream, NON_DEFAULT)" : [ "FAILED(1)" ],
    "Stmt(IF, 10, com.amihaiemil.eoyaml.ReadYamlStream, DEFAULT)" : [ "FAILED(1)" ],
    "Stmt(IF, 10, com.amihaiemil.eoyaml.ReadYamlStream, NON_DEFAULT)" : [ "FAILED(1)" ],
    "Stmt(EXPRESSION, 11, com.amihaiemil.eoyaml.ReadYamlStream, DEFAULT)" : [ "FAILED(1)" ],
    "Stmt(EXPRESSION, 11, com.amihaiemil.eoyaml.ReadYamlStream, NON_DEFAULT)" : [ "FAILED(1)" ],
    "Stmt(BREAK, 12, com.amihaiemil.eoyaml.ReadYamlStream, DEFAULT)" : [ "FAILED(1)" ],
    "Stmt(BREAK, 12, com.amihaiemil.eoyaml.ReadYamlStream, NON_DEFAULT)" : [ "FAILED(1)" ],
    "Stmt(RETURN, 13, com.amihaiemil.eoyaml.ReadYamlStream, DEFAULT)" : [ "FAILED(1)" ],
    "Stmt(RETURN, 13, com.amihaiemil.eoyaml.ReadYamlStream, NON_DEFAULT)" : [ "FAILED(1)" ]
  },
  "timeTaken" : 200
}