{
  "testClassName" : "com.amihaiemil.eoyaml.ReadYamlStreamTest",
  "testMethodName" : "worksWithEmptyStream",
  "testOutcomes" : [ "PASSED(0)", "PASSED(0)", "PASSED(0)" ],
  "coverageElementTestOutcomes" : {
    "Decision(false, IF, 0, com.amihaiemil.eoyaml.ReadYamlStream)" : [ "THREW_EXCEPTION(0, com.amihaiemil.eoyaml.exceptions.YamlReadingException: Could not parse YAML starting at line 0 . It should be a sequence (line should start with '-'), a mapping (line should contain ':') or it should be a plain scalar, but it has 0 lines, while a plain scalar should be only 1 line! <com.amihaiemil.eoyaml.AllYamlLines.mappingSequenceOrPlainScalar(AllYamlLines.java:181)>)" ],
    "Decision(true, IF, 1, com.amihaiemil.eoyaml.ReadYamlStream)" : [ "PASSED(0)", "PASSED(1)", "PASSED(1)" ],
    "Decision(false, IF, 1, com.amihaiemil.eoyaml.ReadYamlStream)" : [ "PASSED(1)", "PASSED(0)", "PASSED(1)" ],
    "Decision(true, IF, 2, com.amihaiemil.eoyaml.ReadYamlStream)" : [ "PASSED(0)", "PASSED(0)", "PASSED(0)" ],
    "Stmt(LAMBDA, 0, com.amihaiemil.eoyaml.ReadYamlStream, DEFAULT)" : [ "THREW_EXCEPTION(0, java.lang.NullPointerException: Cannot invoke \"com.amihaiemil.eoyaml.YamlLines.iterator()\" because \"this.startMarkers\" is null <com.amihaiemil.eoyaml.ReadYamlStream.values(ReadYamlStream.java:69)>)" ],
    "Stmt(LAMBDA, 0, com.amihaiemil.eoyaml.ReadYamlStream, NON_DEFAULT)" : [ "THREW_EXCEPTION(0, java.lang.NullPointerException: Cannot invoke \"com.amihaiemil.eoyaml.YamlLines.iterator()\" because \"this.startMarkers\" is null <com.amihaiemil.eoyaml.ReadYamlStream.values(ReadYamlStream.java:69)>)" ],
    "Stmt(LAMBDA, 1, com.amihaiemil.eoyaml.ReadYamlStream, DEFAULT)" : [ "THREW_EXCEPTION(1, java.lang.NullPointerException: Cannot invoke \"com.amihaiemil.eoyaml.YamlLines.iterator()\" because \"this.yamlLines\" is null <com.amihaiemil.eoyaml.Skip.iterator(Skip.java:67)>)" ],
    "Stmt(LAMBDA, 1, com.amihaiemil.eoyaml.ReadYamlStream, NON_DEFAULT)" : [ "THREW_EXCEPTION(1, java.lang.NullPointerException: Cannot invoke \"com.amihaiemil.eoyaml.YamlLines.iterator()\" because \"this.yamlLines\" is null <com.amihaiemil.eoyaml.Skip.iterator(Skip.java:67)>)" ],
    "Stmt(FOR_EACH, 2, com.amihaiemil.eoyaml.ReadYamlStream, DEFAULT)" : [ "PASSED(1)", "PASSED(0)", "PASSED(1)" ],
    "Stmt(FOR_EACH, 2, com.amihaiemil.eoyaml.ReadYamlStream, NON_DEFAULT)" : [ "PASSED(1)", "PASSED(1)", "PASSED(0)" ],
    "Stmt(IF, 3, com.amihaiemil.eoyaml.ReadYamlStream, DEFAULT)" : [ "PASSED(0)", "PASSED(0)", "PASSED(0)" ],
    "Stmt(IF, 3, com.amihaiemil.eoyaml.ReadYamlStream, NON_DEFAULT)" : [ "PASSED(0)", "PASSED(0)", "PASSED(0)" ],
    "Stmt(RETURN, 5, com.amihaiemil.eoyaml.ReadYamlStream, DEFAULT)" : [ "FAILED(0)" ],
    "Stmt(RETURN, 5, com.amihaiemil.eoyaml.ReadYamlStream, NON_DEFAULT)" : [ "PASSED(0)", "PASSED(0)", "PASSED(0)" ],
    "Stmt(FOR_EACH, 6, com.amihaiemil.eoyaml.ReadYamlStream, DEFAULT)" : [ "PASSED(0)", "PASSED(0)", "PASSED(0)" ],
    "Stmt(FOR_EACH, 6, com.amihaiemil.eoyaml.ReadYamlStream, NON_DEFAULT)" : [ "PASSED(0)", "PASSED(0)", "PASSED(0)" ],
    "Stmt(FOR_EACH, 8, com.amihaiemil.eoyaml.ReadYamlStream, DEFAULT)" : [ "PASSED(0)", "PASSED(0)", "PASSED(0)" ],
    "Stmt(FOR_EACH, 8, com.amihaiemil.eoyaml.ReadYamlStream, NON_DEFAULT)" : [ "PASSED(0)", "PASSED(1)", "PASSED(0)" ],
    "Stmt(IF, 9, com.amihaiemil.eoyaml.ReadYamlStream, DEFAULT)" : [ "PASSED(1)", "PASSED(0)", "PASSED(1)" ],
    "Stmt(IF, 9, com.amihaiemil.eoyaml.ReadYamlStream, NON_DEFAULT)" : [ "PASSED(1)", "PASSED(0)", "PASSED(1)" ],
    "Stmt(IF, 10, com.amihaiemil.eoyaml.ReadYamlStream, DEFAULT)" : [ "PASSED(1)", "PASSED(0)", "PASSED(0)" ],
    "Stmt(IF, 10, com.amihaiemil.eoyaml.ReadYamlStream, NON_DEFAULT)" : [ "PASSED(1)", "PASSED(0)", "PASSED(0)" ],
    "Stmt(BREAK, 12, com.amihaiemil.eoyaml.ReadYamlStream, DEFAULT)" : [ "PASSED(0)", "PASSED(0)", "PASSED(0)" ],
    "Stmt(BREAK, 12, com.amihaiemil.eoyaml.ReadYamlStream, NON_DEFAULT)" : [ "PASSED(0)", "PASSED(0)", "PASSED(0)" ],
    "Stmt(RETURN, 13, com.amihaiemil.eoyaml.ReadYamlStream, DEFAULT)" : [ "PASSED(0)", "PASSED(0)", "PASSED(0)" ],
    "Stmt(RETURN, 13, com.amihaiemil.eoyaml.ReadYamlStream, NON_DEFAULT)" : [ "PASSED(0)", "PASSED(1)", "PASSED(0)" ]
  },
  "timeTaken" : 82
}