{
  "testClassName" : "com.facebook.ads.utils.ServerSideApiUtilTest",
  "testMethodName" : "NormalizeDobyWhenInvalidThrowsException2",
  "testOutcomes" : [ "PASSED(1)", "PASSED(0)", "PASSED(0)" ],
  "coverageElementTestOutcomes" : {
    "Decision(false, IF, 0, com.facebook.ads.utils.ServerSideApiUtil)" : [ "FAILED(0)" ],
    "Decision(false, IF, 1, com.facebook.ads.utils.ServerSideApiUtil)" : [ "FAILED(0)" ],
    "Decision(false, IF, 2, com.facebook.ads.utils.ServerSideApiUtil)" : [ "FAILED(0)" ],
    "Decision(false, IF, 3, com.facebook.ads.utils.ServerSideApiUtil)" : [ "FAILED(0)" ],
    "Decision(false, IF, 4, com.facebook.ads.utils.ServerSideApiUtil)" : [ "FAILED(0)" ],
    "Decision(false, IF, 5, com.facebook.ads.utils.ServerSideApiUtil)" : [ "FAILED(0)" ],
    "Decision(false, IF, 6, com.facebook.ads.utils.ServerSideApiUtil)" : [ "FAILED(0)" ],
    "Decision(false, IF, 7, com.facebook.ads.utils.ServerSideApiUtil)" : [ "FAILED(0)" ],
    "Decision(false, IF, 8, com.facebook.ads.utils.ServerSideApiUtil)" : [ "FAILED(0)" ],
    "Decision(false, IF, 9, com.facebook.ads.utils.ServerSideApiUtil)" : [ "FAILED(0)" ],
    "Decision(false, IF, 10, com.facebook.ads.utils.ServerSideApiUtil)" : [ "FAILED(0)" ],
    "Decision(false, IF, 11, com.facebook.ads.utils.ServerSideApiUtil)" : [ "FAILED(0)" ],
    "Decision(false, IF, 12, com.facebook.ads.utils.ServerSideApiUtil)" : [ "FAILED(0)" ],
    "Decision(false, IF, 13, com.facebook.ads.utils.ServerSideApiUtil)" : [ "FAILED(0)" ],
    "Decision(true, IF, 14, com.facebook.ads.utils.ServerSideApiUtil)" : [ "FAILED(0)" ],
    "Decision(true, IF, 26, com.facebook.ads.utils.ServerSideApiUtil)" : [ "FAILED(0)" ],
    "Stmt(IF, 4, com.facebook.ads.utils.ServerSideApiUtil, DEFAULT)" : [ "FAILED(0)" ],
    "Stmt(IF, 4, com.facebook.ads.utils.ServerSideApiUtil, NON_DEFAULT)" : [ "FAILED(0)" ],
    "Stmt(EXPRESSION, 6, com.facebook.ads.utils.ServerSideApiUtil, DEFAULT)" : [ "FAILED(0)" ],
    "Stmt(EXPRESSION, 6, com.facebook.ads.utils.ServerSideApiUtil, NON_DEFAULT)" : [ "FAILED(1)" ],
    "Stmt(IF, 7, com.facebook.ads.utils.ServerSideApiUtil, DEFAULT)" : [ "FAILED(0)" ],
    "Stmt(IF, 7, com.facebook.ads.utils.ServerSideApiUtil, NON_DEFAULT)" : [ "FAILED(0)" ],
    "Stmt(IF, 9, com.facebook.ads.utils.ServerSideApiUtil, DEFAULT)" : [ "FAILED(0)" ],
    "Stmt(IF, 9, com.facebook.ads.utils.ServerSideApiUtil, NON_DEFAULT)" : [ "FAILED(0)" ],
    "Stmt(IF, 10, com.facebook.ads.utils.ServerSideApiUtil, DEFAULT)" : [ "FAILED(0)" ],
    "Stmt(IF, 10, com.facebook.ads.utils.ServerSideApiUtil, NON_DEFAULT)" : [ "FAILED(0)" ],
    "Stmt(IF, 11, com.facebook.ads.utils.ServerSideApiUtil, DEFAULT)" : [ "FAILED(0)" ],
    "Stmt(IF, 11, com.facebook.ads.utils.ServerSideApiUtil, NON_DEFAULT)" : [ "FAILED(1)" ],
    "Stmt(IF, 12, com.facebook.ads.utils.ServerSideApiUtil, DEFAULT)" : [ "FAILED(0)" ],
    "Stmt(IF, 12, com.facebook.ads.utils.ServerSideApiUtil, NON_DEFAULT)" : [ "FAILED(0)" ],
    "Stmt(IF, 13, com.facebook.ads.utils.ServerSideApiUtil, DEFAULT)" : [ "FAILED(0)" ],
    "Stmt(IF, 13, com.facebook.ads.utils.ServerSideApiUtil, NON_DEFAULT)" : [ "FAILED(0)" ],
    "Stmt(IF, 14, com.facebook.ads.utils.ServerSideApiUtil, DEFAULT)" : [ "FAILED(0)" ],
    "Stmt(IF, 14, com.facebook.ads.utils.ServerSideApiUtil, NON_DEFAULT)" : [ "FAILED(0)" ],
    "Stmt(IF, 15, com.facebook.ads.utils.ServerSideApiUtil, DEFAULT)" : [ "FAILED(0)" ],
    "Stmt(IF, 15, com.facebook.ads.utils.ServerSideApiUtil, NON_DEFAULT)" : [ "FAILED(0)" ],
    "Stmt(IF, 16, com.facebook.ads.utils.ServerSideApiUtil, DEFAULT)" : [ "FAILED(0)" ],
    "Stmt(IF, 16, com.facebook.ads.utils.ServerSideApiUtil, NON_DEFAULT)" : [ "FAILED(0)" ],
    "Stmt(IF, 17, com.facebook.ads.utils.ServerSideApiUtil, DEFAULT)" : [ "FAILED(0)" ],
    "Stmt(IF, 17, com.facebook.ads.utils.ServerSideApiUtil, NON_DEFAULT)" : [ "FAILED(0)" ],
    "Stmt(IF, 18, com.facebook.ads.utils.ServerSideApiUtil, DEFAULT)" : [ "FAILED(0)" ],
    "Stmt(IF, 18, com.facebook.ads.utils.ServerSideApiUtil, NON_DEFAULT)" : [ "FAILED(0)" ],
    "Stmt(IF, 19, com.facebook.ads.utils.ServerSideApiUtil, DEFAULT)" : [ "FAILED(0)" ],
    "Stmt(IF, 19, com.facebook.ads.utils.ServerSideApiUtil, NON_DEFAULT)" : [ "FAILED(0)" ],
    "Stmt(IF, 20, com.facebook.ads.utils.ServerSideApiUtil, DEFAULT)" : [ "FAILED(0)" ],
    "Stmt(IF, 20, com.facebook.ads.utils.ServerSideApiUtil, NON_DEFAULT)" : [ "FAILED(0)" ],
    "Stmt(IF, 21, com.facebook.ads.utils.ServerSideApiUtil, DEFAULT)" : [ "FAILED(0)" ],
    "Stmt(IF, 21, com.facebook.ads.utils.ServerSideApiUtil, NON_DEFAULT)" : [ "FAILED(0)" ],
    "Stmt(EXPRESSION, 22, com.facebook.ads.utils.ServerSideApiUtil, DEFAULT)" : [ "FAILED(0)" ],
    "Stmt(EXPRESSION, 22, com.facebook.ads.utils.ServerSideApiUtil, NON_DEFAULT)" : [ "FAILED(0)" ],
    "Stmt(VARIABLE_DECLARATION, 36, com.facebook.ads.utils.ServerSideApiUtil, DEFAULT)" : [ "FAILED(0)" ],
    "Stmt(VARIABLE_DECLARATION, 36, com.facebook.ads.utils.ServerSideApiUtil, NON_DEFAULT)" : [ "FAILED(0)" ],
    "Stmt(IF, 88, com.facebook.ads.utils.ServerSideApiUtil, DEFAULT)" : [ "FAILED(0)" ],
    "Stmt(IF, 88, com.facebook.ads.utils.ServerSideApiUtil, NON_DEFAULT)" : [ "FAILED(0)" ],
    "Stmt(THROW, 89, com.facebook.ads.utils.ServerSideApiUtil, DEFAULT)" : [ "FAILED(0)" ],
    "Stmt(THROW, 89, com.facebook.ads.utils.ServerSideApiUtil, NON_DEFAULT)" : [ "FAILED(1)" ]
  },
  "timeTaken" : 25
}