{
  "testClassName" : "com.facebook.ads.utils.ServerSideApiUtilTest",
  "testMethodName" : "NormalizeHyphenPostalCodeThrowsIllegalArgumentException",
  "testOutcomes" : [ "PASSED(1)", "PASSED(0)", "PASSED(0)" ],
  "coverageElementTestOutcomes" : {
    "Decision(false, IF, 0, com.facebook.ads.utils.ServerSideApiUtil)" : [ "FAILED(0)" ],
    "Decision(false, IF, 1, com.facebook.ads.utils.ServerSideApiUtil)" : [ "FAILED(0)" ],
    "Decision(false, IF, 2, com.facebook.ads.utils.ServerSideApiUtil)" : [ "FAILED(0)" ],
    "Decision(false, IF, 3, com.facebook.ads.utils.ServerSideApiUtil)" : [ "FAILED(0)" ],
    "Decision(true, IF, 4, com.facebook.ads.utils.ServerSideApiUtil)" : [ "FAILED(0)" ],
    "Decision(true, IF, 19, com.facebook.ads.utils.ServerSideApiUtil)" : [ "FAILED(0)" ],
    "Stmt(IF, 4, com.facebook.ads.utils.ServerSideApiUtil, DEFAULT)" : [ "FAILED(0)" ],
    "Stmt(IF, 4, com.facebook.ads.utils.ServerSideApiUtil, NON_DEFAULT)" : [ "FAILED(1)" ],
    "Stmt(EXPRESSION, 6, com.facebook.ads.utils.ServerSideApiUtil, DEFAULT)" : [ "FAILED(0)" ],
    "Stmt(EXPRESSION, 6, com.facebook.ads.utils.ServerSideApiUtil, NON_DEFAULT)" : [ "FAILED(0)" ],
    "Stmt(IF, 7, com.facebook.ads.utils.ServerSideApiUtil, DEFAULT)" : [ "FAILED(0)" ],
    "Stmt(IF, 7, com.facebook.ads.utils.ServerSideApiUtil, NON_DEFAULT)" : [ "FAILED(0)" ],
    "Stmt(IF, 9, com.facebook.ads.utils.ServerSideApiUtil, DEFAULT)" : [ "FAILED(0)" ],
    "Stmt(IF, 9, com.facebook.ads.utils.ServerSideApiUtil, NON_DEFAULT)" : [ "FAILED(0)" ],
    "Stmt(IF, 10, com.facebook.ads.utils.ServerSideApiUtil, DEFAULT)" : [ "FAILED(0)" ],
    "Stmt(IF, 10, com.facebook.ads.utils.ServerSideApiUtil, NON_DEFAULT)" : [ "FAILED(0)" ],
    "Stmt(IF, 11, com.facebook.ads.utils.ServerSideApiUtil, DEFAULT)" : [ "FAILED(0)" ],
    "Stmt(IF, 11, com.facebook.ads.utils.ServerSideApiUtil, NON_DEFAULT)" : [ "FAILED(0)" ],
    "Stmt(EXPRESSION, 32, com.facebook.ads.utils.ServerSideApiUtil, DEFAULT)" : [ "FAILED(0)" ],
    "Stmt(EXPRESSION, 32, com.facebook.ads.utils.ServerSideApiUtil, NON_DEFAULT)" : [ "FAILED(0)" ],
    "Stmt(VARIABLE_DECLARATION, 36, com.facebook.ads.utils.ServerSideApiUtil, DEFAULT)" : [ "FAILED(0)" ],
    "Stmt(VARIABLE_DECLARATION, 36, com.facebook.ads.utils.ServerSideApiUtil, NON_DEFAULT)" : [ "FAILED(1)" ],
    "Stmt(EXPRESSION, 56, com.facebook.ads.utils.ServerSideApiUtil, DEFAULT)" : [ "FAILED(1)" ],
    "Stmt(EXPRESSION, 56, com.facebook.ads.utils.ServerSideApiUtil, NON_DEFAULT)" : [ "FAILED(0)" ],
    "Stmt(IF, 57, com.facebook.ads.utils.ServerSideApiUtil, DEFAULT)" : [ "FAILED(0)" ],
    "Stmt(IF, 57, com.facebook.ads.utils.ServerSideApiUtil, NON_DEFAULT)" : [ "FAILED(0)" ],
    "Stmt(THROW, 58, com.facebook.ads.utils.ServerSideApiUtil, DEFAULT)" : [ "FAILED(0)" ],
    "Stmt(THROW, 58, com.facebook.ads.utils.ServerSideApiUtil, NON_DEFAULT)" : [ "FAILED(0)" ],
    "Stmt(VARIABLE_DECLARATION, 63, com.facebook.ads.utils.ServerSideApiUtil, DEFAULT)" : [ "FAILED(0)" ],
    "Stmt(VARIABLE_DECLARATION, 63, com.facebook.ads.utils.ServerSideApiUtil, NON_DEFAULT)" : [ "FAILED(0)" ]
  },
  "timeTaken" : 21
}