{
  "testClassName" : "com.facebook.ads.sdk.serverside.CAPIGatewayEndpointTest",
  "testMethodName" : "BuildersAndGettersTest",
  "testOutcomes" : [ "PASSED(175)", "PASSED(1)", "PASSED(1)" ],
  "coverageElementTestOutcomes" : {
    "Stmt(EXPRESSION, 0, com.facebook.ads.sdk.serverside.CAPIGatewayEndpoint, DEFAULT)" : [ "PASSED(2)", "PASSED(1)", "PASSED(0)" ],
    "Stmt(EXPRESSION, 0, com.facebook.ads.sdk.serverside.CAPIGatewayEndpoint, NON_DEFAULT)" : [ "PASSED(1)", "PASSED(1)", "PASSED(0)" ],
    "Stmt(EXPRESSION, 1, com.facebook.ads.sdk.serverside.CAPIGatewayEndpoint, DEFAULT)" : [ "FAILED(2)" ],
    "Stmt(EXPRESSION, 1, com.facebook.ads.sdk.serverside.CAPIGatewayEndpoint, NON_DEFAULT)" : [ "FAILED(1)" ],
    "Stmt(EXPRESSION, 2, com.facebook.ads.sdk.serverside.CAPIGatewayEndpoint, DEFAULT)" : [ "PASSED(0)", "PASSED(0)", "PASSED(1)" ],
    "Stmt(EXPRESSION, 2, com.facebook.ads.sdk.serverside.CAPIGatewayEndpoint, NON_DEFAULT)" : [ "PASSED(1)", "PASSED(1)", "PASSED(0)" ],
    "Stmt(EXPRESSION, 3, com.facebook.ads.sdk.serverside.CAPIGatewayEndpoint, DEFAULT)" : [ "PASSED(0)", "PASSED(1)", "PASSED(0)" ],
    "Stmt(EXPRESSION, 3, com.facebook.ads.sdk.serverside.CAPIGatewayEndpoint, NON_DEFAULT)" : [ "PASSED(1)", "PASSED(2)", "PASSED(0)" ],
    "Stmt(EXPRESSION, 4, com.facebook.ads.sdk.serverside.CAPIGatewayEndpoint, DEFAULT)" : [ "PASSED(1)", "PASSED(1)", "PASSED(0)" ],
    "Stmt(EXPRESSION, 4, com.facebook.ads.sdk.serverside.CAPIGatewayEndpoint, NON_DEFAULT)" : [ "PASSED(1)", "PASSED(0)", "PASSED(1)" ],
    "Stmt(TRY, 5, com.facebook.ads.sdk.serverside.CAPIGatewayEndpoint, DEFAULT)" : [ "PASSED(0)", "PASSED(0)", "PASSED(0)" ],
    "Stmt(TRY, 5, com.facebook.ads.sdk.serverside.CAPIGatewayEndpoint, NON_DEFAULT)" : [ "PASSED(1)", "PASSED(1)", "PASSED(0)" ],
    "Stmt(EXPRESSION, 7, com.facebook.ads.sdk.serverside.CAPIGatewayEndpoint, DEFAULT)" : [ "PASSED(0)", "PASSED(0)", "PASSED(1)" ],
    "Stmt(EXPRESSION, 7, com.facebook.ads.sdk.serverside.CAPIGatewayEndpoint, NON_DEFAULT)" : [ "PASSED(0)", "PASSED(0)", "PASSED(0)" ],
    "Stmt(RETURN, 8, com.facebook.ads.sdk.serverside.CAPIGatewayEndpoint, DEFAULT)" : [ "FAILED(0)" ],
    "Stmt(RETURN, 8, com.facebook.ads.sdk.serverside.CAPIGatewayEndpoint, NON_DEFAULT)" : [ "FAILED(1)" ],
    "Stmt(EXPRESSION, 10, com.facebook.ads.sdk.serverside.CAPIGatewayEndpoint, DEFAULT)" : [ "FAILED(1)" ],
    "Stmt(EXPRESSION, 10, com.facebook.ads.sdk.serverside.CAPIGatewayEndpoint, NON_DEFAULT)" : [ "FAILED(1)" ],
    "Stmt(RETURN, 11, com.facebook.ads.sdk.serverside.CAPIGatewayEndpoint, DEFAULT)" : [ "THREW_EXCEPTION(1, org.junit.ComparisonFailure: expected:<[]> but was:<[https://example.com]> <org.junit.Assert.assertEquals(Assert.java:117)>)" ],
    "Stmt(RETURN, 11, com.facebook.ads.sdk.serverside.CAPIGatewayEndpoint, NON_DEFAULT)" : [ "THREW_EXCEPTION(1, org.junit.ComparisonFailure: expected:<[A]> but was:<[https://example.com]> <org.junit.Assert.assertEquals(Assert.java:117)>)" ]
  },
  "timeTaken" : 309
}