{
  "testClassName" : "com.amihaiemil.eoyaml.ReadYamlMappingTest",
  "testMethodName" : "returnsNullOnMisreadYamlMapping_SequenceWithSequenceKey",
  "testOutcomes" : [ "PASSED(0)", "PASSED(1)", "PASSED(0)" ],
  "coverageElementTestOutcomes" : {
    "Decision(false, IF, 10, com.amihaiemil.eoyaml.ReadYamlMapping)" : [ "THREW_EXCEPTION(0, java.lang.ClassCastException: class com.amihaiemil.eoyaml.RtYamlSequence cannot be cast to class com.amihaiemil.eoyaml.Scalar (com.amihaiemil.eoyaml.RtYamlSequence and com.amihaiemil.eoyaml.Scalar are in unnamed module of loader 'app') <com.amihaiemil.eoyaml.ReadYamlMapping.value(ReadYamlMapping.java:212)>)" ],
    "Decision(true, LOOP, 17, com.amihaiemil.eoyaml.ReadYamlMapping)" : [ "PASSED(0)", "PASSED(0)", "PASSED(0)" ],
    "Decision(true, IF, 18, com.amihaiemil.eoyaml.ReadYamlMapping)" : [ "PASSED(0)", "PASSED(0)", "PASSED(0)" ],
    "Decision(false, IF, 18, com.amihaiemil.eoyaml.ReadYamlMapping)" : [ "PASSED(0)", "PASSED(0)", "PASSED(0)" ],
    "Decision(true, IF, 19, com.amihaiemil.eoyaml.ReadYamlMapping)" : [ "PASSED(0)", "PASSED(0)", "PASSED(0)" ],
    "Decision(true, IF, 20, com.amihaiemil.eoyaml.ReadYamlMapping)" : [ "PASSED(0)", "PASSED(1)", "PASSED(0)" ],
    "Stmt(EXPRESSION, 0, com.amihaiemil.eoyaml.ReadYamlMapping, DEFAULT)" : [ "PASSED(0)", "PASSED(0)", "PASSED(0)" ],
    "Stmt(EXPRESSION, 0, com.amihaiemil.eoyaml.ReadYamlMapping, NON_DEFAULT)" : [ "PASSED(0)", "PASSED(0)", "PASSED(0)" ],
    "Stmt(EXPRESSION, 1, com.amihaiemil.eoyaml.ReadYamlMapping, DEFAULT)" : [ "PASSED(0)", "PASSED(1)", "PASSED(0)" ],
    "Stmt(EXPRESSION, 1, com.amihaiemil.eoyaml.ReadYamlMapping, NON_DEFAULT)" : [ "PASSED(0)", "PASSED(0)", "PASSED(0)" ],
    "Stmt(EXPRESSION, 2, com.amihaiemil.eoyaml.ReadYamlMapping, DEFAULT)" : [ "PASSED(0)", "PASSED(0)", "PASSED(0)" ],
    "Stmt(EXPRESSION, 2, com.amihaiemil.eoyaml.ReadYamlMapping, NON_DEFAULT)" : [ "PASSED(0)", "PASSED(0)", "PASSED(1)" ],
    "Stmt(LAMBDA, 3, com.amihaiemil.eoyaml.ReadYamlMapping, DEFAULT)" : [ "THREW_EXCEPTION(1, java.lang.NullPointerException: Cannot invoke \"com.amihaiemil.eoyaml.YamlLines.iterator()\" because \"this.significant\" is null <com.amihaiemil.eoyaml.ReadYamlMapping.valueOfNodeKey(ReadYamlMapping.java:356)>)" ],
    "Stmt(LAMBDA, 3, com.amihaiemil.eoyaml.ReadYamlMapping, NON_DEFAULT)" : [ "THREW_EXCEPTION(0, java.lang.NullPointerException: Cannot invoke \"com.amihaiemil.eoyaml.YamlLines.iterator()\" because \"this.significant\" is null <com.amihaiemil.eoyaml.ReadYamlMapping.valueOfNodeKey(ReadYamlMapping.java:356)>)" ],
    "Stmt(IF, 26, com.amihaiemil.eoyaml.ReadYamlMapping, DEFAULT)" : [ "PASSED(0)", "PASSED(0)", "PASSED(0)" ],
    "Stmt(IF, 26, com.amihaiemil.eoyaml.ReadYamlMapping, NON_DEFAULT)" : [ "PASSED(0)", "PASSED(0)", "PASSED(0)" ],
    "Stmt(EXPRESSION, 27, com.amihaiemil.eoyaml.ReadYamlMapping, DEFAULT)" : [ "PASSED(0)", "PASSED(0)", "PASSED(0)" ],
    "Stmt(EXPRESSION, 27, com.amihaiemil.eoyaml.ReadYamlMapping, NON_DEFAULT)" : [ "PASSED(0)", "PASSED(0)", "PASSED(0)" ],
    "Stmt(RETURN, 29, com.amihaiemil.eoyaml.ReadYamlMapping, DEFAULT)" : [ "PASSED(0)", "PASSED(0)", "PASSED(0)" ],
    "Stmt(RETURN, 29, com.amihaiemil.eoyaml.ReadYamlMapping, NON_DEFAULT)" : [ "PASSED(0)", "PASSED(0)", "PASSED(0)" ],
    "Stmt(WHILE, 52, com.amihaiemil.eoyaml.ReadYamlMapping, DEFAULT)" : [ "PASSED(0)", "PASSED(0)", "PASSED(0)" ],
    "Stmt(WHILE, 52, com.amihaiemil.eoyaml.ReadYamlMapping, NON_DEFAULT)" : [ "PASSED(0)", "PASSED(0)", "PASSED(1)" ],
    "Stmt(IF, 53, com.amihaiemil.eoyaml.ReadYamlMapping, DEFAULT)" : [ "PASSED(0)", "PASSED(0)", "PASSED(0)" ],
    "Stmt(IF, 53, com.amihaiemil.eoyaml.ReadYamlMapping, NON_DEFAULT)" : [ "PASSED(0)", "PASSED(0)", "PASSED(0)" ],
    "Stmt(IF, 54, com.amihaiemil.eoyaml.ReadYamlMapping, DEFAULT)" : [ "PASSED(0)", "PASSED(0)", "PASSED(0)" ],
    "Stmt(IF, 54, com.amihaiemil.eoyaml.ReadYamlMapping, NON_DEFAULT)" : [ "PASSED(0)", "PASSED(0)", "PASSED(0)" ],
    "Stmt(IF, 55, com.amihaiemil.eoyaml.ReadYamlMapping, DEFAULT)" : [ "PASSED(0)", "PASSED(0)", "PASSED(0)" ],
    "Stmt(IF, 55, com.amihaiemil.eoyaml.ReadYamlMapping, NON_DEFAULT)" : [ "PASSED(0)", "PASSED(0)", "PASSED(0)" ],
    "Stmt(EXPRESSION, 59, com.amihaiemil.eoyaml.ReadYamlMapping, DEFAULT)" : [ "PASSED(0)", "PASSED(0)", "PASSED(0)" ],
    "Stmt(EXPRESSION, 59, com.amihaiemil.eoyaml.ReadYamlMapping, NON_DEFAULT)" : [ "PASSED(0)", "PASSED(0)", "PASSED(0)" ],
    "Stmt(BREAK, 60, com.amihaiemil.eoyaml.ReadYamlMapping, DEFAULT)" : [ "PASSED(0)", "PASSED(1)", "PASSED(0)" ],
    "Stmt(BREAK, 60, com.amihaiemil.eoyaml.ReadYamlMapping, NON_DEFAULT)" : [ "PASSED(0)", "PASSED(0)", "PASSED(0)" ],
    "Stmt(RETURN, 61, com.amihaiemil.eoyaml.ReadYamlMapping, DEFAULT)" : [ "PASSED(0)", "PASSED(0)", "PASSED(0)" ],
    "Stmt(RETURN, 61, com.amihaiemil.eoyaml.ReadYamlMapping, NON_DEFAULT)" : [ "PASSED(0)", "PASSED(0)", "PASSED(0)" ],
    "Stmt(VARIABLE_DECLARATION, 62, com.amihaiemil.eoyaml.ReadYamlMapping, DEFAULT)" : [ "PASSED(0)", "PASSED(0)", "PASSED(0)" ],
    "Stmt(VARIABLE_DECLARATION, 62, com.amihaiemil.eoyaml.ReadYamlMapping, NON_DEFAULT)" : [ "PASSED(0)", "PASSED(0)", "PASSED(0)" ]
  },
  "timeTaken" : 47
}