{
  "testClassName" : "com.amihaiemil.eoyaml.ReadYamlMappingTest",
  "testMethodName" : "returnsValuesOfStringKeys",
  "testOutcomes" : [ "PASSED(1)", "PASSED(0)", "PASSED(0)" ],
  "coverageElementTestOutcomes" : {
    "Decision(false, IF, 0, com.amihaiemil.eoyaml.ReadYamlMapping)" : [ "FAILED(0)" ],
    "Decision(false, IF, 1, com.amihaiemil.eoyaml.ReadYamlMapping)" : [ "THREW_EXCEPTION(0, java.lang.NullPointerException: Cannot invoke \"Object.hashCode()\" because \"value\" is null <com.amihaiemil.eoyaml.BaseYamlMapping.hashCode(BaseYamlMapping.java:75)>)" ],
    "Decision(true, IF, 2, com.amihaiemil.eoyaml.ReadYamlMapping)" : [ "FAILED(0)" ],
    "Decision(true, IF, 3, com.amihaiemil.eoyaml.ReadYamlMapping)" : [ "FAILED(0)" ],
    "Decision(false, IF, 4, com.amihaiemil.eoyaml.ReadYamlMapping)" : [ "FAILED(0)" ],
    "Decision(false, IF, 6, com.amihaiemil.eoyaml.ReadYamlMapping)" : [ "FAILED(0)" ],
    "Decision(true, IF, 7, com.amihaiemil.eoyaml.ReadYamlMapping)" : [ "FAILED(1)" ],
    "Decision(true, IF, 10, com.amihaiemil.eoyaml.ReadYamlMapping)" : [ "FAILED(0)" ],
    "Decision(true, IF, 11, com.amihaiemil.eoyaml.ReadYamlMapping)" : [ "FAILED(0)" ],
    "Decision(false, IF, 11, com.amihaiemil.eoyaml.ReadYamlMapping)" : [ "FAILED(0)" ],
    "Decision(false, IF, 12, com.amihaiemil.eoyaml.ReadYamlMapping)" : [ "FAILED(0)" ],
    "Decision(false, IF, 13, com.amihaiemil.eoyaml.ReadYamlMapping)" : [ "FAILED(0)" ],
    "Decision(true, IF, 14, com.amihaiemil.eoyaml.ReadYamlMapping)" : [ "FAILED(0)" ],
    "Decision(false, IF, 14, com.amihaiemil.eoyaml.ReadYamlMapping)" : [ "FAILED(0)" ],
    "Decision(true, IF, 15, com.amihaiemil.eoyaml.ReadYamlMapping)" : [ "FAILED(0)" ],
    "Decision(false, IF, 15, com.amihaiemil.eoyaml.ReadYamlMapping)" : [ "FAILED(0)" ],
    "Decision(false, IF, 16, com.amihaiemil.eoyaml.ReadYamlMapping)" : [ "FAILED(0)" ],
    "Decision(false, IF, 0, com.amihaiemil.eoyaml.ReadYamlMapping$ReadScalarKey)" : [ "FAILED(0)" ],
    "Stmt(EXPRESSION, 0, com.amihaiemil.eoyaml.ReadYamlMapping, DEFAULT)" : [ "FAILED(0)" ],
    "Stmt(EXPRESSION, 0, com.amihaiemil.eoyaml.ReadYamlMapping, NON_DEFAULT)" : [ "FAILED(0)" ],
    "Stmt(EXPRESSION, 1, com.amihaiemil.eoyaml.ReadYamlMapping, DEFAULT)" : [ "FAILED(0)" ],
    "Stmt(EXPRESSION, 1, com.amihaiemil.eoyaml.ReadYamlMapping, NON_DEFAULT)" : [ "FAILED(1)" ],
    "Stmt(EXPRESSION, 2, com.amihaiemil.eoyaml.ReadYamlMapping, DEFAULT)" : [ "FAILED(0)" ],
    "Stmt(EXPRESSION, 2, com.amihaiemil.eoyaml.ReadYamlMapping, NON_DEFAULT)" : [ "FAILED(0)" ],
    "Stmt(LAMBDA, 3, com.amihaiemil.eoyaml.ReadYamlMapping, DEFAULT)" : [ "THREW_EXCEPTION(0, java.lang.NullPointerException: Cannot invoke \"com.amihaiemil.eoyaml.YamlLines.iterator()\" because \"this.significant\" is null <com.amihaiemil.eoyaml.ReadYamlMapping.keys(ReadYamlMapping.java:124)>)" ],
    "Stmt(LAMBDA, 3, com.amihaiemil.eoyaml.ReadYamlMapping, NON_DEFAULT)" : [ "THREW_EXCEPTION(0, java.lang.NullPointerException: Cannot invoke \"com.amihaiemil.eoyaml.YamlLines.iterator()\" because \"this.significant\" is null <com.amihaiemil.eoyaml.ReadYamlMapping.keys(ReadYamlMapping.java:124)>)" ],
    "Stmt(FOR_EACH, 4, com.amihaiemil.eoyaml.ReadYamlMapping, DEFAULT)" : [ "FAILED(1)" ],
    "Stmt(FOR_EACH, 4, com.amihaiemil.eoyaml.ReadYamlMapping, NON_DEFAULT)" : [ "FAILED(0)" ],
    "Stmt(IF, 5, com.amihaiemil.eoyaml.ReadYamlMapping, DEFAULT)" : [ "FAILED(0)" ],
    "Stmt(IF, 5, com.amihaiemil.eoyaml.ReadYamlMapping, NON_DEFAULT)" : [ "FAILED(1)" ],
    "Stmt(IF, 6, com.amihaiemil.eoyaml.ReadYamlMapping, DEFAULT)" : [ "FAILED(0)" ],
    "Stmt(IF, 6, com.amihaiemil.eoyaml.ReadYamlMapping, NON_DEFAULT)" : [ "FAILED(0)" ],
    "Stmt(IF, 7, com.amihaiemil.eoyaml.ReadYamlMapping, DEFAULT)" : [ "FAILED(0)" ],
    "Stmt(IF, 7, com.amihaiemil.eoyaml.ReadYamlMapping, NON_DEFAULT)" : [ "FAILED(1)" ],
    "Stmt(IF, 8, com.amihaiemil.eoyaml.ReadYamlMapping, DEFAULT)" : [ "FAILED(0)" ],
    "Stmt(IF, 8, com.amihaiemil.eoyaml.ReadYamlMapping, NON_DEFAULT)" : [ "FAILED(0)" ],
    "Stmt(IF, 9, com.amihaiemil.eoyaml.ReadYamlMapping, DEFAULT)" : [ "FAILED(0)" ],
    "Stmt(IF, 9, com.amihaiemil.eoyaml.ReadYamlMapping, NON_DEFAULT)" : [ "FAILED(0)" ],
    "Stmt(IF, 14, com.amihaiemil.eoyaml.ReadYamlMapping, DEFAULT)" : [ "FAILED(0)" ],
    "Stmt(IF, 14, com.amihaiemil.eoyaml.ReadYamlMapping, NON_DEFAULT)" : [ "FAILED(0)" ],
    "Stmt(IF, 16, com.amihaiemil.eoyaml.ReadYamlMapping, DEFAULT)" : [ "FAILED(0)" ],
    "Stmt(IF, 16, com.amihaiemil.eoyaml.ReadYamlMapping, NON_DEFAULT)" : [ "FAILED(0)" ],
    "Stmt(EXPRESSION, 21, com.amihaiemil.eoyaml.ReadYamlMapping, DEFAULT)" : [ "FAILED(0)" ],
    "Stmt(EXPRESSION, 21, com.amihaiemil.eoyaml.ReadYamlMapping, NON_DEFAULT)" : [ "FAILED(0)" ],
    "Stmt(RETURN, 24, com.amihaiemil.eoyaml.ReadYamlMapping, DEFAULT)" : [ "THREW_EXCEPTION(0, java.lang.NullPointerException: Cannot invoke \"java.util.Set.iterator()\" because the return value of \"com.amihaiemil.eoyaml.YamlMapping.keys()\" is null <com.amihaiemil.eoyaml.YamlMapping.values(YamlMapping.java:66)>)" ],
    "Stmt(RETURN, 24, com.amihaiemil.eoyaml.ReadYamlMapping, NON_DEFAULT)" : [ "FAILED(0)" ],
    "Stmt(VARIABLE_DECLARATION, 25, com.amihaiemil.eoyaml.ReadYamlMapping, DEFAULT)" : [ "FAILED(0)" ],
    "Stmt(VARIABLE_DECLARATION, 25, com.amihaiemil.eoyaml.ReadYamlMapping, NON_DEFAULT)" : [ "FAILED(1)" ],
    "Stmt(IF, 26, com.amihaiemil.eoyaml.ReadYamlMapping, DEFAULT)" : [ "FAILED(0)" ],
    "Stmt(IF, 26, com.amihaiemil.eoyaml.ReadYamlMapping, NON_DEFAULT)" : [ "FAILED(0)" ],
    "Stmt(EXPRESSION, 28, com.amihaiemil.eoyaml.ReadYamlMapping, DEFAULT)" : [ "FAILED(0)" ],
    "Stmt(EXPRESSION, 28, com.amihaiemil.eoyaml.ReadYamlMapping, NON_DEFAULT)" : [ "FAILED(0)" ],
    "Stmt(RETURN, 29, com.amihaiemil.eoyaml.ReadYamlMapping, DEFAULT)" : [ "FAILED(0)" ],
    "Stmt(RETURN, 29, com.amihaiemil.eoyaml.ReadYamlMapping, NON_DEFAULT)" : [ "FAILED(0)" ],
    "Stmt(LAMBDA_RETURN, 30, com.amihaiemil.eoyaml.ReadYamlMapping, DEFAULT)" : [ "FAILED(0)" ],
    "Stmt(LAMBDA_RETURN, 30, com.amihaiemil.eoyaml.ReadYamlMapping, NON_DEFAULT)" : [ "FAILED(0)" ],
    "Stmt(VARIABLE_DECLARATION, 31, com.amihaiemil.eoyaml.ReadYamlMapping, DEFAULT)" : [ "FAILED(0)" ],
    "Stmt(VARIABLE_DECLARATION, 31, com.amihaiemil.eoyaml.ReadYamlMapping, NON_DEFAULT)" : [ "FAILED(0)" ],
    "Stmt(FOR_EACH, 32, com.amihaiemil.eoyaml.ReadYamlMapping, DEFAULT)" : [ "FAILED(0)" ],
    "Stmt(FOR_EACH, 32, com.amihaiemil.eoyaml.ReadYamlMapping, NON_DEFAULT)" : [ "FAILED(0)" ],
    "Stmt(FOR_EACH, 33, com.amihaiemil.eoyaml.ReadYamlMapping, DEFAULT)" : [ "FAILED(0)" ],
    "Stmt(FOR_EACH, 33, com.amihaiemil.eoyaml.ReadYamlMapping, NON_DEFAULT)" : [ "FAILED(1)" ],
    "Stmt(IF, 34, com.amihaiemil.eoyaml.ReadYamlMapping, DEFAULT)" : [ "FAILED(0)" ],
    "Stmt(IF, 34, com.amihaiemil.eoyaml.ReadYamlMapping, NON_DEFAULT)" : [ "FAILED(0)" ],
    "Stmt(IF, 35, com.amihaiemil.eoyaml.ReadYamlMapping, DEFAULT)" : [ "FAILED(0)" ],
    "Stmt(IF, 35, com.amihaiemil.eoyaml.ReadYamlMapping, NON_DEFAULT)" : [ "FAILED(0)" ],
    "Stmt(IF, 36, com.amihaiemil.eoyaml.ReadYamlMapping, DEFAULT)" : [ "FAILED(0)" ],
    "Stmt(IF, 36, com.amihaiemil.eoyaml.ReadYamlMapping, NON_DEFAULT)" : [ "FAILED(0)" ],
    "Stmt(IF, 37, com.amihaiemil.eoyaml.ReadYamlMapping, DEFAULT)" : [ "FAILED(0)" ],
    "Stmt(IF, 37, com.amihaiemil.eoyaml.ReadYamlMapping, NON_DEFAULT)" : [ "FAILED(1)" ],
    "Stmt(EXPRESSION, 38, com.amihaiemil.eoyaml.ReadYamlMapping, DEFAULT)" : [ "FAILED(1)" ],
    "Stmt(EXPRESSION, 38, com.amihaiemil.eoyaml.ReadYamlMapping, NON_DEFAULT)" : [ "FAILED(0)" ],
    "Stmt(EXPRESSION, 41, com.amihaiemil.eoyaml.ReadYamlMapping, DEFAULT)" : [ "FAILED(0)" ],
    "Stmt(EXPRESSION, 41, com.amihaiemil.eoyaml.ReadYamlMapping, NON_DEFAULT)" : [ "FAILED(0)" ],
    "Stmt(IF, 42, com.amihaiemil.eoyaml.ReadYamlMapping, DEFAULT)" : [ "FAILED(0)" ],
    "Stmt(IF, 42, com.amihaiemil.eoyaml.ReadYamlMapping, NON_DEFAULT)" : [ "FAILED(0)" ],
    "Stmt(RETURN, 43, com.amihaiemil.eoyaml.ReadYamlMapping, DEFAULT)" : [ "FAILED(0)" ],
    "Stmt(RETURN, 43, com.amihaiemil.eoyaml.ReadYamlMapping, NON_DEFAULT)" : [ "FAILED(0)" ],
    "Stmt(VARIABLE_DECLARATION, 45, com.amihaiemil.eoyaml.ReadYamlMapping, DEFAULT)" : [ "FAILED(0)" ],
    "Stmt(VARIABLE_DECLARATION, 45, com.amihaiemil.eoyaml.ReadYamlMapping, NON_DEFAULT)" : [ "FAILED(0)" ],
    "Stmt(IF, 46, com.amihaiemil.eoyaml.ReadYamlMapping, DEFAULT)" : [ "FAILED(0)" ],
    "Stmt(IF, 46, com.amihaiemil.eoyaml.ReadYamlMapping, NON_DEFAULT)" : [ "FAILED(0)" ],
    "Stmt(EXPRESSION, 47, com.amihaiemil.eoyaml.ReadYamlMapping, DEFAULT)" : [ "FAILED(0)" ],
    "Stmt(EXPRESSION, 47, com.amihaiemil.eoyaml.ReadYamlMapping, NON_DEFAULT)" : [ "FAILED(0)" ],
    "Stmt(RETURN, 51, com.amihaiemil.eoyaml.ReadYamlMapping, DEFAULT)" : [ "FAILED(0)" ],
    "Stmt(RETURN, 51, com.amihaiemil.eoyaml.ReadYamlMapping, NON_DEFAULT)" : [ "FAILED(0)" ],
    "Stmt(EXPRESSION, 0, com.amihaiemil.eoyaml.ReadYamlMapping$ReadScalarKey, DEFAULT)" : [ "FAILED(0)" ],
    "Stmt(EXPRESSION, 0, com.amihaiemil.eoyaml.ReadYamlMapping$ReadScalarKey, NON_DEFAULT)" : [ "FAILED(0)" ],
    "Stmt(EXPRESSION, 1, com.amihaiemil.eoyaml.ReadYamlMapping$ReadScalarKey, DEFAULT)" : [ "FAILED(0)" ],
    "Stmt(EXPRESSION, 1, com.amihaiemil.eoyaml.ReadYamlMapping$ReadScalarKey, NON_DEFAULT)" : [ "FAILED(0)" ],
    "Stmt(EXPRESSION, 2, com.amihaiemil.eoyaml.ReadYamlMapping$ReadScalarKey, DEFAULT)" : [ "FAILED(0)" ],
    "Stmt(EXPRESSION, 2, com.amihaiemil.eoyaml.ReadYamlMapping$ReadScalarKey, NON_DEFAULT)" : [ "FAILED(0)" ],
    "Stmt(RETURN, 3, com.amihaiemil.eoyaml.ReadYamlMapping$ReadScalarKey, DEFAULT)" : [ "FAILED(1)" ],
    "Stmt(RETURN, 3, com.amihaiemil.eoyaml.ReadYamlMapping$ReadScalarKey, NON_DEFAULT)" : [ "FAILED(0)" ],
    "Stmt(IF, 4, com.amihaiemil.eoyaml.ReadYamlMapping$ReadScalarKey, DEFAULT)" : [ "FAILED(1)" ],
    "Stmt(IF, 4, com.amihaiemil.eoyaml.ReadYamlMapping$ReadScalarKey, NON_DEFAULT)" : [ "FAILED(0)" ],
    "Stmt(LAMBDA, 5, com.amihaiemil.eoyaml.ReadYamlMapping$ReadScalarKey, DEFAULT)" : [ "FAILED(0)" ],
    "Stmt(LAMBDA, 5, com.amihaiemil.eoyaml.ReadYamlMapping$ReadScalarKey, NON_DEFAULT)" : [ "FAILED(0)" ],
    "Stmt(RETURN, 7, com.amihaiemil.eoyaml.ReadYamlMapping$ReadScalarKey, DEFAULT)" : [ "FAILED(0)" ],
    "Stmt(RETURN, 7, com.amihaiemil.eoyaml.ReadYamlMapping$ReadScalarKey, NON_DEFAULT)" : [ "FAILED(0)" ]
  },
  "timeTaken" : 44
}