{
  "testClassName" : "com.amihaiemil.eoyaml.ReadYamlMappingTest",
  "testMethodName" : "returnsValuesOfStringAndComplexKeys",
  "testOutcomes" : [ "PASSED(6)", "PASSED(5)", "PASSED(6)" ],
  "coverageElementTestOutcomes" : {
    "Decision(false, IF, 0, com.amihaiemil.eoyaml.ReadYamlMapping)" : [ "FAILED(2)" ],
    "Decision(true, IF, 1, com.amihaiemil.eoyaml.ReadYamlMapping)" : [ "FAILED(1)" ],
    "Decision(false, IF, 1, com.amihaiemil.eoyaml.ReadYamlMapping)" : [ "THREW_EXCEPTION(2, com.amihaiemil.eoyaml.exceptions.YamlReadingException: Could not parse YAML starting at line 2 . It should be a sequence (line should start with '-'), a mapping (line should contain ':') or it should be a plain scalar, but it has 13 lines, while a plain scalar should be only 1 line! <com.amihaiemil.eoyaml.AllYamlLines.mappingSequenceOrPlainScalar(AllYamlLines.java:181)>)" ],
    "Decision(true, IF, 2, com.amihaiemil.eoyaml.ReadYamlMapping)" : [ "FAILED(2)" ],
    "Decision(false, IF, 2, com.amihaiemil.eoyaml.ReadYamlMapping)" : [ "FAILED(3)" ],
    "Decision(true, IF, 3, com.amihaiemil.eoyaml.ReadYamlMapping)" : [ "FAILED(2)" ],
    "Decision(false, IF, 4, com.amihaiemil.eoyaml.ReadYamlMapping)" : [ "FAILED(1)" ],
    "Decision(false, IF, 6, com.amihaiemil.eoyaml.ReadYamlMapping)" : [ "FAILED(2)" ],
    "Decision(true, IF, 7, com.amihaiemil.eoyaml.ReadYamlMapping)" : [ "FAILED(2)" ],
    "Decision(true, IF, 10, com.amihaiemil.eoyaml.ReadYamlMapping)" : [ "FAILED(2)" ],
    "Decision(false, IF, 10, com.amihaiemil.eoyaml.ReadYamlMapping)" : [ "FAILED(2)" ],
    "Decision(true, IF, 11, com.amihaiemil.eoyaml.ReadYamlMapping)" : [ "FAILED(2)" ],
    "Decision(false, IF, 11, com.amihaiemil.eoyaml.ReadYamlMapping)" : [ "FAILED(2)" ],
    "Decision(false, IF, 12, com.amihaiemil.eoyaml.ReadYamlMapping)" : [ "FAILED(2)" ],
    "Decision(false, IF, 13, com.amihaiemil.eoyaml.ReadYamlMapping)" : [ "FAILED(1)" ],
    "Decision(true, IF, 14, com.amihaiemil.eoyaml.ReadYamlMapping)" : [ "FAILED(3)" ],
    "Decision(false, IF, 14, com.amihaiemil.eoyaml.ReadYamlMapping)" : [ "FAILED(3)" ],
    "Decision(true, IF, 15, com.amihaiemil.eoyaml.ReadYamlMapping)" : [ "FAILED(2)" ],
    "Decision(false, IF, 15, com.amihaiemil.eoyaml.ReadYamlMapping)" : [ "FAILED(2)" ],
    "Decision(false, IF, 16, com.amihaiemil.eoyaml.ReadYamlMapping)" : [ "FAILED(2)" ],
    "Decision(true, LOOP, 17, com.amihaiemil.eoyaml.ReadYamlMapping)" : [ "FAILED(2)" ],
    "Decision(true, IF, 18, com.amihaiemil.eoyaml.ReadYamlMapping)" : [ "FAILED(2)" ],
    "Decision(false, IF, 18, com.amihaiemil.eoyaml.ReadYamlMapping)" : [ "FAILED(2)" ],
    "Decision(true, IF, 19, com.amihaiemil.eoyaml.ReadYamlMapping)" : [ "FAILED(2)" ],
    "Decision(false, IF, 19, com.amihaiemil.eoyaml.ReadYamlMapping)" : [ "FAILED(2)" ],
    "Decision(true, IF, 20, com.amihaiemil.eoyaml.ReadYamlMapping)" : [ "FAILED(2)" ],
    "Decision(false, IF, 20, com.amihaiemil.eoyaml.ReadYamlMapping)" : [ "FAILED(1)" ],
    "Decision(true, IF, 21, com.amihaiemil.eoyaml.ReadYamlMapping)" : [ "FAILED(3)" ],
    "Decision(false, IF, 0, com.amihaiemil.eoyaml.ReadYamlMapping$ReadScalarKey)" : [ "FAILED(2)" ],
    "Stmt(EXPRESSION, 0, com.amihaiemil.eoyaml.ReadYamlMapping, DEFAULT)" : [ "FAILED(2)" ],
    "Stmt(EXPRESSION, 0, com.amihaiemil.eoyaml.ReadYamlMapping, NON_DEFAULT)" : [ "FAILED(2)" ],
    "Stmt(EXPRESSION, 1, com.amihaiemil.eoyaml.ReadYamlMapping, DEFAULT)" : [ "THREW_EXCEPTION(0, java.lang.NullPointerException: Cannot invoke \"com.amihaiemil.eoyaml.YamlLine.number()\" because \"this.previous\" is null <com.amihaiemil.eoyaml.ReadYamlMapping.comment(ReadYamlMapping.java:230)>)" ],
    "Stmt(EXPRESSION, 1, com.amihaiemil.eoyaml.ReadYamlMapping, NON_DEFAULT)" : [ "THREW_EXCEPTION(0, java.lang.NullPointerException: Cannot invoke \"com.amihaiemil.eoyaml.YamlLine.number()\" because \"this.previous\" is null <com.amihaiemil.eoyaml.ReadYamlMapping.comment(ReadYamlMapping.java:230)>)" ],
    "Stmt(EXPRESSION, 2, com.amihaiemil.eoyaml.ReadYamlMapping, DEFAULT)" : [ "THREW_EXCEPTION(0, java.lang.NullPointerException <Stack trace unavailable. Re-run with -XX:-OmitStackTraceInFastThrow>)" ],
    "Stmt(EXPRESSION, 2, com.amihaiemil.eoyaml.ReadYamlMapping, NON_DEFAULT)" : [ "THREW_EXCEPTION(0, java.lang.NullPointerException <Stack trace unavailable. Re-run with -XX:-OmitStackTraceInFastThrow>)" ],
    "Stmt(LAMBDA, 3, com.amihaiemil.eoyaml.ReadYamlMapping, DEFAULT)" : [ "THREW_EXCEPTION(0, java.lang.NullPointerException <Stack trace unavailable. Re-run with -XX:-OmitStackTraceInFastThrow>)" ],
    "Stmt(LAMBDA, 3, com.amihaiemil.eoyaml.ReadYamlMapping, NON_DEFAULT)" : [ "THREW_EXCEPTION(0, java.lang.NullPointerException <Stack trace unavailable. Re-run with -XX:-OmitStackTraceInFastThrow>)" ],
    "Stmt(FOR_EACH, 4, com.amihaiemil.eoyaml.ReadYamlMapping, DEFAULT)" : [ "FAILED(2)" ],
    "Stmt(FOR_EACH, 4, com.amihaiemil.eoyaml.ReadYamlMapping, NON_DEFAULT)" : [ "FAILED(2)" ],
    "Stmt(IF, 5, com.amihaiemil.eoyaml.ReadYamlMapping, DEFAULT)" : [ "FAILED(3)" ],
    "Stmt(IF, 5, com.amihaiemil.eoyaml.ReadYamlMapping, NON_DEFAULT)" : [ "FAILED(2)" ],
    "Stmt(IF, 6, com.amihaiemil.eoyaml.ReadYamlMapping, DEFAULT)" : [ "FAILED(2)" ],
    "Stmt(IF, 6, com.amihaiemil.eoyaml.ReadYamlMapping, NON_DEFAULT)" : [ "FAILED(2)" ],
    "Stmt(IF, 7, com.amihaiemil.eoyaml.ReadYamlMapping, DEFAULT)" : [ "FAILED(1)" ],
    "Stmt(IF, 7, com.amihaiemil.eoyaml.ReadYamlMapping, NON_DEFAULT)" : [ "FAILED(1)" ],
    "Stmt(IF, 8, com.amihaiemil.eoyaml.ReadYamlMapping, DEFAULT)" : [ "FAILED(2)" ],
    "Stmt(IF, 8, com.amihaiemil.eoyaml.ReadYamlMapping, NON_DEFAULT)" : [ "FAILED(3)" ],
    "Stmt(IF, 9, com.amihaiemil.eoyaml.ReadYamlMapping, DEFAULT)" : [ "FAILED(3)" ],
    "Stmt(IF, 9, com.amihaiemil.eoyaml.ReadYamlMapping, NON_DEFAULT)" : [ "FAILED(3)" ],
    "Stmt(IF, 14, com.amihaiemil.eoyaml.ReadYamlMapping, DEFAULT)" : [ "FAILED(2)" ],
    "Stmt(IF, 14, com.amihaiemil.eoyaml.ReadYamlMapping, NON_DEFAULT)" : [ "FAILED(3)" ],
    "Stmt(IF, 16, com.amihaiemil.eoyaml.ReadYamlMapping, DEFAULT)" : [ "FAILED(3)" ],
    "Stmt(IF, 16, com.amihaiemil.eoyaml.ReadYamlMapping, NON_DEFAULT)" : [ "FAILED(3)" ],
    "Stmt(EXPRESSION, 21, com.amihaiemil.eoyaml.ReadYamlMapping, DEFAULT)" : [ "FAILED(3)" ],
    "Stmt(EXPRESSION, 21, com.amihaiemil.eoyaml.ReadYamlMapping, NON_DEFAULT)" : [ "FAILED(2)" ],
    "Stmt(EXPRESSION, 22, com.amihaiemil.eoyaml.ReadYamlMapping, DEFAULT)" : [ "FAILED(2)" ],
    "Stmt(EXPRESSION, 22, com.amihaiemil.eoyaml.ReadYamlMapping, NON_DEFAULT)" : [ "FAILED(2)" ],
    "Stmt(RETURN, 24, com.amihaiemil.eoyaml.ReadYamlMapping, DEFAULT)" : [ "THREW_EXCEPTION(2, java.lang.NullPointerException: Cannot invoke \"java.util.Set.isEmpty()\" because the return value of \"com.amihaiemil.eoyaml.BaseYamlMapping.keys()\" is null <com.amihaiemil.eoyaml.BaseYamlMapping.isEmpty(BaseYamlMapping.java:159)>)" ],
    "Stmt(RETURN, 24, com.amihaiemil.eoyaml.ReadYamlMapping, NON_DEFAULT)" : [ "FAILED(3)" ],
    "Stmt(VARIABLE_DECLARATION, 25, com.amihaiemil.eoyaml.ReadYamlMapping, DEFAULT)" : [ "FAILED(2)" ],
    "Stmt(VARIABLE_DECLARATION, 25, com.amihaiemil.eoyaml.ReadYamlMapping, NON_DEFAULT)" : [ "FAILED(2)" ],
    "Stmt(IF, 26, com.amihaiemil.eoyaml.ReadYamlMapping, DEFAULT)" : [ "FAILED(3)" ],
    "Stmt(IF, 26, com.amihaiemil.eoyaml.ReadYamlMapping, NON_DEFAULT)" : [ "FAILED(3)" ],
    "Stmt(EXPRESSION, 27, com.amihaiemil.eoyaml.ReadYamlMapping, DEFAULT)" : [ "FAILED(2)" ],
    "Stmt(EXPRESSION, 27, com.amihaiemil.eoyaml.ReadYamlMapping, NON_DEFAULT)" : [ "FAILED(2)" ],
    "Stmt(EXPRESSION, 28, com.amihaiemil.eoyaml.ReadYamlMapping, DEFAULT)" : [ "FAILED(3)" ],
    "Stmt(EXPRESSION, 28, com.amihaiemil.eoyaml.ReadYamlMapping, NON_DEFAULT)" : [ "FAILED(2)" ],
    "Stmt(RETURN, 29, com.amihaiemil.eoyaml.ReadYamlMapping, DEFAULT)" : [ "FAILED(2)" ],
    "Stmt(RETURN, 29, com.amihaiemil.eoyaml.ReadYamlMapping, NON_DEFAULT)" : [ "FAILED(3)" ],
    "Stmt(LAMBDA_RETURN, 30, com.amihaiemil.eoyaml.ReadYamlMapping, DEFAULT)" : [ "FAILED(0)" ],
    "Stmt(LAMBDA_RETURN, 30, com.amihaiemil.eoyaml.ReadYamlMapping, NON_DEFAULT)" : [ "FAILED(0)" ],
    "Stmt(VARIABLE_DECLARATION, 31, com.amihaiemil.eoyaml.ReadYamlMapping, DEFAULT)" : [ "FAILED(0)" ],
    "Stmt(VARIABLE_DECLARATION, 31, com.amihaiemil.eoyaml.ReadYamlMapping, NON_DEFAULT)" : [ "FAILED(0)" ],
    "Stmt(FOR_EACH, 32, com.amihaiemil.eoyaml.ReadYamlMapping, DEFAULT)" : [ "FAILED(2)" ],
    "Stmt(FOR_EACH, 32, com.amihaiemil.eoyaml.ReadYamlMapping, NON_DEFAULT)" : [ "FAILED(2)" ],
    "Stmt(FOR_EACH, 33, com.amihaiemil.eoyaml.ReadYamlMapping, DEFAULT)" : [ "FAILED(2)" ],
    "Stmt(FOR_EACH, 33, com.amihaiemil.eoyaml.ReadYamlMapping, NON_DEFAULT)" : [ "FAILED(2)" ],
    "Stmt(IF, 34, com.amihaiemil.eoyaml.ReadYamlMapping, DEFAULT)" : [ "FAILED(3)" ],
    "Stmt(IF, 34, com.amihaiemil.eoyaml.ReadYamlMapping, NON_DEFAULT)" : [ "FAILED(3)" ],
    "Stmt(IF, 35, com.amihaiemil.eoyaml.ReadYamlMapping, DEFAULT)" : [ "FAILED(2)" ],
    "Stmt(IF, 35, com.amihaiemil.eoyaml.ReadYamlMapping, NON_DEFAULT)" : [ "FAILED(3)" ],
    "Stmt(IF, 36, com.amihaiemil.eoyaml.ReadYamlMapping, DEFAULT)" : [ "FAILED(2)" ],
    "Stmt(IF, 36, com.amihaiemil.eoyaml.ReadYamlMapping, NON_DEFAULT)" : [ "FAILED(2)" ],
    "Stmt(IF, 37, com.amihaiemil.eoyaml.ReadYamlMapping, DEFAULT)" : [ "FAILED(2)" ],
    "Stmt(IF, 37, com.amihaiemil.eoyaml.ReadYamlMapping, NON_DEFAULT)" : [ "FAILED(3)" ],
    "Stmt(EXPRESSION, 38, com.amihaiemil.eoyaml.ReadYamlMapping, DEFAULT)" : [ "FAILED(3)" ],
    "Stmt(EXPRESSION, 38, com.amihaiemil.eoyaml.ReadYamlMapping, NON_DEFAULT)" : [ "FAILED(2)" ],
    "Stmt(EXPRESSION, 41, com.amihaiemil.eoyaml.ReadYamlMapping, DEFAULT)" : [ "FAILED(3)" ],
    "Stmt(EXPRESSION, 41, com.amihaiemil.eoyaml.ReadYamlMapping, NON_DEFAULT)" : [ "FAILED(3)" ],
    "Stmt(IF, 42, com.amihaiemil.eoyaml.ReadYamlMapping, DEFAULT)" : [ "FAILED(3)" ],
    "Stmt(IF, 42, com.amihaiemil.eoyaml.ReadYamlMapping, NON_DEFAULT)" : [ "FAILED(3)" ],
    "Stmt(RETURN, 43, com.amihaiemil.eoyaml.ReadYamlMapping, DEFAULT)" : [ "FAILED(2)" ],
    "Stmt(RETURN, 43, com.amihaiemil.eoyaml.ReadYamlMapping, NON_DEFAULT)" : [ "FAILED(2)" ],
    "Stmt(VARIABLE_DECLARATION, 45, com.amihaiemil.eoyaml.ReadYamlMapping, DEFAULT)" : [ "FAILED(3)" ],
    "Stmt(VARIABLE_DECLARATION, 45, com.amihaiemil.eoyaml.ReadYamlMapping, NON_DEFAULT)" : [ "FAILED(2)" ],
    "Stmt(IF, 46, com.amihaiemil.eoyaml.ReadYamlMapping, DEFAULT)" : [ "FAILED(3)" ],
    "Stmt(IF, 46, com.amihaiemil.eoyaml.ReadYamlMapping, NON_DEFAULT)" : [ "FAILED(2)" ],
    "Stmt(EXPRESSION, 47, com.amihaiemil.eoyaml.ReadYamlMapping, DEFAULT)" : [ "FAILED(2)" ],
    "Stmt(EXPRESSION, 47, com.amihaiemil.eoyaml.ReadYamlMapping, NON_DEFAULT)" : [ "FAILED(3)" ],
    "Stmt(RETURN, 51, com.amihaiemil.eoyaml.ReadYamlMapping, DEFAULT)" : [ "FAILED(2)" ],
    "Stmt(RETURN, 51, com.amihaiemil.eoyaml.ReadYamlMapping, NON_DEFAULT)" : [ "FAILED(3)" ],
    "Stmt(WHILE, 52, com.amihaiemil.eoyaml.ReadYamlMapping, DEFAULT)" : [ "FAILED(2)" ],
    "Stmt(WHILE, 52, com.amihaiemil.eoyaml.ReadYamlMapping, NON_DEFAULT)" : [ "FAILED(3)" ],
    "Stmt(IF, 53, com.amihaiemil.eoyaml.ReadYamlMapping, DEFAULT)" : [ "FAILED(2)" ],
    "Stmt(IF, 53, com.amihaiemil.eoyaml.ReadYamlMapping, NON_DEFAULT)" : [ "FAILED(2)" ],
    "Stmt(IF, 54, com.amihaiemil.eoyaml.ReadYamlMapping, DEFAULT)" : [ "FAILED(3)" ],
    "Stmt(IF, 54, com.amihaiemil.eoyaml.ReadYamlMapping, NON_DEFAULT)" : [ "FAILED(2)" ],
    "Stmt(IF, 55, com.amihaiemil.eoyaml.ReadYamlMapping, DEFAULT)" : [ "FAILED(3)" ],
    "Stmt(IF, 55, com.amihaiemil.eoyaml.ReadYamlMapping, NON_DEFAULT)" : [ "FAILED(2)" ],
    "Stmt(IF, 56, com.amihaiemil.eoyaml.ReadYamlMapping, DEFAULT)" : [ "FAILED(1)" ],
    "Stmt(IF, 56, com.amihaiemil.eoyaml.ReadYamlMapping, NON_DEFAULT)" : [ "FAILED(2)" ],
    "Stmt(EXPRESSION, 58, com.amihaiemil.eoyaml.ReadYamlMapping, DEFAULT)" : [ "FAILED(2)" ],
    "Stmt(EXPRESSION, 58, com.amihaiemil.eoyaml.ReadYamlMapping, NON_DEFAULT)" : [ "FAILED(2)" ],
    "Stmt(EXPRESSION, 59, com.amihaiemil.eoyaml.ReadYamlMapping, DEFAULT)" : [ "FAILED(3)" ],
    "Stmt(EXPRESSION, 59, com.amihaiemil.eoyaml.ReadYamlMapping, NON_DEFAULT)" : [ "FAILED(3)" ],
    "Stmt(BREAK, 60, com.amihaiemil.eoyaml.ReadYamlMapping, DEFAULT)" : [ "FAILED(2)" ],
    "Stmt(BREAK, 60, com.amihaiemil.eoyaml.ReadYamlMapping, NON_DEFAULT)" : [ "FAILED(3)" ],
    "Stmt(RETURN, 61, com.amihaiemil.eoyaml.ReadYamlMapping, DEFAULT)" : [ "FAILED(2)" ],
    "Stmt(RETURN, 61, com.amihaiemil.eoyaml.ReadYamlMapping, NON_DEFAULT)" : [ "FAILED(3)" ],
    "Stmt(VARIABLE_DECLARATION, 62, com.amihaiemil.eoyaml.ReadYamlMapping, DEFAULT)" : [ "FAILED(3)" ],
    "Stmt(VARIABLE_DECLARATION, 62, com.amihaiemil.eoyaml.ReadYamlMapping, NON_DEFAULT)" : [ "FAILED(2)" ],
    "Stmt(EXPRESSION, 0, com.amihaiemil.eoyaml.ReadYamlMapping$ReadScalarKey, DEFAULT)" : [ "FAILED(3)" ],
    "Stmt(EXPRESSION, 0, com.amihaiemil.eoyaml.ReadYamlMapping$ReadScalarKey, NON_DEFAULT)" : [ "FAILED(3)" ],
    "Stmt(EXPRESSION, 1, com.amihaiemil.eoyaml.ReadYamlMapping$ReadScalarKey, DEFAULT)" : [ "FAILED(3)" ],
    "Stmt(EXPRESSION, 1, com.amihaiemil.eoyaml.ReadYamlMapping$ReadScalarKey, NON_DEFAULT)" : [ "FAILED(3)" ],
    "Stmt(EXPRESSION, 2, com.amihaiemil.eoyaml.ReadYamlMapping$ReadScalarKey, DEFAULT)" : [ "FAILED(3)" ],
    "Stmt(EXPRESSION, 2, com.amihaiemil.eoyaml.ReadYamlMapping$ReadScalarKey, NON_DEFAULT)" : [ "FAILED(3)" ],
    "Stmt(RETURN, 3, com.amihaiemil.eoyaml.ReadYamlMapping$ReadScalarKey, DEFAULT)" : [ "FAILED(2)" ],
    "Stmt(RETURN, 3, com.amihaiemil.eoyaml.ReadYamlMapping$ReadScalarKey, NON_DEFAULT)" : [ "FAILED(3)" ],
    "Stmt(IF, 4, com.amihaiemil.eoyaml.ReadYamlMapping$ReadScalarKey, DEFAULT)" : [ "FAILED(2)" ],
    "Stmt(IF, 4, com.amihaiemil.eoyaml.ReadYamlMapping$ReadScalarKey, NON_DEFAULT)" : [ "FAILED(3)" ],
    "Stmt(LAMBDA, 5, com.amihaiemil.eoyaml.ReadYamlMapping$ReadScalarKey, DEFAULT)" : [ "FAILED(2)" ],
    "Stmt(LAMBDA, 5, com.amihaiemil.eoyaml.ReadYamlMapping$ReadScalarKey, NON_DEFAULT)" : [ "FAILED(2)" ],
    "Stmt(RETURN, 7, com.amihaiemil.eoyaml.ReadYamlMapping$ReadScalarKey, DEFAULT)" : [ "FAILED(1)" ],
    "Stmt(RETURN, 7, com.amihaiemil.eoyaml.ReadYamlMapping$ReadScalarKey, NON_DEFAULT)" : [ "FAILED(1)" ]
  },
  "timeTaken" : 359
}