{
  "testClassName" : "com.amihaiemil.eoyaml.ReadYamlMappingTest",
  "testMethodName" : "returnsLiteralStringWithStringKeyGuessIndentation",
  "testOutcomes" : [ "PASSED(2)", "PASSED(0)", "PASSED(0)" ],
  "coverageElementTestOutcomes" : {
    "Decision(true, IF, 10, com.amihaiemil.eoyaml.ReadYamlMapping)" : [ "THREW_EXCEPTION(0, java.lang.NullPointerException: Cannot invoke \"java.util.Collection.size()\" because \"literalLines\" is null <com.amihaiemil.eoyaml.ReadYamlMappingTest.returnsLiteralStringWithStringKeyGuessIndentation(ReadYamlMappingTest.java:1432)>)" ],
    "Decision(true, IF, 11, com.amihaiemil.eoyaml.ReadYamlMapping)" : [ "THREW_EXCEPTION(0, java.lang.NullPointerException: Cannot invoke \"java.util.Collection.size()\" because \"literalLines\" is null <com.amihaiemil.eoyaml.ReadYamlMappingTest.returnsLiteralStringWithStringKeyGuessIndentation(ReadYamlMappingTest.java:1432)>)" ],
    "Decision(true, IF, 15, com.amihaiemil.eoyaml.ReadYamlMapping)" : [ "THREW_EXCEPTION(0, java.lang.NullPointerException: Cannot invoke \"java.util.Collection.size()\" because \"literalLines\" is null <com.amihaiemil.eoyaml.ReadYamlMappingTest.returnsLiteralStringWithStringKeyGuessIndentation(ReadYamlMappingTest.java:1432)>)" ],
    "Decision(false, IF, 16, com.amihaiemil.eoyaml.ReadYamlMapping)" : [ "THREW_EXCEPTION(1, java.lang.NullPointerException: Cannot invoke \"java.util.Collection.size()\" because \"literalLines\" is null <com.amihaiemil.eoyaml.ReadYamlMappingTest.returnsLiteralStringWithStringKeyGuessIndentation(ReadYamlMappingTest.java:1432)>)" ],
    "Stmt(EXPRESSION, 0, com.amihaiemil.eoyaml.ReadYamlMapping, DEFAULT)" : [ "THREW_EXCEPTION(0, java.lang.NullPointerException: Cannot invoke \"java.util.Collection.size()\" because \"literalLines\" is null <com.amihaiemil.eoyaml.ReadYamlMappingTest.returnsLiteralStringWithStringKeyGuessIndentation(ReadYamlMappingTest.java:1432)>)" ],
    "Stmt(EXPRESSION, 0, com.amihaiemil.eoyaml.ReadYamlMapping, NON_DEFAULT)" : [ "THREW_EXCEPTION(1, java.lang.NullPointerException: Cannot invoke \"java.util.Collection.size()\" because \"literalLines\" is null <com.amihaiemil.eoyaml.ReadYamlMappingTest.returnsLiteralStringWithStringKeyGuessIndentation(ReadYamlMappingTest.java:1432)>)" ],
    "Stmt(EXPRESSION, 1, com.amihaiemil.eoyaml.ReadYamlMapping, DEFAULT)" : [ "THREW_EXCEPTION(0, java.lang.NullPointerException: Cannot invoke \"java.util.Collection.size()\" because \"literalLines\" is null <com.amihaiemil.eoyaml.ReadYamlMappingTest.returnsLiteralStringWithStringKeyGuessIndentation(ReadYamlMappingTest.java:1432)>)" ],
    "Stmt(EXPRESSION, 1, com.amihaiemil.eoyaml.ReadYamlMapping, NON_DEFAULT)" : [ "THREW_EXCEPTION(0, java.lang.NullPointerException: Cannot invoke \"java.util.Collection.size()\" because \"literalLines\" is null <com.amihaiemil.eoyaml.ReadYamlMappingTest.returnsLiteralStringWithStringKeyGuessIndentation(ReadYamlMappingTest.java:1432)>)" ],
    "Stmt(EXPRESSION, 2, com.amihaiemil.eoyaml.ReadYamlMapping, DEFAULT)" : [ "THREW_EXCEPTION(0, java.lang.NullPointerException: Cannot invoke \"java.util.Collection.size()\" because \"literalLines\" is null <com.amihaiemil.eoyaml.ReadYamlMappingTest.returnsLiteralStringWithStringKeyGuessIndentation(ReadYamlMappingTest.java:1432)>)" ],
    "Stmt(EXPRESSION, 2, com.amihaiemil.eoyaml.ReadYamlMapping, NON_DEFAULT)" : [ "THREW_EXCEPTION(1, java.lang.NullPointerException: Cannot invoke \"java.util.Collection.size()\" because \"literalLines\" is null <com.amihaiemil.eoyaml.ReadYamlMappingTest.returnsLiteralStringWithStringKeyGuessIndentation(ReadYamlMappingTest.java:1432)>)" ],
    "Stmt(LAMBDA, 3, com.amihaiemil.eoyaml.ReadYamlMapping, DEFAULT)" : [ "THREW_EXCEPTION(0, java.lang.NullPointerException: Cannot invoke \"com.amihaiemil.eoyaml.YamlLines.iterator()\" because \"this.significant\" is null <com.amihaiemil.eoyaml.ReadYamlMapping.valueOfNodeKey(ReadYamlMapping.java:356)>)" ],
    "Stmt(LAMBDA, 3, com.amihaiemil.eoyaml.ReadYamlMapping, NON_DEFAULT)" : [ "THREW_EXCEPTION(0, java.lang.NullPointerException: Cannot invoke \"com.amihaiemil.eoyaml.YamlLines.iterator()\" because \"this.significant\" is null <com.amihaiemil.eoyaml.ReadYamlMapping.valueOfNodeKey(ReadYamlMapping.java:356)>)" ],
    "Stmt(IF, 26, com.amihaiemil.eoyaml.ReadYamlMapping, DEFAULT)" : [ "THREW_EXCEPTION(1, java.lang.NullPointerException: Cannot invoke \"java.util.Collection.size()\" because \"literalLines\" is null <com.amihaiemil.eoyaml.ReadYamlMappingTest.returnsLiteralStringWithStringKeyGuessIndentation(ReadYamlMappingTest.java:1432)>)" ],
    "Stmt(IF, 26, com.amihaiemil.eoyaml.ReadYamlMapping, NON_DEFAULT)" : [ "THREW_EXCEPTION(0, java.lang.NullPointerException: Cannot invoke \"java.util.Collection.size()\" because \"literalLines\" is null <com.amihaiemil.eoyaml.ReadYamlMappingTest.returnsLiteralStringWithStringKeyGuessIndentation(ReadYamlMappingTest.java:1432)>)" ],
    "Stmt(EXPRESSION, 28, com.amihaiemil.eoyaml.ReadYamlMapping, DEFAULT)" : [ "THREW_EXCEPTION(0, java.lang.NullPointerException: Cannot invoke \"java.util.Collection.size()\" because \"literalLines\" is null <com.amihaiemil.eoyaml.ReadYamlMappingTest.returnsLiteralStringWithStringKeyGuessIndentation(ReadYamlMappingTest.java:1432)>)" ],
    "Stmt(EXPRESSION, 28, com.amihaiemil.eoyaml.ReadYamlMapping, NON_DEFAULT)" : [ "THREW_EXCEPTION(1, java.lang.NullPointerException: Cannot invoke \"java.util.Collection.size()\" because \"literalLines\" is null <com.amihaiemil.eoyaml.ReadYamlMappingTest.returnsLiteralStringWithStringKeyGuessIndentation(ReadYamlMappingTest.java:1432)>)" ],
    "Stmt(RETURN, 29, com.amihaiemil.eoyaml.ReadYamlMapping, DEFAULT)" : [ "THREW_EXCEPTION(1, java.lang.NullPointerException: Cannot invoke \"java.util.Collection.size()\" because \"literalLines\" is null <com.amihaiemil.eoyaml.ReadYamlMappingTest.returnsLiteralStringWithStringKeyGuessIndentation(ReadYamlMappingTest.java:1432)>)" ],
    "Stmt(RETURN, 29, com.amihaiemil.eoyaml.ReadYamlMapping, NON_DEFAULT)" : [ "THREW_EXCEPTION(0, java.lang.NullPointerException: Cannot invoke \"java.util.Collection.size()\" because \"literalLines\" is null <com.amihaiemil.eoyaml.ReadYamlMappingTest.returnsLiteralStringWithStringKeyGuessIndentation(ReadYamlMappingTest.java:1432)>)" ],
    "Stmt(FOR_EACH, 32, com.amihaiemil.eoyaml.ReadYamlMapping, DEFAULT)" : [ "THREW_EXCEPTION(0, java.lang.NullPointerException: Cannot invoke \"java.util.Collection.size()\" because \"literalLines\" is null <com.amihaiemil.eoyaml.ReadYamlMappingTest.returnsLiteralStringWithStringKeyGuessIndentation(ReadYamlMappingTest.java:1432)>)" ],
    "Stmt(FOR_EACH, 32, com.amihaiemil.eoyaml.ReadYamlMapping, NON_DEFAULT)" : [ "THREW_EXCEPTION(0, java.lang.NullPointerException: Cannot invoke \"java.util.Collection.size()\" because \"literalLines\" is null <com.amihaiemil.eoyaml.ReadYamlMappingTest.returnsLiteralStringWithStringKeyGuessIndentation(ReadYamlMappingTest.java:1432)>)" ],
    "Stmt(FOR_EACH, 33, com.amihaiemil.eoyaml.ReadYamlMapping, DEFAULT)" : [ "THREW_EXCEPTION(0, java.lang.NullPointerException: Cannot invoke \"java.util.Collection.size()\" because \"literalLines\" is null <com.amihaiemil.eoyaml.ReadYamlMappingTest.returnsLiteralStringWithStringKeyGuessIndentation(ReadYamlMappingTest.java:1432)>)" ],
    "Stmt(FOR_EACH, 33, com.amihaiemil.eoyaml.ReadYamlMapping, NON_DEFAULT)" : [ "THREW_EXCEPTION(0, java.lang.NullPointerException: Cannot invoke \"java.util.Collection.size()\" because \"literalLines\" is null <com.amihaiemil.eoyaml.ReadYamlMappingTest.returnsLiteralStringWithStringKeyGuessIndentation(ReadYamlMappingTest.java:1432)>)" ],
    "Stmt(IF, 34, com.amihaiemil.eoyaml.ReadYamlMapping, DEFAULT)" : [ "THREW_EXCEPTION(0, java.lang.NullPointerException: Cannot invoke \"java.util.Collection.size()\" because \"literalLines\" is null <com.amihaiemil.eoyaml.ReadYamlMappingTest.returnsLiteralStringWithStringKeyGuessIndentation(ReadYamlMappingTest.java:1432)>)" ],
    "Stmt(IF, 34, com.amihaiemil.eoyaml.ReadYamlMapping, NON_DEFAULT)" : [ "THREW_EXCEPTION(0, java.lang.NullPointerException: Cannot invoke \"java.util.Collection.size()\" because \"literalLines\" is null <com.amihaiemil.eoyaml.ReadYamlMappingTest.returnsLiteralStringWithStringKeyGuessIndentation(ReadYamlMappingTest.java:1432)>)" ],
    "Stmt(EXPRESSION, 41, com.amihaiemil.eoyaml.ReadYamlMapping, DEFAULT)" : [ "THREW_EXCEPTION(0, java.lang.NullPointerException: Cannot invoke \"java.util.Collection.size()\" because \"literalLines\" is null <com.amihaiemil.eoyaml.ReadYamlMappingTest.returnsLiteralStringWithStringKeyGuessIndentation(ReadYamlMappingTest.java:1432)>)" ],
    "Stmt(EXPRESSION, 41, com.amihaiemil.eoyaml.ReadYamlMapping, NON_DEFAULT)" : [ "THREW_EXCEPTION(0, java.lang.NullPointerException: Cannot invoke \"java.util.Collection.size()\" because \"literalLines\" is null <com.amihaiemil.eoyaml.ReadYamlMappingTest.returnsLiteralStringWithStringKeyGuessIndentation(ReadYamlMappingTest.java:1432)>)" ],
    "Stmt(IF, 42, com.amihaiemil.eoyaml.ReadYamlMapping, DEFAULT)" : [ "THREW_EXCEPTION(0, java.lang.NullPointerException: Cannot invoke \"java.util.Collection.size()\" because \"literalLines\" is null <com.amihaiemil.eoyaml.ReadYamlMappingTest.returnsLiteralStringWithStringKeyGuessIndentation(ReadYamlMappingTest.java:1432)>)" ],
    "Stmt(IF, 42, com.amihaiemil.eoyaml.ReadYamlMapping, NON_DEFAULT)" : [ "THREW_EXCEPTION(0, java.lang.NullPointerException: Cannot invoke \"java.util.Collection.size()\" because \"literalLines\" is null <com.amihaiemil.eoyaml.ReadYamlMappingTest.returnsLiteralStringWithStringKeyGuessIndentation(ReadYamlMappingTest.java:1432)>)" ],
    "Stmt(RETURN, 43, com.amihaiemil.eoyaml.ReadYamlMapping, DEFAULT)" : [ "THREW_EXCEPTION(0, java.lang.NullPointerException: Cannot invoke \"java.util.Collection.size()\" because \"literalLines\" is null <com.amihaiemil.eoyaml.ReadYamlMappingTest.returnsLiteralStringWithStringKeyGuessIndentation(ReadYamlMappingTest.java:1432)>)" ],
    "Stmt(RETURN, 43, com.amihaiemil.eoyaml.ReadYamlMapping, NON_DEFAULT)" : [ "THREW_EXCEPTION(0, java.lang.NullPointerException: Cannot invoke \"java.util.Collection.size()\" because \"literalLines\" is null <com.amihaiemil.eoyaml.ReadYamlMappingTest.returnsLiteralStringWithStringKeyGuessIndentation(ReadYamlMappingTest.java:1432)>)" ],
    "Stmt(VARIABLE_DECLARATION, 45, com.amihaiemil.eoyaml.ReadYamlMapping, DEFAULT)" : [ "THREW_EXCEPTION(0, java.lang.NullPointerException: Cannot invoke \"java.util.Collection.size()\" because \"literalLines\" is null <com.amihaiemil.eoyaml.ReadYamlMappingTest.returnsLiteralStringWithStringKeyGuessIndentation(ReadYamlMappingTest.java:1432)>)" ],
    "Stmt(VARIABLE_DECLARATION, 45, com.amihaiemil.eoyaml.ReadYamlMapping, NON_DEFAULT)" : [ "THREW_EXCEPTION(0, java.lang.NullPointerException: Cannot invoke \"java.util.Collection.size()\" because \"literalLines\" is null <com.amihaiemil.eoyaml.ReadYamlMappingTest.returnsLiteralStringWithStringKeyGuessIndentation(ReadYamlMappingTest.java:1432)>)" ],
    "Stmt(IF, 46, com.amihaiemil.eoyaml.ReadYamlMapping, DEFAULT)" : [ "THREW_EXCEPTION(0, java.lang.NullPointerException: Cannot invoke \"java.util.Collection.size()\" because \"literalLines\" is null <com.amihaiemil.eoyaml.ReadYamlMappingTest.returnsLiteralStringWithStringKeyGuessIndentation(ReadYamlMappingTest.java:1432)>)" ],
    "Stmt(IF, 46, com.amihaiemil.eoyaml.ReadYamlMapping, NON_DEFAULT)" : [ "THREW_EXCEPTION(0, java.lang.NullPointerException: Cannot invoke \"java.util.Collection.size()\" because \"literalLines\" is null <com.amihaiemil.eoyaml.ReadYamlMappingTest.returnsLiteralStringWithStringKeyGuessIndentation(ReadYamlMappingTest.java:1432)>)" ],
    "Stmt(EXPRESSION, 47, com.amihaiemil.eoyaml.ReadYamlMapping, DEFAULT)" : [ "THREW_EXCEPTION(0, java.lang.NullPointerException: Cannot invoke \"java.util.Collection.size()\" because \"literalLines\" is null <com.amihaiemil.eoyaml.ReadYamlMappingTest.returnsLiteralStringWithStringKeyGuessIndentation(ReadYamlMappingTest.java:1432)>)" ],
    "Stmt(EXPRESSION, 47, com.amihaiemil.eoyaml.ReadYamlMapping, NON_DEFAULT)" : [ "THREW_EXCEPTION(0, java.lang.NullPointerException: Cannot invoke \"java.util.Collection.size()\" because \"literalLines\" is null <com.amihaiemil.eoyaml.ReadYamlMappingTest.returnsLiteralStringWithStringKeyGuessIndentation(ReadYamlMappingTest.java:1432)>)" ],
    "Stmt(RETURN, 51, com.amihaiemil.eoyaml.ReadYamlMapping, DEFAULT)" : [ "THREW_EXCEPTION(0, java.lang.NullPointerException: Cannot invoke \"java.util.Collection.size()\" because \"literalLines\" is null <com.amihaiemil.eoyaml.ReadYamlMappingTest.returnsLiteralStringWithStringKeyGuessIndentation(ReadYamlMappingTest.java:1432)>)" ],
    "Stmt(RETURN, 51, com.amihaiemil.eoyaml.ReadYamlMapping, NON_DEFAULT)" : [ "THREW_EXCEPTION(0, java.lang.NullPointerException: Cannot invoke \"java.util.Collection.size()\" because \"literalLines\" is null <com.amihaiemil.eoyaml.ReadYamlMappingTest.returnsLiteralStringWithStringKeyGuessIndentation(ReadYamlMappingTest.java:1432)>)" ]
  },
  "timeTaken" : 28
}