{
  "testClassName" : "com.amihaiemil.eoyaml.ReadYamlMappingTest",
  "testMethodName" : "shouldReadKeyProperlyIfValueContainsColon",
  "testOutcomes" : [ "PASSED(12)", "PASSED(1)", "PASSED(1)" ],
  "coverageElementTestOutcomes" : {
    "Decision(false, IF, 0, com.amihaiemil.eoyaml.ReadYamlMapping)" : [ "FAILED(1)" ],
    "Decision(false, IF, 1, com.amihaiemil.eoyaml.ReadYamlMapping)" : [ "FAILED(2)" ],
    "Decision(true, IF, 2, com.amihaiemil.eoyaml.ReadYamlMapping)" : [ "FAILED(1)" ],
    "Decision(true, IF, 3, com.amihaiemil.eoyaml.ReadYamlMapping)" : [ "FAILED(1)" ],
    "Decision(false, IF, 4, com.amihaiemil.eoyaml.ReadYamlMapping)" : [ "FAILED(0)" ],
    "Decision(false, IF, 6, com.amihaiemil.eoyaml.ReadYamlMapping)" : [ "FAILED(0)" ],
    "Decision(true, IF, 7, com.amihaiemil.eoyaml.ReadYamlMapping)" : [ "FAILED(0)" ],
    "Stmt(EXPRESSION, 0, com.amihaiemil.eoyaml.ReadYamlMapping, DEFAULT)" : [ "FAILED(1)" ],
    "Stmt(EXPRESSION, 0, com.amihaiemil.eoyaml.ReadYamlMapping, NON_DEFAULT)" : [ "FAILED(0)" ],
    "Stmt(EXPRESSION, 1, com.amihaiemil.eoyaml.ReadYamlMapping, DEFAULT)" : [ "FAILED(2)" ],
    "Stmt(EXPRESSION, 1, com.amihaiemil.eoyaml.ReadYamlMapping, NON_DEFAULT)" : [ "FAILED(1)" ],
    "Stmt(EXPRESSION, 2, com.amihaiemil.eoyaml.ReadYamlMapping, DEFAULT)" : [ "FAILED(1)" ],
    "Stmt(EXPRESSION, 2, com.amihaiemil.eoyaml.ReadYamlMapping, NON_DEFAULT)" : [ "FAILED(0)" ],
    "Stmt(LAMBDA, 3, com.amihaiemil.eoyaml.ReadYamlMapping, DEFAULT)" : [ "THREW_EXCEPTION(0, java.lang.NullPointerException: Cannot invoke \"com.amihaiemil.eoyaml.YamlLines.iterator()\" because \"this.significant\" is null <com.amihaiemil.eoyaml.ReadYamlMapping.keys(ReadYamlMapping.java:124)>)" ],
    "Stmt(LAMBDA, 3, com.amihaiemil.eoyaml.ReadYamlMapping, NON_DEFAULT)" : [ "THREW_EXCEPTION(0, java.lang.NullPointerException: Cannot invoke \"com.amihaiemil.eoyaml.YamlLines.iterator()\" because \"this.significant\" is null <com.amihaiemil.eoyaml.ReadYamlMapping.keys(ReadYamlMapping.java:124)>)" ],
    "Stmt(FOR_EACH, 4, com.amihaiemil.eoyaml.ReadYamlMapping, DEFAULT)" : [ "FAILED(1)" ],
    "Stmt(FOR_EACH, 4, com.amihaiemil.eoyaml.ReadYamlMapping, NON_DEFAULT)" : [ "FAILED(0)" ],
    "Stmt(IF, 5, com.amihaiemil.eoyaml.ReadYamlMapping, DEFAULT)" : [ "FAILED(0)" ],
    "Stmt(IF, 5, com.amihaiemil.eoyaml.ReadYamlMapping, NON_DEFAULT)" : [ "FAILED(0)" ],
    "Stmt(IF, 6, com.amihaiemil.eoyaml.ReadYamlMapping, DEFAULT)" : [ "FAILED(0)" ],
    "Stmt(IF, 6, com.amihaiemil.eoyaml.ReadYamlMapping, NON_DEFAULT)" : [ "FAILED(0)" ],
    "Stmt(IF, 7, com.amihaiemil.eoyaml.ReadYamlMapping, DEFAULT)" : [ "FAILED(1)" ],
    "Stmt(IF, 7, com.amihaiemil.eoyaml.ReadYamlMapping, NON_DEFAULT)" : [ "FAILED(0)" ],
    "Stmt(IF, 8, com.amihaiemil.eoyaml.ReadYamlMapping, DEFAULT)" : [ "FAILED(0)" ],
    "Stmt(IF, 8, com.amihaiemil.eoyaml.ReadYamlMapping, NON_DEFAULT)" : [ "FAILED(0)" ],
    "Stmt(IF, 9, com.amihaiemil.eoyaml.ReadYamlMapping, DEFAULT)" : [ "FAILED(0)" ],
    "Stmt(IF, 9, com.amihaiemil.eoyaml.ReadYamlMapping, NON_DEFAULT)" : [ "FAILED(1)" ],
    "Stmt(IF, 14, com.amihaiemil.eoyaml.ReadYamlMapping, DEFAULT)" : [ "FAILED(1)" ],
    "Stmt(IF, 14, com.amihaiemil.eoyaml.ReadYamlMapping, NON_DEFAULT)" : [ "FAILED(0)" ],
    "Stmt(IF, 16, com.amihaiemil.eoyaml.ReadYamlMapping, DEFAULT)" : [ "FAILED(0)" ],
    "Stmt(IF, 16, com.amihaiemil.eoyaml.ReadYamlMapping, NON_DEFAULT)" : [ "FAILED(0)" ],
    "Stmt(EXPRESSION, 21, com.amihaiemil.eoyaml.ReadYamlMapping, DEFAULT)" : [ "FAILED(1)" ],
    "Stmt(EXPRESSION, 21, com.amihaiemil.eoyaml.ReadYamlMapping, NON_DEFAULT)" : [ "FAILED(1)" ],
    "Stmt(RETURN, 24, com.amihaiemil.eoyaml.ReadYamlMapping, DEFAULT)" : [ "FAILED(0)" ],
    "Stmt(RETURN, 24, com.amihaiemil.eoyaml.ReadYamlMapping, NON_DEFAULT)" : [ "FAILED(0)" ],
    "Stmt(VARIABLE_DECLARATION, 25, com.amihaiemil.eoyaml.ReadYamlMapping, DEFAULT)" : [ "FAILED(1)" ],
    "Stmt(VARIABLE_DECLARATION, 25, com.amihaiemil.eoyaml.ReadYamlMapping, NON_DEFAULT)" : [ "FAILED(1)" ],
    "Stmt(EXPRESSION, 0, com.amihaiemil.eoyaml.ReadYamlMapping$ReadScalarKey, DEFAULT)" : [ "FAILED(0)" ],
    "Stmt(EXPRESSION, 0, com.amihaiemil.eoyaml.ReadYamlMapping$ReadScalarKey, NON_DEFAULT)" : [ "FAILED(1)" ],
    "Stmt(EXPRESSION, 1, com.amihaiemil.eoyaml.ReadYamlMapping$ReadScalarKey, DEFAULT)" : [ "FAILED(0)" ],
    "Stmt(EXPRESSION, 1, com.amihaiemil.eoyaml.ReadYamlMapping$ReadScalarKey, NON_DEFAULT)" : [ "FAILED(0)" ],
    "Stmt(EXPRESSION, 2, com.amihaiemil.eoyaml.ReadYamlMapping$ReadScalarKey, DEFAULT)" : [ "FAILED(0)" ],
    "Stmt(EXPRESSION, 2, com.amihaiemil.eoyaml.ReadYamlMapping$ReadScalarKey, NON_DEFAULT)" : [ "FAILED(1)" ],
    "Stmt(RETURN, 3, com.amihaiemil.eoyaml.ReadYamlMapping$ReadScalarKey, DEFAULT)" : [ "FAILED(1)" ],
    "Stmt(RETURN, 3, com.amihaiemil.eoyaml.ReadYamlMapping$ReadScalarKey, NON_DEFAULT)" : [ "FAILED(0)" ]
  },
  "timeTaken" : 165
}