{
  "fileName" : "src/main/java/info/debatty/java/stringsimilarity/LongestCommonSubsequence.java",
  "packageName" : "info.debatty.java.stringsimilarity",
  "className" : "LongestCommonSubsequence",
  "typeMetricsHashMap" : {
    "SWITCH_ENTRY_ASSIGNMENT" : {
      "elementCount" : 0,
      "coveredCount" : 0,
      "effectualCount" : 0,
      "coverageGap" : [ ],
      "coveredPercentage" : 0.0,
      "effectualPercentage" : 0.0,
      "coverageGapPercentage" : 0.0,
      "coverageGapSize" : 0
    },
    "DO" : {
      "elementCount" : 0,
      "coveredCount" : 0,
      "effectualCount" : 0,
      "coverageGap" : [ ],
      "coveredPercentage" : 0.0,
      "effectualPercentage" : 0.0,
      "coverageGapPercentage" : 0.0,
      "coverageGapSize" : 0
    },
    "FOR_EACH" : {
      "elementCount" : 0,
      "coveredCount" : 0,
      "effectualCount" : 0,
      "coverageGap" : [ ],
      "coveredPercentage" : 0.0,
      "effectualPercentage" : 0.0,
      "coverageGapPercentage" : 0.0,
      "coverageGapSize" : 0
    },
    "DECISION" : {
      "elementCount" : 8,
      "coveredCount" : 6,
      "effectualCount" : 6,
      "coverageGap" : [ ],
      "coveredPercentage" : 75.0,
      "effectualPercentage" : 75.0,
      "coverageGapPercentage" : 0.0,
      "coverageGapSize" : 0
    },
    "SWITCH" : {
      "elementCount" : 0,
      "coveredCount" : 0,
      "effectualCount" : 0,
      "coverageGap" : [ ],
      "coveredPercentage" : 0.0,
      "effectualPercentage" : 0.0,
      "coverageGapPercentage" : 0.0,
      "coverageGapSize" : 0
    },
    "FOR" : {
      "elementCount" : 2,
      "coveredCount" : 2,
      "effectualCount" : 2,
      "coverageGap" : [ ],
      "coveredPercentage" : 100.0,
      "effectualPercentage" : 100.0,
      "coverageGapPercentage" : 0.0,
      "coverageGapSize" : 0
    },
    "INNER_CLASS_RETURN" : {
      "elementCount" : 0,
      "coveredCount" : 0,
      "effectualCount" : 0,
      "coverageGap" : [ ],
      "coveredPercentage" : 0.0,
      "effectualPercentage" : 0.0,
      "coverageGapPercentage" : 0.0,
      "coverageGapSize" : 0
    },
    "IF" : {
      "elementCount" : 6,
      "coveredCount" : 6,
      "effectualCount" : 6,
      "coverageGap" : [ ],
      "coveredPercentage" : 100.0,
      "effectualPercentage" : 100.0,
      "coverageGapPercentage" : 0.0,
      "coverageGapSize" : 0
    },
    "THROW" : {
      "elementCount" : 4,
      "coveredCount" : 2,
      "effectualCount" : 2,
      "coverageGap" : [ ],
      "coveredPercentage" : 50.0,
      "effectualPercentage" : 50.0,
      "coverageGapPercentage" : 0.0,
      "coverageGapSize" : 0
    },
    "RETURN" : {
      "elementCount" : 6,
      "coveredCount" : 6,
      "effectualCount" : 6,
      "coverageGap" : [ ],
      "coveredPercentage" : 100.0,
      "effectualPercentage" : 100.0,
      "coverageGapPercentage" : 0.0,
      "coverageGapSize" : 0
    },
    "EXPRESSION" : {
      "elementCount" : 2,
      "coveredCount" : 2,
      "effectualCount" : 2,
      "coverageGap" : [ ],
      "coveredPercentage" : 100.0,
      "effectualPercentage" : 100.0,
      "coverageGapPercentage" : 0.0,
      "coverageGapSize" : 0
    },
    "CONTINUE" : {
      "elementCount" : 0,
      "coveredCount" : 0,
      "effectualCount" : 0,
      "coverageGap" : [ ],
      "coveredPercentage" : 0.0,
      "effectualPercentage" : 0.0,
      "coverageGapPercentage" : 0.0,
      "coverageGapSize" : 0
    },
    "LAMBDA" : {
      "elementCount" : 0,
      "coveredCount" : 0,
      "effectualCount" : 0,
      "coverageGap" : [ ],
      "coveredPercentage" : 0.0,
      "effectualPercentage" : 0.0,
      "coverageGapPercentage" : 0.0,
      "coverageGapSize" : 0
    },
    "VARIABLE_DECLARATION" : {
      "elementCount" : 5,
      "coveredCount" : 5,
      "effectualCount" : 5,
      "coverageGap" : [ ],
      "coveredPercentage" : 100.0,
      "effectualPercentage" : 100.0,
      "coverageGapPercentage" : 0.0,
      "coverageGapSize" : 0
    },
    "BREAK" : {
      "elementCount" : 0,
      "coveredCount" : 0,
      "effectualCount" : 0,
      "coverageGap" : [ ],
      "coveredPercentage" : 0.0,
      "effectualPercentage" : 0.0,
      "coverageGapPercentage" : 0.0,
      "coverageGapSize" : 0
    },
    "INNER_CLASS" : {
      "elementCount" : 0,
      "coveredCount" : 0,
      "effectualCount" : 0,
      "coverageGap" : [ ],
      "coveredPercentage" : 0.0,
      "effectualPercentage" : 0.0,
      "coverageGapPercentage" : 0.0,
      "coverageGapSize" : 0
    },
    "LAMBDA_RETURN" : {
      "elementCount" : 0,
      "coveredCount" : 0,
      "effectualCount" : 0,
      "coverageGap" : [ ],
      "coveredPercentage" : 0.0,
      "effectualPercentage" : 0.0,
      "coverageGapPercentage" : 0.0,
      "coverageGapSize" : 0
    },
    "TRY" : {
      "elementCount" : 0,
      "coveredCount" : 0,
      "effectualCount" : 0,
      "coverageGap" : [ ],
      "coveredPercentage" : 0.0,
      "effectualPercentage" : 0.0,
      "coverageGapPercentage" : 0.0,
      "coverageGapSize" : 0
    },
    "WHILE" : {
      "elementCount" : 0,
      "coveredCount" : 0,
      "effectualCount" : 0,
      "coverageGap" : [ ],
      "coveredPercentage" : 0.0,
      "effectualPercentage" : 0.0,
      "coverageGapPercentage" : 0.0,
      "coverageGapSize" : 0
    }
  },
  "covered" : [ "Decision(true, IF, 1, info.debatty.java.stringsimilarity.LongestCommonSubsequence)", "Stmt(THROW, 3, info.debatty.java.stringsimilarity.LongestCommonSubsequence, DEFAULT)", "Stmt(THROW, 1, info.debatty.java.stringsimilarity.LongestCommonSubsequence, DEFAULT)", "Stmt(IF, 7, info.debatty.java.stringsimilarity.LongestCommonSubsequence, DEFAULT)", "Stmt(RETURN, 5, info.debatty.java.stringsimilarity.LongestCommonSubsequence, DEFAULT)", "Stmt(RETURN, 5, info.debatty.java.stringsimilarity.LongestCommonSubsequence, NON_DEFAULT)", "Decision(true, LOOP, 5, info.debatty.java.stringsimilarity.LongestCommonSubsequence)", "Stmt(FOR, 11, info.debatty.java.stringsimilarity.LongestCommonSubsequence, DEFAULT)", "Decision(true, IF, 7, info.debatty.java.stringsimilarity.LongestCommonSubsequence)", "Stmt(IF, 9, info.debatty.java.stringsimilarity.LongestCommonSubsequence, DEFAULT)", "Stmt(EXPRESSION, 14, info.debatty.java.stringsimilarity.LongestCommonSubsequence, DEFAULT)", "Stmt(FOR, 12, info.debatty.java.stringsimilarity.LongestCommonSubsequence, DEFAULT)", "Stmt(VARIABLE_DECLARATION, 18, info.debatty.java.stringsimilarity.LongestCommonSubsequence, DEFAULT)", "Stmt(RETURN, 16, info.debatty.java.stringsimilarity.LongestCommonSubsequence, DEFAULT)", "Stmt(RETURN, 16, info.debatty.java.stringsimilarity.LongestCommonSubsequence, NON_DEFAULT)", "Stmt(VARIABLE_DECLARATION, 20, info.debatty.java.stringsimilarity.LongestCommonSubsequence, DEFAULT)", "Decision(true, IF, 2, info.debatty.java.stringsimilarity.LongestCommonSubsequence)", "Stmt(IF, 2, info.debatty.java.stringsimilarity.LongestCommonSubsequence, DEFAULT)", "Decision(true, IF, 0, info.debatty.java.stringsimilarity.LongestCommonSubsequence)", "Stmt(IF, 0, info.debatty.java.stringsimilarity.LongestCommonSubsequence, DEFAULT)", "Stmt(RETURN, 6, info.debatty.java.stringsimilarity.LongestCommonSubsequence, DEFAULT)", "Stmt(RETURN, 6, info.debatty.java.stringsimilarity.LongestCommonSubsequence, NON_DEFAULT)", "Stmt(IF, 4, info.debatty.java.stringsimilarity.LongestCommonSubsequence, DEFAULT)", "Decision(true, LOOP, 6, info.debatty.java.stringsimilarity.LongestCommonSubsequence)", "Stmt(EXPRESSION, 15, info.debatty.java.stringsimilarity.LongestCommonSubsequence, DEFAULT)", "Stmt(IF, 13, info.debatty.java.stringsimilarity.LongestCommonSubsequence, DEFAULT)", "Stmt(VARIABLE_DECLARATION, 19, info.debatty.java.stringsimilarity.LongestCommonSubsequence, DEFAULT)", "Stmt(VARIABLE_DECLARATION, 17, info.debatty.java.stringsimilarity.LongestCommonSubsequence, DEFAULT)", "Stmt(VARIABLE_DECLARATION, 21, info.debatty.java.stringsimilarity.LongestCommonSubsequence, DEFAULT)" ],
  "effectualCovered" : [ "Decision(true, IF, 1, info.debatty.java.stringsimilarity.LongestCommonSubsequence)", "Stmt(THROW, 3, info.debatty.java.stringsimilarity.LongestCommonSubsequence, DEFAULT)", "Stmt(THROW, 1, info.debatty.java.stringsimilarity.LongestCommonSubsequence, DEFAULT)", "Stmt(IF, 7, info.debatty.java.stringsimilarity.LongestCommonSubsequence, DEFAULT)", "Stmt(RETURN, 5, info.debatty.java.stringsimilarity.LongestCommonSubsequence, DEFAULT)", "Stmt(RETURN, 5, info.debatty.java.stringsimilarity.LongestCommonSubsequence, NON_DEFAULT)", "Decision(true, LOOP, 5, info.debatty.java.stringsimilarity.LongestCommonSubsequence)", "Stmt(FOR, 11, info.debatty.java.stringsimilarity.LongestCommonSubsequence, DEFAULT)", "Decision(true, IF, 7, info.debatty.java.stringsimilarity.LongestCommonSubsequence)", "Stmt(IF, 9, info.debatty.java.stringsimilarity.LongestCommonSubsequence, DEFAULT)", "Stmt(EXPRESSION, 14, info.debatty.java.stringsimilarity.LongestCommonSubsequence, DEFAULT)", "Stmt(FOR, 12, info.debatty.java.stringsimilarity.LongestCommonSubsequence, DEFAULT)", "Stmt(VARIABLE_DECLARATION, 18, info.debatty.java.stringsimilarity.LongestCommonSubsequence, DEFAULT)", "Stmt(RETURN, 16, info.debatty.java.stringsimilarity.LongestCommonSubsequence, DEFAULT)", "Stmt(RETURN, 16, info.debatty.java.stringsimilarity.LongestCommonSubsequence, NON_DEFAULT)", "Stmt(VARIABLE_DECLARATION, 20, info.debatty.java.stringsimilarity.LongestCommonSubsequence, DEFAULT)", "Decision(true, IF, 2, info.debatty.java.stringsimilarity.LongestCommonSubsequence)", "Stmt(IF, 2, info.debatty.java.stringsimilarity.LongestCommonSubsequence, DEFAULT)", "Decision(true, IF, 0, info.debatty.java.stringsimilarity.LongestCommonSubsequence)", "Stmt(IF, 0, info.debatty.java.stringsimilarity.LongestCommonSubsequence, DEFAULT)", "Stmt(RETURN, 6, info.debatty.java.stringsimilarity.LongestCommonSubsequence, DEFAULT)", "Stmt(RETURN, 6, info.debatty.java.stringsimilarity.LongestCommonSubsequence, NON_DEFAULT)", "Stmt(IF, 4, info.debatty.java.stringsimilarity.LongestCommonSubsequence, DEFAULT)", "Decision(true, LOOP, 6, info.debatty.java.stringsimilarity.LongestCommonSubsequence)", "Stmt(EXPRESSION, 15, info.debatty.java.stringsimilarity.LongestCommonSubsequence, DEFAULT)", "Stmt(IF, 13, info.debatty.java.stringsimilarity.LongestCommonSubsequence, DEFAULT)", "Stmt(VARIABLE_DECLARATION, 19, info.debatty.java.stringsimilarity.LongestCommonSubsequence, DEFAULT)", "Stmt(VARIABLE_DECLARATION, 17, info.debatty.java.stringsimilarity.LongestCommonSubsequence, DEFAULT)", "Stmt(VARIABLE_DECLARATION, 21, info.debatty.java.stringsimilarity.LongestCommonSubsequence, DEFAULT)" ],
  "totalElementCount" : 33,
  "totalCoveredCount" : 29,
  "totalEffectualCount" : 29,
  "totalCoverageGap" : 0
}