{
  "fileName" : "src/main/java/com/amihaiemil/eoyaml/JsonYamlDump.java",
  "packageName" : "com.amihaiemil.eoyaml",
  "className" : "JsonYamlDump",
  "typeMetricsHashMap" : {
    "SWITCH_ENTRY_ASSIGNMENT" : {
      "elementCount" : 0,
      "coveredCount" : 0,
      "effectualCount" : 0,
      "coverageGap" : [ ],
      "coveredPercentage" : 0.0,
      "effectualPercentage" : 0.0,
      "coverageGapPercentage" : 0.0,
      "coverageGapSize" : 0
    },
    "DO" : {
      "elementCount" : 0,
      "coveredCount" : 0,
      "effectualCount" : 0,
      "coverageGap" : [ ],
      "coveredPercentage" : 0.0,
      "effectualPercentage" : 0.0,
      "coverageGapPercentage" : 0.0,
      "coverageGapSize" : 0
    },
    "FOR_EACH" : {
      "elementCount" : 0,
      "coveredCount" : 0,
      "effectualCount" : 0,
      "coverageGap" : [ ],
      "coveredPercentage" : 0.0,
      "effectualPercentage" : 0.0,
      "coverageGapPercentage" : 0.0,
      "coverageGapSize" : 0
    },
    "DECISION" : {
      "elementCount" : 3,
      "coveredCount" : 3,
      "effectualCount" : 3,
      "coverageGap" : [ ],
      "coveredPercentage" : 100.0,
      "effectualPercentage" : 100.0,
      "coverageGapPercentage" : 0.0,
      "coverageGapSize" : 0
    },
    "SWITCH" : {
      "elementCount" : 0,
      "coveredCount" : 0,
      "effectualCount" : 0,
      "coverageGap" : [ ],
      "coveredPercentage" : 0.0,
      "effectualPercentage" : 0.0,
      "coverageGapPercentage" : 0.0,
      "coverageGapSize" : 0
    },
    "FOR" : {
      "elementCount" : 0,
      "coveredCount" : 0,
      "effectualCount" : 0,
      "coverageGap" : [ ],
      "coveredPercentage" : 0.0,
      "effectualPercentage" : 0.0,
      "coverageGapPercentage" : 0.0,
      "coverageGapSize" : 0
    },
    "INNER_CLASS_RETURN" : {
      "elementCount" : 0,
      "coveredCount" : 0,
      "effectualCount" : 0,
      "coverageGap" : [ ],
      "coveredPercentage" : 0.0,
      "effectualPercentage" : 0.0,
      "coverageGapPercentage" : 0.0,
      "coverageGapSize" : 0
    },
    "IF" : {
      "elementCount" : 3,
      "coveredCount" : 3,
      "effectualCount" : 3,
      "coverageGap" : [ ],
      "coveredPercentage" : 100.0,
      "effectualPercentage" : 100.0,
      "coverageGapPercentage" : 0.0,
      "coverageGapSize" : 0
    },
    "THROW" : {
      "elementCount" : 0,
      "coveredCount" : 0,
      "effectualCount" : 0,
      "coverageGap" : [ ],
      "coveredPercentage" : 0.0,
      "effectualPercentage" : 0.0,
      "coverageGapPercentage" : 0.0,
      "coverageGapSize" : 0
    },
    "RETURN" : {
      "elementCount" : 2,
      "coveredCount" : 2,
      "effectualCount" : 2,
      "coverageGap" : [ ],
      "coveredPercentage" : 100.0,
      "effectualPercentage" : 100.0,
      "coverageGapPercentage" : 0.0,
      "coverageGapSize" : 0
    },
    "EXPRESSION" : {
      "elementCount" : 6,
      "coveredCount" : 6,
      "effectualCount" : 6,
      "coverageGap" : [ ],
      "coveredPercentage" : 100.0,
      "effectualPercentage" : 100.0,
      "coverageGapPercentage" : 0.0,
      "coverageGapSize" : 0
    },
    "CONTINUE" : {
      "elementCount" : 0,
      "coveredCount" : 0,
      "effectualCount" : 0,
      "coverageGap" : [ ],
      "coveredPercentage" : 0.0,
      "effectualPercentage" : 0.0,
      "coverageGapPercentage" : 0.0,
      "coverageGapSize" : 0
    },
    "LAMBDA" : {
      "elementCount" : 0,
      "coveredCount" : 0,
      "effectualCount" : 0,
      "coverageGap" : [ ],
      "coveredPercentage" : 0.0,
      "effectualPercentage" : 0.0,
      "coverageGapPercentage" : 0.0,
      "coverageGapSize" : 0
    },
    "VARIABLE_DECLARATION" : {
      "elementCount" : 0,
      "coveredCount" : 0,
      "effectualCount" : 0,
      "coverageGap" : [ ],
      "coveredPercentage" : 0.0,
      "effectualPercentage" : 0.0,
      "coverageGapPercentage" : 0.0,
      "coverageGapSize" : 0
    },
    "BREAK" : {
      "elementCount" : 0,
      "coveredCount" : 0,
      "effectualCount" : 0,
      "coverageGap" : [ ],
      "coveredPercentage" : 0.0,
      "effectualPercentage" : 0.0,
      "coverageGapPercentage" : 0.0,
      "coverageGapSize" : 0
    },
    "INNER_CLASS" : {
      "elementCount" : 0,
      "coveredCount" : 0,
      "effectualCount" : 0,
      "coverageGap" : [ ],
      "coveredPercentage" : 0.0,
      "effectualPercentage" : 0.0,
      "coverageGapPercentage" : 0.0,
      "coverageGapSize" : 0
    },
    "LAMBDA_RETURN" : {
      "elementCount" : 0,
      "coveredCount" : 0,
      "effectualCount" : 0,
      "coverageGap" : [ ],
      "coveredPercentage" : 0.0,
      "effectualPercentage" : 0.0,
      "coverageGapPercentage" : 0.0,
      "coverageGapSize" : 0
    },
    "TRY" : {
      "elementCount" : 0,
      "coveredCount" : 0,
      "effectualCount" : 0,
      "coverageGap" : [ ],
      "coveredPercentage" : 0.0,
      "effectualPercentage" : 0.0,
      "coverageGapPercentage" : 0.0,
      "coverageGapSize" : 0
    },
    "WHILE" : {
      "elementCount" : 0,
      "coveredCount" : 0,
      "effectualCount" : 0,
      "coverageGap" : [ ],
      "coveredPercentage" : 0.0,
      "effectualPercentage" : 0.0,
      "coverageGapPercentage" : 0.0,
      "coverageGapSize" : 0
    }
  },
  "covered" : [ "Stmt(IF, 1, com.amihaiemil.eoyaml.JsonYamlDump, DEFAULT)", "Stmt(EXPRESSION, 0, com.amihaiemil.eoyaml.JsonYamlDump, DEFAULT)", "Stmt(RETURN, 9, com.amihaiemil.eoyaml.JsonYamlDump, DEFAULT)", "Stmt(RETURN, 9, com.amihaiemil.eoyaml.JsonYamlDump, NON_DEFAULT)", "Stmt(EXPRESSION, 8, com.amihaiemil.eoyaml.JsonYamlDump, DEFAULT)", "Stmt(EXPRESSION, 7, com.amihaiemil.eoyaml.JsonYamlDump, DEFAULT)", "Stmt(EXPRESSION, 6, com.amihaiemil.eoyaml.JsonYamlDump, DEFAULT)", "Decision(true, IF, 1, com.amihaiemil.eoyaml.JsonYamlDump)", "Stmt(IF, 5, com.amihaiemil.eoyaml.JsonYamlDump, DEFAULT)", "Decision(true, IF, 2, com.amihaiemil.eoyaml.JsonYamlDump)", "Stmt(IF, 4, com.amihaiemil.eoyaml.JsonYamlDump, DEFAULT)", "Stmt(EXPRESSION, 3, com.amihaiemil.eoyaml.JsonYamlDump, DEFAULT)", "Decision(true, IF, 0, com.amihaiemil.eoyaml.JsonYamlDump)", "Stmt(EXPRESSION, 2, com.amihaiemil.eoyaml.JsonYamlDump, DEFAULT)" ],
  "effectualCovered" : [ "Stmt(IF, 1, com.amihaiemil.eoyaml.JsonYamlDump, DEFAULT)", "Stmt(EXPRESSION, 0, com.amihaiemil.eoyaml.JsonYamlDump, DEFAULT)", "Stmt(RETURN, 9, com.amihaiemil.eoyaml.JsonYamlDump, DEFAULT)", "Stmt(RETURN, 9, com.amihaiemil.eoyaml.JsonYamlDump, NON_DEFAULT)", "Stmt(EXPRESSION, 8, com.amihaiemil.eoyaml.JsonYamlDump, DEFAULT)", "Stmt(EXPRESSION, 7, com.amihaiemil.eoyaml.JsonYamlDump, DEFAULT)", "Stmt(EXPRESSION, 6, com.amihaiemil.eoyaml.JsonYamlDump, DEFAULT)", "Decision(true, IF, 1, com.amihaiemil.eoyaml.JsonYamlDump)", "Stmt(IF, 5, com.amihaiemil.eoyaml.JsonYamlDump, DEFAULT)", "Decision(true, IF, 2, com.amihaiemil.eoyaml.JsonYamlDump)", "Stmt(IF, 4, com.amihaiemil.eoyaml.JsonYamlDump, DEFAULT)", "Stmt(EXPRESSION, 3, com.amihaiemil.eoyaml.JsonYamlDump, DEFAULT)", "Decision(true, IF, 0, com.amihaiemil.eoyaml.JsonYamlDump)", "Stmt(EXPRESSION, 2, com.amihaiemil.eoyaml.JsonYamlDump, DEFAULT)" ],
  "totalElementCount" : 14,
  "totalCoveredCount" : 14,
  "totalEffectualCount" : 14,
  "totalCoverageGap" : 0
}