{
  "testClassName" : "com.amihaiemil.eoyaml.JsonYamlDumpTest",
  "testMethodName" : "canDumpNullValue",
  "testOutcomes" : [ "PASSED(10)", "PASSED(0)", "PASSED(0)" ],
  "coverageElementTestOutcomes" : {
    "Decision(true, IF, 0, com.amihaiemil.eoyaml.JsonYamlDump)" : [ "THREW_EXCEPTION(1, java.lang.NullPointerException: Cannot invoke \"javax.json.JsonValue.toString()\" because \"safeValue\" is null <com.amihaiemil.eoyaml.JsonYamlDump.dump(JsonYamlDump.java:85)>)" ],
    "Decision(false, IF, 1, com.amihaiemil.eoyaml.JsonYamlDump)" : [ "THREW_EXCEPTION(1, java.lang.NullPointerException: Cannot invoke \"javax.json.JsonObject.keySet()\" because \"this.object\" is null <com.amihaiemil.eoyaml.JsonYamlMapping.keys(JsonYamlMapping.java:59)>)" ],
    "Decision(false, IF, 2, com.amihaiemil.eoyaml.JsonYamlDump)" : [ "THREW_EXCEPTION(1, java.lang.NullPointerException: Cannot invoke \"javax.json.JsonArray.stream()\" because \"this.array\" is null <com.amihaiemil.eoyaml.JsonYamlSequence.values(JsonYamlSequence.java:58)>)" ],
    "Stmt(EXPRESSION, 0, com.amihaiemil.eoyaml.JsonYamlDump, DEFAULT)" : [ "THREW_EXCEPTION(0, java.lang.NullPointerException: Cannot invoke \"javax.json.JsonValue.toString()\" because \"safeValue\" is null <com.amihaiemil.eoyaml.JsonYamlDump.dump(JsonYamlDump.java:85)>)" ],
    "Stmt(EXPRESSION, 0, com.amihaiemil.eoyaml.JsonYamlDump, NON_DEFAULT)" : [ "THREW_EXCEPTION(0, java.lang.NullPointerException: Cannot invoke \"javax.json.JsonValue.toString()\" because \"safeValue\" is null <com.amihaiemil.eoyaml.JsonYamlDump.dump(JsonYamlDump.java:85)>)" ],
    "Stmt(IF, 1, com.amihaiemil.eoyaml.JsonYamlDump, DEFAULT)" : [ "THREW_EXCEPTION(0, java.lang.NullPointerException: Cannot invoke \"javax.json.JsonValue.toString()\" because \"safeValue\" is null <com.amihaiemil.eoyaml.JsonYamlDump.dump(JsonYamlDump.java:85)>)" ],
    "Stmt(IF, 1, com.amihaiemil.eoyaml.JsonYamlDump, NON_DEFAULT)" : [ "THREW_EXCEPTION(1, java.lang.NullPointerException: Cannot invoke \"javax.json.JsonValue.toString()\" because \"safeValue\" is null <com.amihaiemil.eoyaml.JsonYamlDump.dump(JsonYamlDump.java:85)>)" ],
    "Stmt(EXPRESSION, 3, com.amihaiemil.eoyaml.JsonYamlDump, DEFAULT)" : [ "THREW_EXCEPTION(0, java.lang.NullPointerException: Cannot invoke \"javax.json.JsonValue.toString()\" because \"safeValue\" is null <com.amihaiemil.eoyaml.JsonYamlDump.dump(JsonYamlDump.java:85)>)" ],
    "Stmt(EXPRESSION, 3, com.amihaiemil.eoyaml.JsonYamlDump, NON_DEFAULT)" : [ "THREW_EXCEPTION(0, java.lang.NullPointerException: Cannot invoke \"javax.json.JsonValue.toString()\" because \"safeValue\" is null <com.amihaiemil.eoyaml.JsonYamlDump.dump(JsonYamlDump.java:85)>)" ],
    "Stmt(IF, 4, com.amihaiemil.eoyaml.JsonYamlDump, DEFAULT)" : [ "FAILED(0)" ],
    "Stmt(IF, 4, com.amihaiemil.eoyaml.JsonYamlDump, NON_DEFAULT)" : [ "FAILED(0)" ],
    "Stmt(IF, 5, com.amihaiemil.eoyaml.JsonYamlDump, DEFAULT)" : [ "FAILED(1)" ],
    "Stmt(IF, 5, com.amihaiemil.eoyaml.JsonYamlDump, NON_DEFAULT)" : [ "FAILED(1)" ],
    "Stmt(EXPRESSION, 6, com.amihaiemil.eoyaml.JsonYamlDump, DEFAULT)" : [ "FAILED(5)" ],
    "Stmt(EXPRESSION, 6, com.amihaiemil.eoyaml.JsonYamlDump, NON_DEFAULT)" : [ "FAILED(1)" ],
    "Stmt(RETURN, 9, com.amihaiemil.eoyaml.JsonYamlDump, DEFAULT)" : [ "THREW_EXCEPTION(1, java.lang.NullPointerException: Cannot invoke \"javax.json.JsonValue.toString()\" because \"safeValue\" is null <com.amihaiemil.eoyaml.JsonYamlDump.dump(JsonYamlDump.java:85)>)" ],
    "Stmt(RETURN, 9, com.amihaiemil.eoyaml.JsonYamlDump, NON_DEFAULT)" : [ "THREW_EXCEPTION(0, java.lang.NullPointerException: Cannot invoke \"javax.json.JsonValue.toString()\" because \"safeValue\" is null <com.amihaiemil.eoyaml.JsonYamlDump.dump(JsonYamlDump.java:85)>)" ]
  },
  "timeTaken" : 114
}