{
  "testClassName" : "technology.tabula.TestTextElement",
  "testMethodName" : "mergeFourElementsIntoOneWord",
  "testOutcomes" : [ "PASSED(1)", "PASSED(1)", "PASSED(0)" ],
  "coverageElementTestOutcomes" : {
    "Decision(false, IF, 0, technology.tabula.TextElement)" : [ "FAILED(0)" ],
    "Decision(false, IF, 1, technology.tabula.TextElement)" : [ "FAILED(0)" ],
    "Decision(false, IF, 2, technology.tabula.TextElement)" : [ "FAILED(0)" ],
    "Decision(false, IF, 3, technology.tabula.TextElement)" : [ "FAILED(0)" ],
    "Decision(false, IF, 4, technology.tabula.TextElement)" : [ "FAILED(0)" ],
    "Decision(false, IF, 5, technology.tabula.TextElement)" : [ "FAILED(0)" ],
    "Decision(false, IF, 7, technology.tabula.TextElement)" : [ "FAILED(0)" ],
    "Decision(false, IF, 8, technology.tabula.TextElement)" : [ "FAILED(1)" ],
    "Decision(false, IF, 9, technology.tabula.TextElement)" : [ "FAILED(0)" ],
    "Decision(false, IF, 11, technology.tabula.TextElement)" : [ "FAILED(0)" ],
    "Decision(false, IF, 12, technology.tabula.TextElement)" : [ "FAILED(0)" ],
    "Decision(false, IF, 13, technology.tabula.TextElement)" : [ "FAILED(0)" ],
    "Decision(false, IF, 14, technology.tabula.TextElement)" : [ "FAILED(1)" ],
    "Decision(false, IF, 16, technology.tabula.TextElement)" : [ "FAILED(1)" ],
    "Decision(true, IF, 17, technology.tabula.TextElement)" : [ "FAILED(0)" ],
    "Decision(false, IF, 17, technology.tabula.TextElement)" : [ "FAILED(0)" ],
    "Decision(false, IF, 18, technology.tabula.TextElement)" : [ "FAILED(1)" ],
    "Decision(true, IF, 19, technology.tabula.TextElement)" : [ "FAILED(0)" ],
    "Decision(false, IF, 20, technology.tabula.TextElement)" : [ "FAILED(0)" ],
    "Decision(false, IF, 21, technology.tabula.TextElement)" : [ "FAILED(0)" ],
    "Decision(true, IF, 22, technology.tabula.TextElement)" : [ "FAILED(0)" ],
    "Stmt(EXPRESSION, 0, technology.tabula.TextElement, DEFAULT)" : [ "FAILED(0)" ],
    "Stmt(EXPRESSION, 0, technology.tabula.TextElement, NON_DEFAULT)" : [ "FAILED(0)" ],
    "Stmt(EXPRESSION, 1, technology.tabula.TextElement, DEFAULT)" : [ "THREW_EXCEPTION(0, java.lang.NullPointerException: Cannot invoke \"String.length()\" because the return value of \"technology.tabula.TextElement.getText()\" is null <technology.tabula.TextElement.mergeWords(TextElement.java:363)>)" ],
    "Stmt(EXPRESSION, 1, technology.tabula.TextElement, NON_DEFAULT)" : [ "THREW_EXCEPTION(0, java.lang.NullPointerException: Cannot invoke \"String.length()\" because the return value of \"technology.tabula.TextElement.getText()\" is null <technology.tabula.TextElement.mergeWords(TextElement.java:363)>)" ],
    "Stmt(EXPRESSION, 2, technology.tabula.TextElement, DEFAULT)" : [ "FAILED(0)" ],
    "Stmt(EXPRESSION, 2, technology.tabula.TextElement, NON_DEFAULT)" : [ "FAILED(0)" ],
    "Stmt(EXPRESSION, 3, technology.tabula.TextElement, DEFAULT)" : [ "FAILED(1)" ],
    "Stmt(EXPRESSION, 3, technology.tabula.TextElement, NON_DEFAULT)" : [ "FAILED(0)" ],
    "Stmt(EXPRESSION, 4, technology.tabula.TextElement, DEFAULT)" : [ "FAILED(0)" ],
    "Stmt(EXPRESSION, 4, technology.tabula.TextElement, NON_DEFAULT)" : [ "FAILED(1)" ],
    "Stmt(EXPRESSION, 5, technology.tabula.TextElement, DEFAULT)" : [ "FAILED(0)" ],
    "Stmt(EXPRESSION, 5, technology.tabula.TextElement, NON_DEFAULT)" : [ "FAILED(0)" ],
    "Stmt(RETURN, 6, technology.tabula.TextElement, DEFAULT)" : [ "THREW_EXCEPTION(0, java.lang.StringIndexOutOfBoundsException: String index out of range: 0 <java.base/java.lang.StringLatin1.charAt(StringLatin1.java:48)>)" ],
    "Stmt(RETURN, 6, technology.tabula.TextElement, NON_DEFAULT)" : [ "FAILED(0)" ],
    "Stmt(RETURN, 9, technology.tabula.TextElement, DEFAULT)" : [ "FAILED(0)" ],
    "Stmt(RETURN, 9, technology.tabula.TextElement, NON_DEFAULT)" : [ "FAILED(1)" ],
    "Stmt(RETURN, 10, technology.tabula.TextElement, DEFAULT)" : [ "FAILED(0)" ],
    "Stmt(RETURN, 10, technology.tabula.TextElement, NON_DEFAULT)" : [ "FAILED(0)" ],
    "Stmt(RETURN, 11, technology.tabula.TextElement, DEFAULT)" : [ "FAILED(1)" ],
    "Stmt(RETURN, 11, technology.tabula.TextElement, NON_DEFAULT)" : [ "FAILED(0)" ],
    "Stmt(IF, 24, technology.tabula.TextElement, DEFAULT)" : [ "FAILED(1)" ],
    "Stmt(IF, 24, technology.tabula.TextElement, NON_DEFAULT)" : [ "FAILED(0)" ],
    "Stmt(IF, 26, technology.tabula.TextElement, DEFAULT)" : [ "FAILED(0)" ],
    "Stmt(IF, 26, technology.tabula.TextElement, NON_DEFAULT)" : [ "FAILED(1)" ],
    "Stmt(IF, 28, technology.tabula.TextElement, DEFAULT)" : [ "FAILED(0)" ],
    "Stmt(IF, 28, technology.tabula.TextElement, NON_DEFAULT)" : [ "FAILED(0)" ],
    "Stmt(IF, 30, technology.tabula.TextElement, DEFAULT)" : [ "FAILED(1)" ],
    "Stmt(IF, 30, technology.tabula.TextElement, NON_DEFAULT)" : [ "FAILED(0)" ],
    "Stmt(IF, 32, technology.tabula.TextElement, DEFAULT)" : [ "FAILED(0)" ],
    "Stmt(IF, 32, technology.tabula.TextElement, NON_DEFAULT)" : [ "FAILED(0)" ],
    "Stmt(IF, 33, technology.tabula.TextElement, DEFAULT)" : [ "FAILED(0)" ],
    "Stmt(IF, 33, technology.tabula.TextElement, NON_DEFAULT)" : [ "FAILED(0)" ],
    "Stmt(IF, 37, technology.tabula.TextElement, DEFAULT)" : [ "FAILED(0)" ],
    "Stmt(IF, 37, technology.tabula.TextElement, NON_DEFAULT)" : [ "FAILED(0)" ],
    "Stmt(IF, 39, technology.tabula.TextElement, DEFAULT)" : [ "FAILED(0)" ],
    "Stmt(IF, 39, technology.tabula.TextElement, NON_DEFAULT)" : [ "FAILED(0)" ],
    "Stmt(IF, 40, technology.tabula.TextElement, DEFAULT)" : [ "FAILED(0)" ],
    "Stmt(IF, 40, technology.tabula.TextElement, NON_DEFAULT)" : [ "FAILED(0)" ],
    "Stmt(RETURN, 44, technology.tabula.TextElement, DEFAULT)" : [ "FAILED(0)" ],
    "Stmt(RETURN, 44, technology.tabula.TextElement, NON_DEFAULT)" : [ "FAILED(0)" ],
    "Stmt(VARIABLE_DECLARATION, 45, technology.tabula.TextElement, DEFAULT)" : [ "FAILED(1)" ],
    "Stmt(VARIABLE_DECLARATION, 45, technology.tabula.TextElement, NON_DEFAULT)" : [ "FAILED(0)" ],
    "Stmt(RETURN, 46, technology.tabula.TextElement, DEFAULT)" : [ "FAILED(0)" ],
    "Stmt(RETURN, 46, technology.tabula.TextElement, NON_DEFAULT)" : [ "FAILED(1)" ],
    "Stmt(IF, 47, technology.tabula.TextElement, DEFAULT)" : [ "FAILED(0)" ],
    "Stmt(IF, 47, technology.tabula.TextElement, NON_DEFAULT)" : [ "FAILED(0)" ],
    "Stmt(EXPRESSION, 49, technology.tabula.TextElement, DEFAULT)" : [ "THREW_EXCEPTION(0, java.lang.IndexOutOfBoundsException: Index 0 out of bounds for length 0 <java.base/jdk.internal.util.Preconditions.outOfBounds(Preconditions.java:64)>)" ],
    "Stmt(EXPRESSION, 49, technology.tabula.TextElement, NON_DEFAULT)" : [ "THREW_EXCEPTION(0, java.lang.IndexOutOfBoundsException: Index 0 out of bounds for length 0 <java.base/jdk.internal.util.Preconditions.outOfBounds(Preconditions.java:64)>)" ],
    "Stmt(FOR_EACH, 50, technology.tabula.TextElement, DEFAULT)" : [ "FAILED(0)" ],
    "Stmt(FOR_EACH, 50, technology.tabula.TextElement, NON_DEFAULT)" : [ "FAILED(0)" ],
    "Stmt(EXPRESSION, 51, technology.tabula.TextElement, DEFAULT)" : [ "THREW_EXCEPTION(0, java.lang.NullPointerException: Cannot read field \"textElements\" because \"currentChunk\" is null <technology.tabula.TextElement.mergeWords(TextElement.java:286)>)" ],
    "Stmt(EXPRESSION, 51, technology.tabula.TextElement, NON_DEFAULT)" : [ "THREW_EXCEPTION(0, java.lang.NullPointerException: Cannot read field \"textElements\" because \"currentChunk\" is null <technology.tabula.TextElement.mergeWords(TextElement.java:286)>)" ],
    "Stmt(EXPRESSION, 52, technology.tabula.TextElement, DEFAULT)" : [ "THREW_EXCEPTION(0, java.lang.NullPointerException: Cannot invoke \"technology.tabula.TextElement.getFontSize()\" because \"prevChar\" is null <technology.tabula.TextElement.mergeWords(TextElement.java:306)>)" ],
    "Stmt(EXPRESSION, 52, technology.tabula.TextElement, NON_DEFAULT)" : [ "THREW_EXCEPTION(0, java.lang.NullPointerException: Cannot invoke \"technology.tabula.TextElement.getFontSize()\" because \"prevChar\" is null <technology.tabula.TextElement.mergeWords(TextElement.java:306)>)" ],
    "Stmt(IF, 53, technology.tabula.TextElement, DEFAULT)" : [ "FAILED(0)" ],
    "Stmt(IF, 53, technology.tabula.TextElement, NON_DEFAULT)" : [ "FAILED(0)" ],
    "Stmt(IF, 55, technology.tabula.TextElement, DEFAULT)" : [ "FAILED(0)" ],
    "Stmt(IF, 55, technology.tabula.TextElement, NON_DEFAULT)" : [ "FAILED(0)" ],
    "Stmt(IF, 57, technology.tabula.TextElement, DEFAULT)" : [ "FAILED(0)" ],
    "Stmt(IF, 57, technology.tabula.TextElement, NON_DEFAULT)" : [ "FAILED(1)" ],
    "Stmt(EXPRESSION, 59, technology.tabula.TextElement, DEFAULT)" : [ "FAILED(1)" ],
    "Stmt(EXPRESSION, 59, technology.tabula.TextElement, NON_DEFAULT)" : [ "FAILED(0)" ],
    "Stmt(FOR_EACH, 60, technology.tabula.TextElement, DEFAULT)" : [ "FAILED(0)" ],
    "Stmt(FOR_EACH, 60, technology.tabula.TextElement, NON_DEFAULT)" : [ "FAILED(0)" ],
    "Stmt(EXPRESSION, 64, technology.tabula.TextElement, DEFAULT)" : [ "FAILED(0)" ],
    "Stmt(EXPRESSION, 64, technology.tabula.TextElement, NON_DEFAULT)" : [ "FAILED(0)" ],
    "Stmt(EXPRESSION, 65, technology.tabula.TextElement, DEFAULT)" : [ "FAILED(0)" ],
    "Stmt(EXPRESSION, 65, technology.tabula.TextElement, NON_DEFAULT)" : [ "FAILED(0)" ],
    "Stmt(IF, 66, technology.tabula.TextElement, DEFAULT)" : [ "FAILED(0)" ],
    "Stmt(IF, 66, technology.tabula.TextElement, NON_DEFAULT)" : [ "FAILED(0)" ],
    "Stmt(IF, 67, technology.tabula.TextElement, DEFAULT)" : [ "FAILED(0)" ],
    "Stmt(IF, 67, technology.tabula.TextElement, NON_DEFAULT)" : [ "FAILED(0)" ],
    "Stmt(EXPRESSION, 68, technology.tabula.TextElement, DEFAULT)" : [ "FAILED(0)" ],
    "Stmt(EXPRESSION, 68, technology.tabula.TextElement, NON_DEFAULT)" : [ "FAILED(0)" ],
    "Stmt(EXPRESSION, 69, technology.tabula.TextElement, DEFAULT)" : [ "FAILED(1)" ],
    "Stmt(EXPRESSION, 69, technology.tabula.TextElement, NON_DEFAULT)" : [ "FAILED(0)" ],
    "Stmt(IF, 71, technology.tabula.TextElement, DEFAULT)" : [ "FAILED(0)" ],
    "Stmt(IF, 71, technology.tabula.TextElement, NON_DEFAULT)" : [ "FAILED(1)" ],
    "Stmt(EXPRESSION, 72, technology.tabula.TextElement, DEFAULT)" : [ "FAILED(1)" ],
    "Stmt(EXPRESSION, 72, technology.tabula.TextElement, NON_DEFAULT)" : [ "FAILED(1)" ],
    "Stmt(EXPRESSION, 74, technology.tabula.TextElement, DEFAULT)" : [ "FAILED(1)" ],
    "Stmt(EXPRESSION, 74, technology.tabula.TextElement, NON_DEFAULT)" : [ "FAILED(0)" ],
    "Stmt(EXPRESSION, 75, technology.tabula.TextElement, DEFAULT)" : [ "FAILED(0)" ],
    "Stmt(EXPRESSION, 75, technology.tabula.TextElement, NON_DEFAULT)" : [ "FAILED(1)" ],
    "Stmt(IF, 76, technology.tabula.TextElement, DEFAULT)" : [ "FAILED(1)" ],
    "Stmt(IF, 76, technology.tabula.TextElement, NON_DEFAULT)" : [ "FAILED(0)" ],
    "Stmt(EXPRESSION, 77, technology.tabula.TextElement, DEFAULT)" : [ "FAILED(0)" ],
    "Stmt(EXPRESSION, 77, technology.tabula.TextElement, NON_DEFAULT)" : [ "FAILED(0)" ],
    "Stmt(EXPRESSION, 78, technology.tabula.TextElement, DEFAULT)" : [ "FAILED(0)" ],
    "Stmt(EXPRESSION, 78, technology.tabula.TextElement, NON_DEFAULT)" : [ "FAILED(0)" ],
    "Stmt(IF, 79, technology.tabula.TextElement, DEFAULT)" : [ "FAILED(0)" ],
    "Stmt(IF, 79, technology.tabula.TextElement, NON_DEFAULT)" : [ "FAILED(0)" ],
    "Stmt(EXPRESSION, 86, technology.tabula.TextElement, DEFAULT)" : [ "FAILED(0)" ],
    "Stmt(EXPRESSION, 86, technology.tabula.TextElement, NON_DEFAULT)" : [ "FAILED(0)" ],
    "Stmt(IF, 87, technology.tabula.TextElement, DEFAULT)" : [ "FAILED(1)" ],
    "Stmt(IF, 87, technology.tabula.TextElement, NON_DEFAULT)" : [ "FAILED(0)" ],
    "Stmt(EXPRESSION, 88, technology.tabula.TextElement, DEFAULT)" : [ "FAILED(1)" ],
    "Stmt(EXPRESSION, 88, technology.tabula.TextElement, NON_DEFAULT)" : [ "FAILED(0)" ],
    "Stmt(EXPRESSION, 91, technology.tabula.TextElement, DEFAULT)" : [ "FAILED(0)" ],
    "Stmt(EXPRESSION, 91, technology.tabula.TextElement, NON_DEFAULT)" : [ "FAILED(0)" ],
    "Stmt(EXPRESSION, 92, technology.tabula.TextElement, DEFAULT)" : [ "FAILED(1)" ],
    "Stmt(EXPRESSION, 92, technology.tabula.TextElement, NON_DEFAULT)" : [ "FAILED(0)" ],
    "Stmt(EXPRESSION, 93, technology.tabula.TextElement, DEFAULT)" : [ "FAILED(0)" ],
    "Stmt(EXPRESSION, 93, technology.tabula.TextElement, NON_DEFAULT)" : [ "FAILED(0)" ],
    "Stmt(EXPRESSION, 94, technology.tabula.TextElement, DEFAULT)" : [ "FAILED(0)" ],
    "Stmt(EXPRESSION, 94, technology.tabula.TextElement, NON_DEFAULT)" : [ "FAILED(0)" ],
    "Stmt(IF, 95, technology.tabula.TextElement, DEFAULT)" : [ "FAILED(0)" ],
    "Stmt(IF, 95, technology.tabula.TextElement, NON_DEFAULT)" : [ "FAILED(0)" ],
    "Stmt(EXPRESSION, 97, technology.tabula.TextElement, DEFAULT)" : [ "FAILED(1)" ],
    "Stmt(EXPRESSION, 97, technology.tabula.TextElement, NON_DEFAULT)" : [ "FAILED(1)" ],
    "Stmt(EXPRESSION, 98, technology.tabula.TextElement, DEFAULT)" : [ "FAILED(0)" ],
    "Stmt(EXPRESSION, 98, technology.tabula.TextElement, NON_DEFAULT)" : [ "FAILED(0)" ],
    "Stmt(EXPRESSION, 99, technology.tabula.TextElement, DEFAULT)" : [ "FAILED(0)" ],
    "Stmt(EXPRESSION, 99, technology.tabula.TextElement, NON_DEFAULT)" : [ "FAILED(1)" ],
    "Stmt(FOR_EACH, 100, technology.tabula.TextElement, DEFAULT)" : [ "FAILED(0)" ],
    "Stmt(FOR_EACH, 100, technology.tabula.TextElement, NON_DEFAULT)" : [ "FAILED(0)" ],
    "Stmt(EXPRESSION, 101, technology.tabula.TextElement, DEFAULT)" : [ "FAILED(0)" ],
    "Stmt(EXPRESSION, 101, technology.tabula.TextElement, NON_DEFAULT)" : [ "FAILED(0)" ],
    "Stmt(VARIABLE_DECLARATION, 102, technology.tabula.TextElement, DEFAULT)" : [ "FAILED(1)" ],
    "Stmt(VARIABLE_DECLARATION, 102, technology.tabula.TextElement, NON_DEFAULT)" : [ "FAILED(0)" ],
    "Stmt(VARIABLE_DECLARATION, 103, technology.tabula.TextElement, DEFAULT)" : [ "FAILED(0)" ],
    "Stmt(VARIABLE_DECLARATION, 103, technology.tabula.TextElement, NON_DEFAULT)" : [ "FAILED(1)" ],
    "Stmt(RETURN, 104, technology.tabula.TextElement, DEFAULT)" : [ "FAILED(0)" ],
    "Stmt(RETURN, 104, technology.tabula.TextElement, NON_DEFAULT)" : [ "FAILED(0)" ],
    "Stmt(VARIABLE_DECLARATION, 105, technology.tabula.TextElement, DEFAULT)" : [ "THREW_EXCEPTION(0, java.lang.NullPointerException: Cannot invoke \"java.util.List.add(Object)\" because \"textChunks\" is null <technology.tabula.TextElement.mergeWords(TextElement.java:239)>)" ],
    "Stmt(VARIABLE_DECLARATION, 105, technology.tabula.TextElement, NON_DEFAULT)" : [ "THREW_EXCEPTION(0, java.lang.NullPointerException: Cannot invoke \"java.util.List.add(Object)\" because \"textChunks\" is null <technology.tabula.TextElement.mergeWords(TextElement.java:239)>)" ],
    "Stmt(VARIABLE_DECLARATION, 106, technology.tabula.TextElement, DEFAULT)" : [ "THREW_EXCEPTION(0, java.lang.NullPointerException: Cannot invoke \"java.util.List.remove(int)\" because \"copyOfTextElements\" is null <technology.tabula.TextElement.mergeWords(TextElement.java:239)>)" ],
    "Stmt(VARIABLE_DECLARATION, 106, technology.tabula.TextElement, NON_DEFAULT)" : [ "THREW_EXCEPTION(1, java.lang.NullPointerException: Cannot invoke \"java.util.List.remove(int)\" because \"copyOfTextElements\" is null <technology.tabula.TextElement.mergeWords(TextElement.java:239)>)" ],
    "Stmt(VARIABLE_DECLARATION, 107, technology.tabula.TextElement, DEFAULT)" : [ "THREW_EXCEPTION(0, java.lang.NullPointerException: Cannot invoke \"technology.tabula.TextChunk.getWidth()\" because \"firstTC\" is null <technology.tabula.TextElement.mergeWords(TextElement.java:246)>)" ],
    "Stmt(VARIABLE_DECLARATION, 107, technology.tabula.TextElement, NON_DEFAULT)" : [ "THREW_EXCEPTION(0, java.lang.NullPointerException: Cannot invoke \"technology.tabula.TextChunk.getWidth()\" because \"firstTC\" is null <technology.tabula.TextElement.mergeWords(TextElement.java:246)>)" ],
    "Stmt(VARIABLE_DECLARATION, 108, technology.tabula.TextElement, DEFAULT)" : [ "FAILED(0)" ],
    "Stmt(VARIABLE_DECLARATION, 108, technology.tabula.TextElement, NON_DEFAULT)" : [ "FAILED(0)" ],
    "Stmt(VARIABLE_DECLARATION, 109, technology.tabula.TextElement, DEFAULT)" : [ "FAILED(0)" ],
    "Stmt(VARIABLE_DECLARATION, 109, technology.tabula.TextElement, NON_DEFAULT)" : [ "FAILED(0)" ],
    "Stmt(VARIABLE_DECLARATION, 110, technology.tabula.TextElement, DEFAULT)" : [ "FAILED(0)" ],
    "Stmt(VARIABLE_DECLARATION, 110, technology.tabula.TextElement, NON_DEFAULT)" : [ "FAILED(0)" ],
    "Stmt(VARIABLE_DECLARATION, 111, technology.tabula.TextElement, DEFAULT)" : [ "FAILED(1)" ],
    "Stmt(VARIABLE_DECLARATION, 111, technology.tabula.TextElement, NON_DEFAULT)" : [ "FAILED(0)" ],
    "Stmt(VARIABLE_DECLARATION, 112, technology.tabula.TextElement, DEFAULT)" : [ "FAILED(1)" ],
    "Stmt(VARIABLE_DECLARATION, 112, technology.tabula.TextElement, NON_DEFAULT)" : [ "FAILED(0)" ],
    "Stmt(VARIABLE_DECLARATION, 113, technology.tabula.TextElement, DEFAULT)" : [ "FAILED(0)" ],
    "Stmt(VARIABLE_DECLARATION, 113, technology.tabula.TextElement, NON_DEFAULT)" : [ "FAILED(0)" ],
    "Stmt(VARIABLE_DECLARATION, 114, technology.tabula.TextElement, DEFAULT)" : [ "THREW_EXCEPTION(0, java.lang.NullPointerException: Cannot invoke \"java.util.List.add(Object)\" because \"textChunksSeparatedByDirectionality\" is null <technology.tabula.TextElement.mergeWords(TextElement.java:471)>)" ],
    "Stmt(VARIABLE_DECLARATION, 114, technology.tabula.TextElement, NON_DEFAULT)" : [ "THREW_EXCEPTION(0, java.lang.NullPointerException: Cannot invoke \"java.util.List.add(Object)\" because \"textChunksSeparatedByDirectionality\" is null <technology.tabula.TextElement.mergeWords(TextElement.java:471)>)" ]
  },
  "timeTaken" : 107
}