{
  "testClassName" : "technology.tabula.TestRectangle",
  "testMethodName" : "testGetVerticalOverlapShouldReturnMoreThanZero",
  "testOutcomes" : [ "PASSED(0)", "PASSED(0)", "PASSED(0)" ],
  "coverageElementTestOutcomes" : {
    "Decision(false, IF, 2, technology.tabula.Rectangle)" : [ "FAILED(0)" ],
    "Decision(true, IF, 3, technology.tabula.Rectangle)" : [ "FAILED(0)" ],
    "Stmt(EXPRESSION, 5, technology.tabula.Rectangle, DEFAULT)" : [ "FAILED(0)" ],
    "Stmt(EXPRESSION, 5, technology.tabula.Rectangle, NON_DEFAULT)" : [ "FAILED(1)" ],
    "Stmt(RETURN, 8, technology.tabula.Rectangle, DEFAULT)" : [ "FAILED(0)" ],
    "Stmt(RETURN, 8, technology.tabula.Rectangle, NON_DEFAULT)" : [ "FAILED(0)" ],
    "Stmt(RETURN, 9, technology.tabula.Rectangle, DEFAULT)" : [ "FAILED(0)" ],
    "Stmt(RETURN, 9, technology.tabula.Rectangle, NON_DEFAULT)" : [ "FAILED(0)" ],
    "Stmt(RETURN, 10, technology.tabula.Rectangle, DEFAULT)" : [ "FAILED(0)" ],
    "Stmt(RETURN, 10, technology.tabula.Rectangle, NON_DEFAULT)" : [ "FAILED(0)" ],
    "Stmt(IF, 13, technology.tabula.Rectangle, DEFAULT)" : [ "FAILED(0)" ],
    "Stmt(IF, 13, technology.tabula.Rectangle, NON_DEFAULT)" : [ "FAILED(0)" ],
    "Stmt(IF, 14, technology.tabula.Rectangle, DEFAULT)" : [ "FAILED(0)" ],
    "Stmt(IF, 14, technology.tabula.Rectangle, NON_DEFAULT)" : [ "FAILED(0)" ],
    "Stmt(EXPRESSION, 19, technology.tabula.Rectangle, DEFAULT)" : [ "FAILED(0)" ],
    "Stmt(EXPRESSION, 19, technology.tabula.Rectangle, NON_DEFAULT)" : [ "FAILED(0)" ],
    "Stmt(RETURN, 21, technology.tabula.Rectangle, DEFAULT)" : [ "FAILED(0)" ],
    "Stmt(RETURN, 21, technology.tabula.Rectangle, NON_DEFAULT)" : [ "FAILED(0)" ],
    "Stmt(VARIABLE_DECLARATION, 22, technology.tabula.Rectangle, DEFAULT)" : [ "FAILED(0)" ],
    "Stmt(VARIABLE_DECLARATION, 22, technology.tabula.Rectangle, NON_DEFAULT)" : [ "FAILED(0)" ],
    "Stmt(VARIABLE_DECLARATION, 23, technology.tabula.Rectangle, DEFAULT)" : [ "FAILED(0)" ],
    "Stmt(VARIABLE_DECLARATION, 23, technology.tabula.Rectangle, NON_DEFAULT)" : [ "FAILED(0)" ],
    "Stmt(RETURN, 24, technology.tabula.Rectangle, DEFAULT)" : [ "FAILED(0)" ],
    "Stmt(RETURN, 24, technology.tabula.Rectangle, NON_DEFAULT)" : [ "FAILED(0)" ],
    "Stmt(VARIABLE_DECLARATION, 25, technology.tabula.Rectangle, DEFAULT)" : [ "FAILED(0)" ],
    "Stmt(VARIABLE_DECLARATION, 25, technology.tabula.Rectangle, NON_DEFAULT)" : [ "FAILED(0)" ],
    "Stmt(VARIABLE_DECLARATION, 26, technology.tabula.Rectangle, DEFAULT)" : [ "FAILED(1)" ],
    "Stmt(VARIABLE_DECLARATION, 26, technology.tabula.Rectangle, NON_DEFAULT)" : [ "FAILED(0)" ],
    "Stmt(VARIABLE_DECLARATION, 27, technology.tabula.Rectangle, DEFAULT)" : [ "FAILED(0)" ],
    "Stmt(VARIABLE_DECLARATION, 27, technology.tabula.Rectangle, NON_DEFAULT)" : [ "FAILED(0)" ],
    "Stmt(VARIABLE_DECLARATION, 28, technology.tabula.Rectangle, DEFAULT)" : [ "FAILED(0)" ],
    "Stmt(VARIABLE_DECLARATION, 28, technology.tabula.Rectangle, NON_DEFAULT)" : [ "FAILED(0)" ],
    "Stmt(RETURN, 31, technology.tabula.Rectangle, DEFAULT)" : [ "FAILED(0)" ],
    "Stmt(RETURN, 31, technology.tabula.Rectangle, NON_DEFAULT)" : [ "FAILED(0)" ],
    "Stmt(RETURN, 34, technology.tabula.Rectangle, DEFAULT)" : [ "FAILED(0)" ],
    "Stmt(RETURN, 34, technology.tabula.Rectangle, NON_DEFAULT)" : [ "FAILED(0)" ],
    "Stmt(RETURN, 36, technology.tabula.Rectangle, DEFAULT)" : [ "FAILED(0)" ],
    "Stmt(RETURN, 36, technology.tabula.Rectangle, NON_DEFAULT)" : [ "FAILED(0)" ],
    "Stmt(RETURN, 39, technology.tabula.Rectangle, DEFAULT)" : [ "FAILED(0)" ],
    "Stmt(RETURN, 39, technology.tabula.Rectangle, NON_DEFAULT)" : [ "FAILED(0)" ]
  },
  "timeTaken" : 22
}