{
  "testClassName" : "technology.tabula.TestRectangle",
  "testMethodName" : "testRectangleGetPoints",
  "testOutcomes" : [ "PASSED(1)", "PASSED(0)", "PASSED(0)" ],
  "coverageElementTestOutcomes" : {
    "Stmt(EXPRESSION, 5, technology.tabula.Rectangle, DEFAULT)" : [ "THREW_EXCEPTION(1, arrays first differed at element [0]; expected:<Point2D.Float[20.0, 10.0]> but was:<Point2D.Float[0.0, 0.0]> <org.junit.internal.ComparisonCriteria.arrayEquals(ComparisonCriteria.java:78)>)" ],
    "Stmt(EXPRESSION, 5, technology.tabula.Rectangle, NON_DEFAULT)" : [ "THREW_EXCEPTION(0, arrays first differed at element [0]; expected:<Point2D.Float[20.0, 10.0]> but was:<Point2D.Float[0.0, 0.0]> <org.junit.internal.ComparisonCriteria.arrayEquals(ComparisonCriteria.java:78)>)" ],
    "Stmt(RETURN, 31, technology.tabula.Rectangle, DEFAULT)" : [ "THREW_EXCEPTION(0, arrays first differed at element [0]; expected:<Point2D.Float[20.0, 10.0]> but was:<Point2D.Float[20.0, 0.0]> <org.junit.internal.ComparisonCriteria.arrayEquals(ComparisonCriteria.java:78)>)" ],
    "Stmt(RETURN, 31, technology.tabula.Rectangle, NON_DEFAULT)" : [ "THREW_EXCEPTION(0, arrays first differed at element [0]; expected:<Point2D.Float[20.0, 10.0]> but was:<Point2D.Float[20.0, 1.0]> <org.junit.internal.ComparisonCriteria.arrayEquals(ComparisonCriteria.java:78)>)" ],
    "Stmt(RETURN, 34, technology.tabula.Rectangle, DEFAULT)" : [ "THREW_EXCEPTION(1, arrays first differed at element [1]; expected:<Point2D.Float[50.0, 10.0]> but was:<Point2D.Float[0.0, 10.0]> <org.junit.internal.ComparisonCriteria.arrayEquals(ComparisonCriteria.java:78)>)" ],
    "Stmt(RETURN, 34, technology.tabula.Rectangle, NON_DEFAULT)" : [ "THREW_EXCEPTION(1, arrays first differed at element [1]; expected:<Point2D.Float[50.0, 10.0]> but was:<Point2D.Float[1.0, 10.0]> <org.junit.internal.ComparisonCriteria.arrayEquals(ComparisonCriteria.java:78)>)" ],
    "Stmt(RETURN, 36, technology.tabula.Rectangle, DEFAULT)" : [ "THREW_EXCEPTION(0, arrays first differed at element [0]; expected:<Point2D.Float[20.0, 10.0]> but was:<Point2D.Float[0.0, 10.0]> <org.junit.internal.ComparisonCriteria.arrayEquals(ComparisonCriteria.java:78)>)" ],
    "Stmt(RETURN, 36, technology.tabula.Rectangle, NON_DEFAULT)" : [ "THREW_EXCEPTION(0, arrays first differed at element [0]; expected:<Point2D.Float[20.0, 10.0]> but was:<Point2D.Float[1.0, 10.0]> <org.junit.internal.ComparisonCriteria.arrayEquals(ComparisonCriteria.java:78)>)" ],
    "Stmt(RETURN, 39, technology.tabula.Rectangle, DEFAULT)" : [ "THREW_EXCEPTION(0, arrays first differed at element [2]; expected:<Point2D.Float[50.0, 50.0]> but was:<Point2D.Float[50.0, 0.0]> <org.junit.internal.ComparisonCriteria.arrayEquals(ComparisonCriteria.java:78)>)" ],
    "Stmt(RETURN, 39, technology.tabula.Rectangle, NON_DEFAULT)" : [ "THREW_EXCEPTION(1, arrays first differed at element [2]; expected:<Point2D.Float[50.0, 50.0]> but was:<Point2D.Float[50.0, 1.0]> <org.junit.internal.ComparisonCriteria.arrayEquals(ComparisonCriteria.java:78)>)" ],
    "Stmt(RETURN, 41, technology.tabula.Rectangle, DEFAULT)" : [ "FAILED(0)" ],
    "Stmt(RETURN, 41, technology.tabula.Rectangle, NON_DEFAULT)" : [ "FAILED(0)" ]
  },
  "timeTaken" : 20
}