{
  "testClassName" : "technology.tabula.TestRectangle",
  "testMethodName" : "testGetHorizontalOverlapShouldReturnZero",
  "testOutcomes" : [ "PASSED(0)", "PASSED(0)", "PASSED(0)" ],
  "coverageElementTestOutcomes" : {
    "Stmt(EXPRESSION, 5, technology.tabula.Rectangle, DEFAULT)" : [ "FAILED(0)" ],
    "Stmt(EXPRESSION, 5, technology.tabula.Rectangle, NON_DEFAULT)" : [ "FAILED(0)" ],
    "Stmt(RETURN, 8, technology.tabula.Rectangle, DEFAULT)" : [ "FAILED(0)" ],
    "Stmt(RETURN, 8, technology.tabula.Rectangle, NON_DEFAULT)" : [ "PASSED(0)", "PASSED(0)", "PASSED(0)" ],
    "Stmt(RETURN, 11, technology.tabula.Rectangle, DEFAULT)" : [ "PASSED(0)", "PASSED(0)", "PASSED(1)" ],
    "Stmt(RETURN, 11, technology.tabula.Rectangle, NON_DEFAULT)" : [ "FAILED(0)" ],
    "Stmt(RETURN, 12, technology.tabula.Rectangle, DEFAULT)" : [ "PASSED(0)", "PASSED(0)", "PASSED(0)" ],
    "Stmt(RETURN, 12, technology.tabula.Rectangle, NON_DEFAULT)" : [ "FAILED(0)" ],
    "Stmt(RETURN, 24, technology.tabula.Rectangle, DEFAULT)" : [ "PASSED(0)", "PASSED(0)", "PASSED(0)" ],
    "Stmt(RETURN, 24, technology.tabula.Rectangle, NON_DEFAULT)" : [ "FAILED(0)" ],
    "Stmt(VARIABLE_DECLARATION, 25, technology.tabula.Rectangle, DEFAULT)" : [ "PASSED(0)", "PASSED(0)", "PASSED(0)" ],
    "Stmt(VARIABLE_DECLARATION, 25, technology.tabula.Rectangle, NON_DEFAULT)" : [ "PASSED(0)", "PASSED(1)", "PASSED(0)" ],
    "Stmt(VARIABLE_DECLARATION, 26, technology.tabula.Rectangle, DEFAULT)" : [ "PASSED(0)", "PASSED(0)", "PASSED(0)" ],
    "Stmt(VARIABLE_DECLARATION, 26, technology.tabula.Rectangle, NON_DEFAULT)" : [ "PASSED(0)", "PASSED(0)", "PASSED(1)" ],
    "Stmt(VARIABLE_DECLARATION, 27, technology.tabula.Rectangle, DEFAULT)" : [ "PASSED(0)", "PASSED(0)", "PASSED(0)" ],
    "Stmt(VARIABLE_DECLARATION, 27, technology.tabula.Rectangle, NON_DEFAULT)" : [ "PASSED(0)", "PASSED(0)", "PASSED(0)" ],
    "Stmt(VARIABLE_DECLARATION, 28, technology.tabula.Rectangle, DEFAULT)" : [ "FAILED(0)" ],
    "Stmt(VARIABLE_DECLARATION, 28, technology.tabula.Rectangle, NON_DEFAULT)" : [ "FAILED(0)" ],
    "Stmt(RETURN, 31, technology.tabula.Rectangle, DEFAULT)" : [ "PASSED(0)", "PASSED(0)", "PASSED(0)" ],
    "Stmt(RETURN, 31, technology.tabula.Rectangle, NON_DEFAULT)" : [ "PASSED(0)", "PASSED(0)", "PASSED(0)" ],
    "Stmt(RETURN, 34, technology.tabula.Rectangle, DEFAULT)" : [ "PASSED(0)", "PASSED(0)", "PASSED(0)" ],
    "Stmt(RETURN, 34, technology.tabula.Rectangle, NON_DEFAULT)" : [ "PASSED(0)", "PASSED(0)", "PASSED(0)" ],
    "Stmt(RETURN, 36, technology.tabula.Rectangle, DEFAULT)" : [ "FAILED(1)" ],
    "Stmt(RETURN, 36, technology.tabula.Rectangle, NON_DEFAULT)" : [ "FAILED(0)" ],
    "Stmt(RETURN, 39, technology.tabula.Rectangle, DEFAULT)" : [ "PASSED(0)", "PASSED(0)", "PASSED(0)" ],
    "Stmt(RETURN, 39, technology.tabula.Rectangle, NON_DEFAULT)" : [ "PASSED(0)", "PASSED(0)", "PASSED(0)" ]
  },
  "timeTaken" : 35
}