{
  "testClassName" : "technology.tabula.TestRectangle",
  "testMethodName" : "testGetBoundingBox",
  "testOutcomes" : [ "PASSED(5)", "PASSED(0)", "PASSED(0)" ],
  "coverageElementTestOutcomes" : {
    "Stmt(EXPRESSION, 5, technology.tabula.Rectangle, DEFAULT)" : [ "PASSED(0)", "PASSED(1)", "PASSED(0)" ],
    "Stmt(EXPRESSION, 5, technology.tabula.Rectangle, NON_DEFAULT)" : [ "PASSED(0)", "PASSED(0)", "PASSED(0)" ],
    "Stmt(FOR_EACH, 47, technology.tabula.Rectangle, DEFAULT)" : [ "FAILED(9)" ],
    "Stmt(FOR_EACH, 47, technology.tabula.Rectangle, NON_DEFAULT)" : [ "FAILED(0)" ],
    "Stmt(EXPRESSION, 48, technology.tabula.Rectangle, DEFAULT)" : [ "FAILED(0)" ],
    "Stmt(EXPRESSION, 48, technology.tabula.Rectangle, NON_DEFAULT)" : [ "FAILED(1)" ],
    "Stmt(EXPRESSION, 49, technology.tabula.Rectangle, DEFAULT)" : [ "FAILED(1)" ],
    "Stmt(EXPRESSION, 49, technology.tabula.Rectangle, NON_DEFAULT)" : [ "FAILED(0)" ],
    "Stmt(EXPRESSION, 50, technology.tabula.Rectangle, DEFAULT)" : [ "FAILED(0)" ],
    "Stmt(EXPRESSION, 50, technology.tabula.Rectangle, NON_DEFAULT)" : [ "FAILED(0)" ],
    "Stmt(EXPRESSION, 51, technology.tabula.Rectangle, DEFAULT)" : [ "FAILED(1)" ],
    "Stmt(EXPRESSION, 51, technology.tabula.Rectangle, NON_DEFAULT)" : [ "FAILED(0)" ],
    "Stmt(RETURN, 52, technology.tabula.Rectangle, DEFAULT)" : [ "FAILED(0)" ],
    "Stmt(RETURN, 52, technology.tabula.Rectangle, NON_DEFAULT)" : [ "FAILED(1)" ],
    "Stmt(VARIABLE_DECLARATION, 53, technology.tabula.Rectangle, DEFAULT)" : [ "PASSED(0)", "PASSED(0)", "PASSED(1)" ],
    "Stmt(VARIABLE_DECLARATION, 53, technology.tabula.Rectangle, NON_DEFAULT)" : [ "PASSED(1)", "PASSED(0)", "PASSED(0)" ],
    "Stmt(VARIABLE_DECLARATION, 54, technology.tabula.Rectangle, DEFAULT)" : [ "PASSED(0)", "PASSED(0)", "PASSED(1)" ],
    "Stmt(VARIABLE_DECLARATION, 54, technology.tabula.Rectangle, NON_DEFAULT)" : [ "PASSED(0)", "PASSED(0)", "PASSED(0)" ],
    "Stmt(VARIABLE_DECLARATION, 55, technology.tabula.Rectangle, DEFAULT)" : [ "PASSED(1)", "PASSED(0)", "PASSED(1)" ],
    "Stmt(VARIABLE_DECLARATION, 55, technology.tabula.Rectangle, NON_DEFAULT)" : [ "PASSED(0)", "PASSED(1)", "PASSED(0)" ],
    "Stmt(VARIABLE_DECLARATION, 56, technology.tabula.Rectangle, DEFAULT)" : [ "PASSED(1)", "PASSED(0)", "PASSED(1)" ],
    "Stmt(VARIABLE_DECLARATION, 56, technology.tabula.Rectangle, NON_DEFAULT)" : [ "PASSED(0)", "PASSED(0)", "PASSED(0)" ]
  },
  "timeTaken" : 148
}