{
  "testClassName" : "technology.tabula.TestRectangle",
  "testMethodName" : "testCompareVerticalOverlapRectangle",
  "testOutcomes" : [ "PASSED(0)", "PASSED(0)", "PASSED(0)" ],
  "coverageElementTestOutcomes" : {
    "Decision(false, IF, 0, technology.tabula.Rectangle)" : [ "FAILED(1)" ],
    "Decision(true, IF, 1, technology.tabula.Rectangle)" : [ "FAILED(0)" ],
    "Stmt(IF, 0, technology.tabula.Rectangle, DEFAULT)" : [ "FAILED(0)" ],
    "Stmt(IF, 0, technology.tabula.Rectangle, NON_DEFAULT)" : [ "FAILED(0)" ],
    "Stmt(IF, 2, technology.tabula.Rectangle, DEFAULT)" : [ "FAILED(0)" ],
    "Stmt(IF, 2, technology.tabula.Rectangle, NON_DEFAULT)" : [ "FAILED(0)" ],
    "Stmt(RETURN, 4, technology.tabula.Rectangle, DEFAULT)" : [ "FAILED(0)" ],
    "Stmt(RETURN, 4, technology.tabula.Rectangle, NON_DEFAULT)" : [ "FAILED(0)" ],
    "Stmt(EXPRESSION, 5, technology.tabula.Rectangle, DEFAULT)" : [ "FAILED(1)" ],
    "Stmt(EXPRESSION, 5, technology.tabula.Rectangle, NON_DEFAULT)" : [ "FAILED(0)" ],
    "Stmt(RETURN, 6, technology.tabula.Rectangle, DEFAULT)" : [ "FAILED(0)" ],
    "Stmt(RETURN, 6, technology.tabula.Rectangle, NON_DEFAULT)" : [ "FAILED(0)" ],
    "Stmt(RETURN, 7, technology.tabula.Rectangle, DEFAULT)" : [ "FAILED(0)" ],
    "Stmt(RETURN, 7, technology.tabula.Rectangle, NON_DEFAULT)" : [ "FAILED(0)" ],
    "Stmt(RETURN, 9, technology.tabula.Rectangle, DEFAULT)" : [ "FAILED(0)" ],
    "Stmt(RETURN, 9, technology.tabula.Rectangle, NON_DEFAULT)" : [ "FAILED(0)" ],
    "Stmt(RETURN, 31, technology.tabula.Rectangle, DEFAULT)" : [ "FAILED(0)" ],
    "Stmt(RETURN, 31, technology.tabula.Rectangle, NON_DEFAULT)" : [ "FAILED(0)" ],
    "Stmt(RETURN, 39, technology.tabula.Rectangle, DEFAULT)" : [ "FAILED(0)" ],
    "Stmt(RETURN, 39, technology.tabula.Rectangle, NON_DEFAULT)" : [ "FAILED(0)" ]
  },
  "timeTaken" : 14
}