{
  "fileName" : "src/main/java/com/amihaiemil/eoyaml/ReadYamlMapping.java",
  "packageName" : "com.amihaiemil.eoyaml",
  "className" : "ReadYamlMapping",
  "coverageElementPositions" : {
    "Decision(true, IF, 0, com.amihaiemil.eoyaml.ReadYamlMapping)" : {
      "startLine" : 141,
      "endLine" : 141,
      "startCol" : 16,
      "endCol" : 63
    },
    "Decision(true, IF, 1, com.amihaiemil.eoyaml.ReadYamlMapping)" : {
      "startLine" : 143,
      "endLine" : 143,
      "startCol" : 24,
      "endCol" : 42
    },
    "Decision(true, IF, 2, com.amihaiemil.eoyaml.ReadYamlMapping)" : {
      "startLine" : 145,
      "endLine" : 145,
      "startCol" : 23,
      "endCol" : 46
    },
    "Decision(true, IF, 3, com.amihaiemil.eoyaml.ReadYamlMapping)" : {
      "startLine" : 147,
      "endLine" : 147,
      "startCol" : 21,
      "endCol" : 37
    },
    "Decision(true, IF, 4, com.amihaiemil.eoyaml.ReadYamlMapping)" : {
      "startLine" : 148,
      "endLine" : 148,
      "startCol" : 24,
      "endCol" : 46
    },
    "Decision(true, IF, 5, com.amihaiemil.eoyaml.ReadYamlMapping)" : {
      "startLine" : 150,
      "endLine" : 150,
      "startCol" : 28,
      "endCol" : 42
    },
    "Decision(true, IF, 6, com.amihaiemil.eoyaml.ReadYamlMapping)" : {
      "startLine" : 155,
      "endLine" : 157,
      "startCol" : 24,
      "endCol" : 60
    },
    "Decision(true, IF, 7, com.amihaiemil.eoyaml.ReadYamlMapping)" : {
      "startLine" : 162,
      "endLine" : 162,
      "startCol" : 25,
      "endCol" : 53
    },
    "Decision(true, IF, 8, com.amihaiemil.eoyaml.ReadYamlMapping)" : {
      "startLine" : 166,
      "endLine" : 166,
      "startCol" : 29,
      "endCol" : 59
    },
    "Decision(true, IF, 9, com.amihaiemil.eoyaml.ReadYamlMapping)" : {
      "startLine" : 170,
      "endLine" : 170,
      "startCol" : 33,
      "endCol" : 65
    },
    "Decision(true, IF, 10, com.amihaiemil.eoyaml.ReadYamlMapping)" : {
      "startLine" : 186,
      "endLine" : 186,
      "startCol" : 12,
      "endCol" : 32
    },
    "Decision(true, IF, 11, com.amihaiemil.eoyaml.ReadYamlMapping)" : {
      "startLine" : 248,
      "endLine" : 250,
      "startCol" : 20,
      "endCol" : 90
    },
    "Decision(true, IF, 12, com.amihaiemil.eoyaml.ReadYamlMapping)" : {
      "startLine" : 253,
      "endLine" : 253,
      "startCol" : 27,
      "endCol" : 84
    },
    "Decision(true, IF, 13, com.amihaiemil.eoyaml.ReadYamlMapping)" : {
      "startLine" : 258,
      "endLine" : 258,
      "startCol" : 27,
      "endCol" : 84
    },
    "Decision(true, IF, 14, com.amihaiemil.eoyaml.ReadYamlMapping)" : {
      "startLine" : 263,
      "endLine" : 265,
      "startCol" : 27,
      "endCol" : 47
    },
    "Decision(true, IF, 15, com.amihaiemil.eoyaml.ReadYamlMapping)" : {
      "startLine" : 270,
      "endLine" : 270,
      "startCol" : 20,
      "endCol" : 32
    },
    "Decision(true, IF, 16, com.amihaiemil.eoyaml.ReadYamlMapping)" : {
      "startLine" : 286,
      "endLine" : 286,
      "startCol" : 12,
      "endCol" : 55
    },
    "Decision(true, LOOP, 17, com.amihaiemil.eoyaml.ReadYamlMapping)" : {
      "startLine" : 308,
      "endLine" : 308,
      "startCol" : 15,
      "endCol" : 31
    },
    "Decision(true, IF, 18, com.amihaiemil.eoyaml.ReadYamlMapping)" : {
      "startLine" : 311,
      "endLine" : 311,
      "startCol" : 16,
      "endCol" : 34
    },
    "Decision(true, IF, 19, com.amihaiemil.eoyaml.ReadYamlMapping)" : {
      "startLine" : 313,
      "endLine" : 313,
      "startCol" : 20,
      "endCol" : 38
    },
    "Decision(true, IF, 20, com.amihaiemil.eoyaml.ReadYamlMapping)" : {
      "startLine" : 315,
      "endLine" : 317,
      "startCol" : 24,
      "endCol" : 70
    },
    "Decision(true, IF, 21, com.amihaiemil.eoyaml.ReadYamlMapping)" : {
      "startLine" : 320,
      "endLine" : 321,
      "startCol" : 31,
      "endCol" : 61
    },
    "Decision(true, IF, 22, com.amihaiemil.eoyaml.ReadYamlMapping)" : {
      "startLine" : 356,
      "endLine" : 356,
      "startCol" : 13,
      "endCol" : 30
    },
    "Stmt(EXPRESSION, 0, com.amihaiemil.eoyaml.ReadYamlMapping, DEFAULT)" : {
      "startLine" : 112,
      "endLine" : 112,
      "startCol" : 9,
      "endCol" : 39
    },
    "Stmt(EXPRESSION, 1, com.amihaiemil.eoyaml.ReadYamlMapping, DEFAULT)" : {
      "startLine" : 113,
      "endLine" : 113,
      "startCol" : 9,
      "endCol" : 33
    },
    "Stmt(EXPRESSION, 2, com.amihaiemil.eoyaml.ReadYamlMapping, DEFAULT)" : {
      "startLine" : 114,
      "endLine" : 114,
      "startCol" : 9,
      "endCol" : 25
    },
    "Stmt(LAMBDA, 3, com.amihaiemil.eoyaml.ReadYamlMapping, DEFAULT)" : {
      "startLine" : 115,
      "endLine" : 132,
      "startCol" : 9,
      "endCol" : 10
    },
    "Stmt(FOR_EACH, 4, com.amihaiemil.eoyaml.ReadYamlMapping, DEFAULT)" : {
      "startLine" : 139,
      "endLine" : 179,
      "startCol" : 9,
      "endCol" : 9
    },
    "Stmt(IF, 5, com.amihaiemil.eoyaml.ReadYamlMapping, DEFAULT)" : {
      "startLine" : 141,
      "endLine" : 178,
      "startCol" : 13,
      "endCol" : 13
    },
    "Stmt(IF, 6, com.amihaiemil.eoyaml.ReadYamlMapping, DEFAULT)" : {
      "startLine" : 143,
      "endLine" : 178,
      "startCol" : 20,
      "endCol" : 13
    },
    "Stmt(IF, 7, com.amihaiemil.eoyaml.ReadYamlMapping, DEFAULT)" : {
      "startLine" : 145,
      "endLine" : 178,
      "startCol" : 20,
      "endCol" : 13
    },
    "Stmt(IF, 8, com.amihaiemil.eoyaml.ReadYamlMapping, DEFAULT)" : {
      "startLine" : 147,
      "endLine" : 177,
      "startCol" : 17,
      "endCol" : 17
    },
    "Stmt(IF, 9, com.amihaiemil.eoyaml.ReadYamlMapping, DEFAULT)" : {
      "startLine" : 148,
      "endLine" : 154,
      "startCol" : 21,
      "endCol" : 21
    },
    "Stmt(EXPRESSION, 10, com.amihaiemil.eoyaml.ReadYamlMapping, DEFAULT)" : {
      "startLine" : 149,
      "endLine" : 149,
      "startCol" : 25,
      "endCol" : 39
    },
    "Stmt(IF, 11, com.amihaiemil.eoyaml.ReadYamlMapping, DEFAULT)" : {
      "startLine" : 150,
      "endLine" : 153,
      "startCol" : 25,
      "endCol" : 25
    },
    "Stmt(EXPRESSION, 12, com.amihaiemil.eoyaml.ReadYamlMapping, DEFAULT)" : {
      "startLine" : 151,
      "endLine" : 151,
      "startCol" : 29,
      "endCol" : 43
    },
    "Stmt(CONTINUE, 13, com.amihaiemil.eoyaml.ReadYamlMapping, DEFAULT)" : {
      "startLine" : 152,
      "endLine" : 152,
      "startCol" : 29,
      "endCol" : 37
    },
    "Stmt(IF, 14, com.amihaiemil.eoyaml.ReadYamlMapping, DEFAULT)" : {
      "startLine" : 155,
      "endLine" : 159,
      "startCol" : 21,
      "endCol" : 21
    },
    "Stmt(CONTINUE, 15, com.amihaiemil.eoyaml.ReadYamlMapping, DEFAULT)" : {
      "startLine" : 158,
      "endLine" : 158,
      "startCol" : 25,
      "endCol" : 33
    },
    "Stmt(IF, 16, com.amihaiemil.eoyaml.ReadYamlMapping, DEFAULT)" : {
      "startLine" : 162,
      "endLine" : 176,
      "startCol" : 21,
      "endCol" : 21
    },
    "Stmt(IF, 17, com.amihaiemil.eoyaml.ReadYamlMapping, DEFAULT)" : {
      "startLine" : 166,
      "endLine" : 175,
      "startCol" : 25,
      "endCol" : 25
    },
    "Stmt(IF, 18, com.amihaiemil.eoyaml.ReadYamlMapping, DEFAULT)" : {
      "startLine" : 170,
      "endLine" : 174,
      "startCol" : 29,
      "endCol" : 29
    },
    "Stmt(EXPRESSION, 19, com.amihaiemil.eoyaml.ReadYamlMapping, DEFAULT)" : {
      "startLine" : 171,
      "endLine" : 173,
      "startCol" : 33,
      "endCol" : 34
    },
    "Stmt(EXPRESSION, 20, com.amihaiemil.eoyaml.ReadYamlMapping, DEFAULT)" : {
      "startLine" : 167,
      "endLine" : 167,
      "startCol" : 29,
      "endCol" : 78
    },
    "Stmt(EXPRESSION, 21, com.amihaiemil.eoyaml.ReadYamlMapping, DEFAULT)" : {
      "startLine" : 163,
      "endLine" : 163,
      "startCol" : 25,
      "endCol" : 73
    },
    "Stmt(EXPRESSION, 22, com.amihaiemil.eoyaml.ReadYamlMapping, DEFAULT)" : {
      "startLine" : 144,
      "endLine" : 144,
      "startCol" : 17,
      "endCol" : 62
    },
    "Stmt(BREAK, 23, com.amihaiemil.eoyaml.ReadYamlMapping, DEFAULT)" : {
      "startLine" : 142,
      "endLine" : 142,
      "startCol" : 17,
      "endCol" : 22
    },
    "Stmt(RETURN, 24, com.amihaiemil.eoyaml.ReadYamlMapping, DEFAULT)" : {
      "startLine" : 180,
      "endLine" : 180,
      "startCol" : 9,
      "endCol" : 20
    },
    "Stmt(RETURN, 24, com.amihaiemil.eoyaml.ReadYamlMapping, NON_DEFAULT)" : {
      "startLine" : 180,
      "endLine" : 180,
      "startCol" : 9,
      "endCol" : 20
    },
    "Stmt(VARIABLE_DECLARATION, 25, com.amihaiemil.eoyaml.ReadYamlMapping, DEFAULT)" : {
      "startLine" : 138,
      "endLine" : 138,
      "startCol" : 18,
      "endCol" : 31
    },
    "Stmt(IF, 26, com.amihaiemil.eoyaml.ReadYamlMapping, DEFAULT)" : {
      "startLine" : 186,
      "endLine" : 190,
      "startCol" : 9,
      "endCol" : 9
    },
    "Stmt(EXPRESSION, 27, com.amihaiemil.eoyaml.ReadYamlMapping, DEFAULT)" : {
      "startLine" : 189,
      "endLine" : 189,
      "startCol" : 13,
      "endCol" : 45
    },
    "Stmt(EXPRESSION, 28, com.amihaiemil.eoyaml.ReadYamlMapping, DEFAULT)" : {
      "startLine" : 187,
      "endLine" : 187,
      "startCol" : 13,
      "endCol" : 66
    },
    "Stmt(RETURN, 29, com.amihaiemil.eoyaml.ReadYamlMapping, DEFAULT)" : {
      "startLine" : 191,
      "endLine" : 191,
      "startCol" : 9,
      "endCol" : 21
    },
    "Stmt(RETURN, 29, com.amihaiemil.eoyaml.ReadYamlMapping, NON_DEFAULT)" : {
      "startLine" : 191,
      "endLine" : 191,
      "startCol" : 9,
      "endCol" : 21
    },
    "Stmt(LAMBDA_RETURN, 30, com.amihaiemil.eoyaml.ReadYamlMapping, DEFAULT)" : {
      "startLine" : 198,
      "endLine" : 227,
      "startCol" : 9,
      "endCol" : 10
    },
    "Stmt(VARIABLE_DECLARATION, 31, com.amihaiemil.eoyaml.ReadYamlMapping, DEFAULT)" : {
      "startLine" : 196,
      "endLine" : 196,
      "startCol" : 17,
      "endCol" : 60
    },
    "Stmt(FOR_EACH, 32, com.amihaiemil.eoyaml.ReadYamlMapping, DEFAULT)" : {
      "startLine" : 244,
      "endLine" : 274,
      "startCol" : 9,
      "endCol" : 9
    },
    "Stmt(FOR_EACH, 33, com.amihaiemil.eoyaml.ReadYamlMapping, DEFAULT)" : {
      "startLine" : 245,
      "endLine" : 273,
      "startCol" : 13,
      "endCol" : 13
    },
    "Stmt(IF, 34, com.amihaiemil.eoyaml.ReadYamlMapping, DEFAULT)" : {
      "startLine" : 248,
      "endLine" : 268,
      "startCol" : 17,
      "endCol" : 17
    },
    "Stmt(IF, 35, com.amihaiemil.eoyaml.ReadYamlMapping, DEFAULT)" : {
      "startLine" : 253,
      "endLine" : 268,
      "startCol" : 24,
      "endCol" : 17
    },
    "Stmt(IF, 36, com.amihaiemil.eoyaml.ReadYamlMapping, DEFAULT)" : {
      "startLine" : 258,
      "endLine" : 268,
      "startCol" : 24,
      "endCol" : 17
    },
    "Stmt(IF, 37, com.amihaiemil.eoyaml.ReadYamlMapping, DEFAULT)" : {
      "startLine" : 263,
      "endLine" : 268,
      "startCol" : 24,
      "endCol" : 17
    },
    "Stmt(EXPRESSION, 38, com.amihaiemil.eoyaml.ReadYamlMapping, DEFAULT)" : {
      "startLine" : 267,
      "endLine" : 267,
      "startCol" : 21,
      "endCol" : 64
    },
    "Stmt(EXPRESSION, 39, com.amihaiemil.eoyaml.ReadYamlMapping, DEFAULT)" : {
      "startLine" : 259,
      "endLine" : 262,
      "startCol" : 21,
      "endCol" : 22
    },
    "Stmt(EXPRESSION, 40, com.amihaiemil.eoyaml.ReadYamlMapping, DEFAULT)" : {
      "startLine" : 254,
      "endLine" : 257,
      "startCol" : 21,
      "endCol" : 22
    },
    "Stmt(EXPRESSION, 41, com.amihaiemil.eoyaml.ReadYamlMapping, DEFAULT)" : {
      "startLine" : 252,
      "endLine" : 252,
      "startCol" : 21,
      "endCol" : 64
    },
    "Stmt(IF, 42, com.amihaiemil.eoyaml.ReadYamlMapping, DEFAULT)" : {
      "startLine" : 270,
      "endLine" : 272,
      "startCol" : 17,
      "endCol" : 17
    },
    "Stmt(RETURN, 43, com.amihaiemil.eoyaml.ReadYamlMapping, DEFAULT)" : {
      "startLine" : 271,
      "endLine" : 271,
      "startCol" : 21,
      "endCol" : 33
    },
    "Stmt(RETURN, 43, com.amihaiemil.eoyaml.ReadYamlMapping, NON_DEFAULT)" : {
      "startLine" : 271,
      "endLine" : 271,
      "startCol" : 21,
      "endCol" : 33
    },
    "Stmt(RETURN, 44, com.amihaiemil.eoyaml.ReadYamlMapping, DEFAULT)" : {
      "startLine" : 275,
      "endLine" : 275,
      "startCol" : 9,
      "endCol" : 20
    },
    "Stmt(RETURN, 44, com.amihaiemil.eoyaml.ReadYamlMapping, NON_DEFAULT)" : {
      "startLine" : 275,
      "endLine" : 275,
      "startCol" : 9,
      "endCol" : 20
    },
    "Stmt(VARIABLE_DECLARATION, 45, com.amihaiemil.eoyaml.ReadYamlMapping, DEFAULT)" : {
      "startLine" : 238,
      "endLine" : 238,
      "startCol" : 18,
      "endCol" : 29
    },
    "Stmt(IF, 46, com.amihaiemil.eoyaml.ReadYamlMapping, DEFAULT)" : {
      "startLine" : 286,
      "endLine" : 295,
      "startCol" : 9,
      "endCol" : 9
    },
    "Stmt(EXPRESSION, 47, com.amihaiemil.eoyaml.ReadYamlMapping, DEFAULT)" : {
      "startLine" : 294,
      "endLine" : 294,
      "startCol" : 13,
      "endCol" : 30
    },
    "Stmt(EXPRESSION, 48, com.amihaiemil.eoyaml.ReadYamlMapping, DEFAULT)" : {
      "startLine" : 290,
      "endLine" : 290,
      "startCol" : 13,
      "endCol" : 46
    },
    "Stmt(EXPRESSION, 49, com.amihaiemil.eoyaml.ReadYamlMapping, DEFAULT)" : {
      "startLine" : 291,
      "endLine" : 291,
      "startCol" : 13,
      "endCol" : 48
    },
    "Stmt(EXPRESSION, 50, com.amihaiemil.eoyaml.ReadYamlMapping, DEFAULT)" : {
      "startLine" : 292,
      "endLine" : 292,
      "startCol" : 13,
      "endCol" : 45
    },
    "Stmt(RETURN, 51, com.amihaiemil.eoyaml.ReadYamlMapping, DEFAULT)" : {
      "startLine" : 296,
      "endLine" : 296,
      "startCol" : 9,
      "endCol" : 27
    },
    "Stmt(RETURN, 51, com.amihaiemil.eoyaml.ReadYamlMapping, NON_DEFAULT)" : {
      "startLine" : 296,
      "endLine" : 296,
      "startCol" : 9,
      "endCol" : 27
    },
    "Stmt(WHILE, 52, com.amihaiemil.eoyaml.ReadYamlMapping, DEFAULT)" : {
      "startLine" : 308,
      "endLine" : 334,
      "startCol" : 9,
      "endCol" : 9
    },
    "Stmt(IF, 53, com.amihaiemil.eoyaml.ReadYamlMapping, DEFAULT)" : {
      "startLine" : 311,
      "endLine" : 333,
      "startCol" : 13,
      "endCol" : 13
    },
    "Stmt(IF, 54, com.amihaiemil.eoyaml.ReadYamlMapping, DEFAULT)" : {
      "startLine" : 313,
      "endLine" : 332,
      "startCol" : 17,
      "endCol" : 17
    },
    "Stmt(IF, 55, com.amihaiemil.eoyaml.ReadYamlMapping, DEFAULT)" : {
      "startLine" : 315,
      "endLine" : 330,
      "startCol" : 21,
      "endCol" : 21
    },
    "Stmt(IF, 56, com.amihaiemil.eoyaml.ReadYamlMapping, DEFAULT)" : {
      "startLine" : 320,
      "endLine" : 330,
      "startCol" : 28,
      "endCol" : 21
    },
    "Stmt(THROW, 57, com.amihaiemil.eoyaml.ReadYamlMapping, DEFAULT)" : {
      "startLine" : 325,
      "endLine" : 329,
      "startCol" : 25,
      "endCol" : 26
    },
    "Stmt(EXPRESSION, 58, com.amihaiemil.eoyaml.ReadYamlMapping, DEFAULT)" : {
      "startLine" : 323,
      "endLine" : 323,
      "startCol" : 25,
      "endCol" : 73
    },
    "Stmt(EXPRESSION, 59, com.amihaiemil.eoyaml.ReadYamlMapping, DEFAULT)" : {
      "startLine" : 319,
      "endLine" : 319,
      "startCol" : 25,
      "endCol" : 73
    },
    "Stmt(BREAK, 60, com.amihaiemil.eoyaml.ReadYamlMapping, DEFAULT)" : {
      "startLine" : 331,
      "endLine" : 331,
      "startCol" : 21,
      "endCol" : 26
    },
    "Stmt(RETURN, 61, com.amihaiemil.eoyaml.ReadYamlMapping, DEFAULT)" : {
      "startLine" : 335,
      "endLine" : 335,
      "startCol" : 9,
      "endCol" : 21
    },
    "Stmt(RETURN, 61, com.amihaiemil.eoyaml.ReadYamlMapping, NON_DEFAULT)" : {
      "startLine" : 335,
      "endLine" : 335,
      "startCol" : 9,
      "endCol" : 21
    },
    "Stmt(VARIABLE_DECLARATION, 62, com.amihaiemil.eoyaml.ReadYamlMapping, DEFAULT)" : {
      "startLine" : 306,
      "endLine" : 306,
      "startCol" : 18,
      "endCol" : 29
    },
    "Stmt(RETURN, 63, com.amihaiemil.eoyaml.ReadYamlMapping, DEFAULT)" : {
      "startLine" : 345,
      "endLine" : 345,
      "startCol" : 9,
      "endCol" : 75
    },
    "Stmt(RETURN, 63, com.amihaiemil.eoyaml.ReadYamlMapping, NON_DEFAULT)" : {
      "startLine" : 345,
      "endLine" : 345,
      "startCol" : 9,
      "endCol" : 75
    },
    "Stmt(IF, 64, com.amihaiemil.eoyaml.ReadYamlMapping, DEFAULT)" : {
      "startLine" : 356,
      "endLine" : 360,
      "startCol" : 9,
      "endCol" : 9
    },
    "Stmt(EXPRESSION, 65, com.amihaiemil.eoyaml.ReadYamlMapping, DEFAULT)" : {
      "startLine" : 359,
      "endLine" : 359,
      "startCol" : 13,
      "endCol" : 52
    },
    "Stmt(EXPRESSION, 66, com.amihaiemil.eoyaml.ReadYamlMapping, DEFAULT)" : {
      "startLine" : 357,
      "endLine" : 357,
      "startCol" : 13,
      "endCol" : 47
    },
    "Stmt(RETURN, 67, com.amihaiemil.eoyaml.ReadYamlMapping, DEFAULT)" : {
      "startLine" : 361,
      "endLine" : 361,
      "startCol" : 9,
      "endCol" : 20
    },
    "Stmt(RETURN, 67, com.amihaiemil.eoyaml.ReadYamlMapping, NON_DEFAULT)" : {
      "startLine" : 361,
      "endLine" : 361,
      "startCol" : 9,
      "endCol" : 20
    }
  }
}