{
  "testClassName" : "com.facebook.ads.sdk.serverside.utils.HashedListAdaptorTest",
  "testMethodName" : "testSerializationWithOnlyNullOrNoValues",
  "testOutcomes" : [ "PASSED(1)", "PASSED(0)", "PASSED(1)" ],
  "coverageElementTestOutcomes" : {
    "Decision(false, IF, 2, com.facebook.ads.sdk.serverside.utils.HashedListAdaptor)" : [ "PASSED(0)", "PASSED(0)", "PASSED(1)" ],
    "Decision(false, IF, 3, com.facebook.ads.sdk.serverside.utils.HashedListAdaptor)" : [ "FAILED(1)" ],
    "Decision(true, IF, 4, com.facebook.ads.sdk.serverside.utils.HashedListAdaptor)" : [ "FAILED(0)" ],
    "Stmt(IF, 9, com.facebook.ads.sdk.serverside.utils.HashedListAdaptor, DEFAULT)" : [ "FAILED(1)" ],
    "Stmt(IF, 9, com.facebook.ads.sdk.serverside.utils.HashedListAdaptor, NON_DEFAULT)" : [ "FAILED(1)" ],
    "Stmt(FOR_EACH, 12, com.facebook.ads.sdk.serverside.utils.HashedListAdaptor, DEFAULT)" : [ "FAILED(0)" ],
    "Stmt(FOR_EACH, 12, com.facebook.ads.sdk.serverside.utils.HashedListAdaptor, NON_DEFAULT)" : [ "FAILED(0)" ],
    "Stmt(TRY, 13, com.facebook.ads.sdk.serverside.utils.HashedListAdaptor, DEFAULT)" : [ "FAILED(0)" ],
    "Stmt(TRY, 13, com.facebook.ads.sdk.serverside.utils.HashedListAdaptor, NON_DEFAULT)" : [ "FAILED(0)" ],
    "Stmt(EXPRESSION, 18, com.facebook.ads.sdk.serverside.utils.HashedListAdaptor, DEFAULT)" : [ "FAILED(0)" ],
    "Stmt(EXPRESSION, 18, com.facebook.ads.sdk.serverside.utils.HashedListAdaptor, NON_DEFAULT)" : [ "FAILED(0)" ],
    "Stmt(IF, 19, com.facebook.ads.sdk.serverside.utils.HashedListAdaptor, DEFAULT)" : [ "FAILED(0)" ],
    "Stmt(IF, 19, com.facebook.ads.sdk.serverside.utils.HashedListAdaptor, NON_DEFAULT)" : [ "FAILED(0)" ],
    "Stmt(VARIABLE_DECLARATION, 21, com.facebook.ads.sdk.serverside.utils.HashedListAdaptor, DEFAULT)" : [ "FAILED(1)" ],
    "Stmt(VARIABLE_DECLARATION, 21, com.facebook.ads.sdk.serverside.utils.HashedListAdaptor, NON_DEFAULT)" : [ "FAILED(1)" ],
    "Stmt(VARIABLE_DECLARATION, 22, com.facebook.ads.sdk.serverside.utils.HashedListAdaptor, DEFAULT)" : [ "FAILED(1)" ],
    "Stmt(VARIABLE_DECLARATION, 22, com.facebook.ads.sdk.serverside.utils.HashedListAdaptor, NON_DEFAULT)" : [ "FAILED(0)" ],
    "Stmt(IF, 23, com.facebook.ads.sdk.serverside.utils.HashedListAdaptor, DEFAULT)" : [ "FAILED(1)" ],
    "Stmt(IF, 23, com.facebook.ads.sdk.serverside.utils.HashedListAdaptor, NON_DEFAULT)" : [ "FAILED(0)" ],
    "Stmt(EXPRESSION, 24, com.facebook.ads.sdk.serverside.utils.HashedListAdaptor, DEFAULT)" : [ "FAILED(1)" ],
    "Stmt(EXPRESSION, 24, com.facebook.ads.sdk.serverside.utils.HashedListAdaptor, NON_DEFAULT)" : [ "FAILED(1)" ],
    "Stmt(RETURN, 25, com.facebook.ads.sdk.serverside.utils.HashedListAdaptor, DEFAULT)" : [ "FAILED(0)" ],
    "Stmt(RETURN, 25, com.facebook.ads.sdk.serverside.utils.HashedListAdaptor, NON_DEFAULT)" : [ "FAILED(0)" ],
    "Stmt(VARIABLE_DECLARATION, 30, com.facebook.ads.sdk.serverside.utils.HashedListAdaptor, DEFAULT)" : [ "THREW_EXCEPTION(0, java.lang.NullPointerException: Cannot invoke \"java.util.Set.iterator()\" because \"hashedValues\" is null <com.facebook.ads.sdk.serverside.utils.HashedListAdaptor.write(HashedListAdaptor.java:141)>)" ],
    "Stmt(VARIABLE_DECLARATION, 30, com.facebook.ads.sdk.serverside.utils.HashedListAdaptor, NON_DEFAULT)" : [ "THREW_EXCEPTION(0, java.lang.NullPointerException: Cannot invoke \"java.util.Set.iterator()\" because \"hashedValues\" is null <com.facebook.ads.sdk.serverside.utils.HashedListAdaptor.write(HashedListAdaptor.java:141)>)" ],
    "Stmt(EXPRESSION, 31, com.facebook.ads.sdk.serverside.utils.HashedListAdaptor, DEFAULT)" : [ "THREW_EXCEPTION(0, java.lang.RuntimeException: Error while reading current serializing field's name <com.facebook.ads.sdk.serverside.utils.HashedListAdaptor.write(HashedListAdaptor.java:110)>)" ],
    "Stmt(EXPRESSION, 31, com.facebook.ads.sdk.serverside.utils.HashedListAdaptor, NON_DEFAULT)" : [ "THREW_EXCEPTION(1, java.lang.RuntimeException: Error while reading current serializing field's name <com.facebook.ads.sdk.serverside.utils.HashedListAdaptor.write(HashedListAdaptor.java:110)>)" ],
    "Stmt(RETURN, 32, com.facebook.ads.sdk.serverside.utils.HashedListAdaptor, DEFAULT)" : [ "FAILED(0)" ],
    "Stmt(RETURN, 32, com.facebook.ads.sdk.serverside.utils.HashedListAdaptor, NON_DEFAULT)" : [ "FAILED(1)" ],
    "Stmt(VARIABLE_DECLARATION, 33, com.facebook.ads.sdk.serverside.utils.HashedListAdaptor, DEFAULT)" : [ "THREW_EXCEPTION(1, java.lang.NullPointerException: Cannot invoke \"java.lang.reflect.Field.setAccessible(boolean)\" because \"nameField\" is null <com.facebook.ads.sdk.serverside.utils.HashedListAdaptor.getFieldName(HashedListAdaptor.java:163)>)" ],
    "Stmt(VARIABLE_DECLARATION, 33, com.facebook.ads.sdk.serverside.utils.HashedListAdaptor, NON_DEFAULT)" : [ "THREW_EXCEPTION(0, java.lang.NullPointerException: Cannot invoke \"java.lang.reflect.Field.setAccessible(boolean)\" because \"nameField\" is null <com.facebook.ads.sdk.serverside.utils.HashedListAdaptor.getFieldName(HashedListAdaptor.java:163)>)" ]
  },
  "timeTaken" : 43
}