{
  "fileName" : "src/main/java/technology/tabula/Rectangle.java",
  "packageName" : "technology.tabula",
  "className" : "Rectangle",
  "typeMetricsHashMap" : {
    "LAMBDA_RETURN" : {
      "elementCount" : 0,
      "coveredCount" : 0,
      "effectualCount" : 0,
      "coverageGap" : [ ],
      "coveredPercentage" : 0.0,
      "effectualPercentage" : 0.0,
      "coverageGapPercentage" : 0.0,
      "coverageGapSize" : 0
    },
    "DECISION" : {
      "elementCount" : 6,
      "coveredCount" : 2,
      "effectualCount" : 2,
      "coverageGap" : [ ],
      "coveredPercentage" : 33.33,
      "effectualPercentage" : 33.33,
      "coverageGapPercentage" : 0.0,
      "coverageGapSize" : 0
    },
    "CONTINUE" : {
      "elementCount" : 0,
      "coveredCount" : 0,
      "effectualCount" : 0,
      "coverageGap" : [ ],
      "coveredPercentage" : 0.0,
      "effectualPercentage" : 0.0,
      "coverageGapPercentage" : 0.0,
      "coverageGapSize" : 0
    },
    "FOR_EACH" : {
      "elementCount" : 1,
      "coveredCount" : 1,
      "effectualCount" : 1,
      "coverageGap" : [ ],
      "coveredPercentage" : 100.0,
      "effectualPercentage" : 100.0,
      "coverageGapPercentage" : 0.0,
      "coverageGapSize" : 0
    },
    "INNER_CLASS_RETURN" : {
      "elementCount" : 0,
      "coveredCount" : 0,
      "effectualCount" : 0,
      "coverageGap" : [ ],
      "coveredPercentage" : 0.0,
      "effectualPercentage" : 0.0,
      "coverageGapPercentage" : 0.0,
      "coverageGapSize" : 0
    },
    "FOR" : {
      "elementCount" : 0,
      "coveredCount" : 0,
      "effectualCount" : 0,
      "coverageGap" : [ ],
      "coveredPercentage" : 0.0,
      "effectualPercentage" : 0.0,
      "coverageGapPercentage" : 0.0,
      "coverageGapSize" : 0
    },
    "THROW" : {
      "elementCount" : 0,
      "coveredCount" : 0,
      "effectualCount" : 0,
      "coverageGap" : [ ],
      "coveredPercentage" : 0.0,
      "effectualPercentage" : 0.0,
      "coverageGapPercentage" : 0.0,
      "coverageGapSize" : 0
    },
    "BREAK" : {
      "elementCount" : 0,
      "coveredCount" : 0,
      "effectualCount" : 0,
      "coverageGap" : [ ],
      "coveredPercentage" : 0.0,
      "effectualPercentage" : 0.0,
      "coverageGapPercentage" : 0.0,
      "coverageGapSize" : 0
    },
    "DO" : {
      "elementCount" : 0,
      "coveredCount" : 0,
      "effectualCount" : 0,
      "coverageGap" : [ ],
      "coveredPercentage" : 0.0,
      "effectualPercentage" : 0.0,
      "coverageGapPercentage" : 0.0,
      "coverageGapSize" : 0
    },
    "IF" : {
      "elementCount" : 6,
      "coveredCount" : 4,
      "effectualCount" : 4,
      "coverageGap" : [ ],
      "coveredPercentage" : 66.67,
      "effectualPercentage" : 66.67,
      "coverageGapPercentage" : 0.0,
      "coverageGapSize" : 0
    },
    "WHILE" : {
      "elementCount" : 0,
      "coveredCount" : 0,
      "effectualCount" : 0,
      "coverageGap" : [ ],
      "coveredPercentage" : 0.0,
      "effectualPercentage" : 0.0,
      "coverageGapPercentage" : 0.0,
      "coverageGapSize" : 0
    },
    "LAMBDA" : {
      "elementCount" : 0,
      "coveredCount" : 0,
      "effectualCount" : 0,
      "coverageGap" : [ ],
      "coveredPercentage" : 0.0,
      "effectualPercentage" : 0.0,
      "coverageGapPercentage" : 0.0,
      "coverageGapSize" : 0
    },
    "INNER_CLASS" : {
      "elementCount" : 0,
      "coveredCount" : 0,
      "effectualCount" : 0,
      "coverageGap" : [ ],
      "coveredPercentage" : 0.0,
      "effectualPercentage" : 0.0,
      "coverageGapPercentage" : 0.0,
      "coverageGapSize" : 0
    },
    "RETURN" : {
      "elementCount" : 40,
      "coveredCount" : 36,
      "effectualCount" : 34,
      "coverageGap" : [ "Stmt(RETURN, 30, technology.tabula.Rectangle, DEFAULT)", "Stmt(RETURN, 30, technology.tabula.Rectangle, NON_DEFAULT)" ],
      "coveredPercentage" : 90.0,
      "effectualPercentage" : 85.0,
      "coverageGapPercentage" : 5.0,
      "coverageGapSize" : 2
    },
    "VARIABLE_DECLARATION" : {
      "elementCount" : 14,
      "coveredCount" : 10,
      "effectualCount" : 6,
      "coverageGap" : [ "Stmt(VARIABLE_DECLARATION, 55, technology.tabula.Rectangle, DEFAULT)", "Stmt(VARIABLE_DECLARATION, 56, technology.tabula.Rectangle, DEFAULT)", "Stmt(VARIABLE_DECLARATION, 53, technology.tabula.Rectangle, DEFAULT)", "Stmt(VARIABLE_DECLARATION, 54, technology.tabula.Rectangle, DEFAULT)" ],
      "coveredPercentage" : 71.43,
      "effectualPercentage" : 42.86,
      "coverageGapPercentage" : 28.57,
      "coverageGapSize" : 4
    },
    "SWITCH_ENTRY_ASSIGNMENT" : {
      "elementCount" : 0,
      "coveredCount" : 0,
      "effectualCount" : 0,
      "coverageGap" : [ ],
      "coveredPercentage" : 0.0,
      "effectualPercentage" : 0.0,
      "coverageGapPercentage" : 0.0,
      "coverageGapSize" : 0
    },
    "EXPRESSION" : {
      "elementCount" : 16,
      "coveredCount" : 7,
      "effectualCount" : 7,
      "coverageGap" : [ ],
      "coveredPercentage" : 43.75,
      "effectualPercentage" : 43.75,
      "coverageGapPercentage" : 0.0,
      "coverageGapSize" : 0
    },
    "SWITCH" : {
      "elementCount" : 0,
      "coveredCount" : 0,
      "effectualCount" : 0,
      "coverageGap" : [ ],
      "coveredPercentage" : 0.0,
      "effectualPercentage" : 0.0,
      "coverageGapPercentage" : 0.0,
      "coverageGapSize" : 0
    },
    "TRY" : {
      "elementCount" : 0,
      "coveredCount" : 0,
      "effectualCount" : 0,
      "coverageGap" : [ ],
      "coveredPercentage" : 0.0,
      "effectualPercentage" : 0.0,
      "coverageGapPercentage" : 0.0,
      "coverageGapSize" : 0
    }
  },
  "covered" : [ "Stmt(VARIABLE_DECLARATION, 26, technology.tabula.Rectangle, DEFAULT)", "Decision(true, IF, 3, technology.tabula.Rectangle)", "Stmt(VARIABLE_DECLARATION, 55, technology.tabula.Rectangle, DEFAULT)", "Stmt(VARIABLE_DECLARATION, 22, technology.tabula.Rectangle, DEFAULT)", "Stmt(RETURN, 34, technology.tabula.Rectangle, DEFAULT)", "Stmt(RETURN, 34, technology.tabula.Rectangle, NON_DEFAULT)", "Stmt(RETURN, 30, technology.tabula.Rectangle, DEFAULT)", "Stmt(RETURN, 30, technology.tabula.Rectangle, NON_DEFAULT)", "Stmt(RETURN, 9, technology.tabula.Rectangle, DEFAULT)", "Stmt(RETURN, 9, technology.tabula.Rectangle, NON_DEFAULT)", "Stmt(EXPRESSION, 5, technology.tabula.Rectangle, DEFAULT)", "Stmt(EXPRESSION, 50, technology.tabula.Rectangle, DEFAULT)", "Stmt(IF, 13, technology.tabula.Rectangle, DEFAULT)", "Stmt(VARIABLE_DECLARATION, 27, technology.tabula.Rectangle, DEFAULT)", "Stmt(VARIABLE_DECLARATION, 23, technology.tabula.Rectangle, DEFAULT)", "Stmt(VARIABLE_DECLARATION, 56, technology.tabula.Rectangle, DEFAULT)", "Stmt(IF, 2, technology.tabula.Rectangle, DEFAULT)", "Stmt(RETURN, 31, technology.tabula.Rectangle, DEFAULT)", "Stmt(RETURN, 31, technology.tabula.Rectangle, NON_DEFAULT)", "Stmt(RETURN, 10, technology.tabula.Rectangle, DEFAULT)", "Stmt(RETURN, 10, technology.tabula.Rectangle, NON_DEFAULT)", "Stmt(RETURN, 39, technology.tabula.Rectangle, DEFAULT)", "Stmt(RETURN, 39, technology.tabula.Rectangle, NON_DEFAULT)", "Stmt(RETURN, 6, technology.tabula.Rectangle, DEFAULT)", "Stmt(RETURN, 6, technology.tabula.Rectangle, NON_DEFAULT)", "Stmt(EXPRESSION, 51, technology.tabula.Rectangle, DEFAULT)", "Stmt(FOR_EACH, 47, technology.tabula.Rectangle, DEFAULT)", "Stmt(IF, 14, technology.tabula.Rectangle, DEFAULT)", "Stmt(VARIABLE_DECLARATION, 28, technology.tabula.Rectangle, DEFAULT)", "Decision(true, IF, 1, technology.tabula.Rectangle)", "Stmt(RETURN, 24, technology.tabula.Rectangle, DEFAULT)", "Stmt(RETURN, 24, technology.tabula.Rectangle, NON_DEFAULT)", "Stmt(VARIABLE_DECLARATION, 53, technology.tabula.Rectangle, DEFAULT)", "Stmt(RETURN, 3, technology.tabula.Rectangle, DEFAULT)", "Stmt(RETURN, 3, technology.tabula.Rectangle, NON_DEFAULT)", "Stmt(RETURN, 36, technology.tabula.Rectangle, DEFAULT)", "Stmt(RETURN, 36, technology.tabula.Rectangle, NON_DEFAULT)", "Stmt(RETURN, 11, technology.tabula.Rectangle, DEFAULT)", "Stmt(RETURN, 11, technology.tabula.Rectangle, NON_DEFAULT)", "Stmt(RETURN, 7, technology.tabula.Rectangle, DEFAULT)", "Stmt(RETURN, 7, technology.tabula.Rectangle, NON_DEFAULT)", "Stmt(EXPRESSION, 19, technology.tabula.Rectangle, DEFAULT)", "Stmt(RETURN, 52, technology.tabula.Rectangle, DEFAULT)", "Stmt(RETURN, 52, technology.tabula.Rectangle, NON_DEFAULT)", "Stmt(EXPRESSION, 48, technology.tabula.Rectangle, DEFAULT)", "Stmt(VARIABLE_DECLARATION, 25, technology.tabula.Rectangle, DEFAULT)", "Stmt(RETURN, 21, technology.tabula.Rectangle, DEFAULT)", "Stmt(RETURN, 21, technology.tabula.Rectangle, NON_DEFAULT)", "Stmt(VARIABLE_DECLARATION, 54, technology.tabula.Rectangle, DEFAULT)", "Stmt(RETURN, 4, technology.tabula.Rectangle, DEFAULT)", "Stmt(RETURN, 4, technology.tabula.Rectangle, NON_DEFAULT)", "Stmt(IF, 0, technology.tabula.Rectangle, DEFAULT)", "Stmt(EXPRESSION, 29, technology.tabula.Rectangle, DEFAULT)", "Stmt(RETURN, 12, technology.tabula.Rectangle, DEFAULT)", "Stmt(RETURN, 12, technology.tabula.Rectangle, NON_DEFAULT)", "Stmt(RETURN, 41, technology.tabula.Rectangle, DEFAULT)", "Stmt(RETURN, 41, technology.tabula.Rectangle, NON_DEFAULT)", "Stmt(RETURN, 8, technology.tabula.Rectangle, DEFAULT)", "Stmt(RETURN, 8, technology.tabula.Rectangle, NON_DEFAULT)", "Stmt(EXPRESSION, 49, technology.tabula.Rectangle, DEFAULT)" ],
  "effectualCovered" : [ "Stmt(VARIABLE_DECLARATION, 26, technology.tabula.Rectangle, DEFAULT)", "Decision(true, IF, 3, technology.tabula.Rectangle)", "Stmt(VARIABLE_DECLARATION, 22, technology.tabula.Rectangle, DEFAULT)", "Stmt(RETURN, 34, technology.tabula.Rectangle, DEFAULT)", "Stmt(RETURN, 34, technology.tabula.Rectangle, NON_DEFAULT)", "Stmt(RETURN, 9, technology.tabula.Rectangle, DEFAULT)", "Stmt(RETURN, 9, technology.tabula.Rectangle, NON_DEFAULT)", "Stmt(EXPRESSION, 5, technology.tabula.Rectangle, DEFAULT)", "Stmt(EXPRESSION, 50, technology.tabula.Rectangle, DEFAULT)", "Stmt(IF, 13, technology.tabula.Rectangle, DEFAULT)", "Stmt(VARIABLE_DECLARATION, 27, technology.tabula.Rectangle, DEFAULT)", "Stmt(VARIABLE_DECLARATION, 23, technology.tabula.Rectangle, DEFAULT)", "Stmt(IF, 2, technology.tabula.Rectangle, DEFAULT)", "Stmt(RETURN, 31, technology.tabula.Rectangle, DEFAULT)", "Stmt(RETURN, 31, technology.tabula.Rectangle, NON_DEFAULT)", "Stmt(RETURN, 10, technology.tabula.Rectangle, DEFAULT)", "Stmt(RETURN, 10, technology.tabula.Rectangle, NON_DEFAULT)", "Stmt(RETURN, 39, technology.tabula.Rectangle, DEFAULT)", "Stmt(RETURN, 39, technology.tabula.Rectangle, NON_DEFAULT)", "Stmt(RETURN, 6, technology.tabula.Rectangle, DEFAULT)", "Stmt(RETURN, 6, technology.tabula.Rectangle, NON_DEFAULT)", "Stmt(EXPRESSION, 51, technology.tabula.Rectangle, DEFAULT)", "Stmt(FOR_EACH, 47, technology.tabula.Rectangle, DEFAULT)", "Stmt(IF, 14, technology.tabula.Rectangle, DEFAULT)", "Stmt(VARIABLE_DECLARATION, 28, technology.tabula.Rectangle, DEFAULT)", "Decision(true, IF, 1, technology.tabula.Rectangle)", "Stmt(RETURN, 24, technology.tabula.Rectangle, DEFAULT)", "Stmt(RETURN, 24, technology.tabula.Rectangle, NON_DEFAULT)", "Stmt(RETURN, 3, technology.tabula.Rectangle, DEFAULT)", "Stmt(RETURN, 3, technology.tabula.Rectangle, NON_DEFAULT)", "Stmt(RETURN, 36, technology.tabula.Rectangle, DEFAULT)", "Stmt(RETURN, 36, technology.tabula.Rectangle, NON_DEFAULT)", "Stmt(RETURN, 11, technology.tabula.Rectangle, DEFAULT)", "Stmt(RETURN, 11, technology.tabula.Rectangle, NON_DEFAULT)", "Stmt(RETURN, 7, technology.tabula.Rectangle, DEFAULT)", "Stmt(RETURN, 7, technology.tabula.Rectangle, NON_DEFAULT)", "Stmt(EXPRESSION, 19, technology.tabula.Rectangle, DEFAULT)", "Stmt(RETURN, 52, technology.tabula.Rectangle, DEFAULT)", "Stmt(RETURN, 52, technology.tabula.Rectangle, NON_DEFAULT)", "Stmt(EXPRESSION, 48, technology.tabula.Rectangle, DEFAULT)", "Stmt(VARIABLE_DECLARATION, 25, technology.tabula.Rectangle, DEFAULT)", "Stmt(RETURN, 21, technology.tabula.Rectangle, DEFAULT)", "Stmt(RETURN, 21, technology.tabula.Rectangle, NON_DEFAULT)", "Stmt(RETURN, 4, technology.tabula.Rectangle, DEFAULT)", "Stmt(RETURN, 4, technology.tabula.Rectangle, NON_DEFAULT)", "Stmt(IF, 0, technology.tabula.Rectangle, DEFAULT)", "Stmt(EXPRESSION, 29, technology.tabula.Rectangle, DEFAULT)", "Stmt(RETURN, 12, technology.tabula.Rectangle, DEFAULT)", "Stmt(RETURN, 12, technology.tabula.Rectangle, NON_DEFAULT)", "Stmt(RETURN, 41, technology.tabula.Rectangle, DEFAULT)", "Stmt(RETURN, 41, technology.tabula.Rectangle, NON_DEFAULT)", "Stmt(RETURN, 8, technology.tabula.Rectangle, DEFAULT)", "Stmt(RETURN, 8, technology.tabula.Rectangle, NON_DEFAULT)", "Stmt(EXPRESSION, 49, technology.tabula.Rectangle, DEFAULT)" ],
  "totalElementCount" : 83,
  "totalCoveredCount" : 60,
  "totalEffectualCount" : 54,
  "totalCoverageGap" : 6
}