{
  "testClassName" : "com.amihaiemil.eoyaml.WellIndentedTest",
  "testMethodName" : "validatesProperLines",
  "testOutcomes" : [ "PASSED(3)", "PASSED(1)", "PASSED(1)" ],
  "coverageElementTestOutcomes" : {
    "Decision(true, IF, 0, com.amihaiemil.eoyaml.WellIndented)" : [ "FAILED(0)" ],
    "Decision(true, LOOP, 1, com.amihaiemil.eoyaml.WellIndented)" : [ "FAILED(0)" ],
    "Decision(false, LOOP, 1, com.amihaiemil.eoyaml.WellIndented)" : [ "FAILED(0)" ],
    "Decision(true, IF, 2, com.amihaiemil.eoyaml.WellIndented)" : [ "FAILED(0)" ],
    "Decision(false, IF, 3, com.amihaiemil.eoyaml.WellIndented)" : [ "FAILED(0)" ],
    "Decision(false, IF, 4, com.amihaiemil.eoyaml.WellIndented)" : [ "FAILED(0)" ],
    "Decision(true, IF, 5, com.amihaiemil.eoyaml.WellIndented)" : [ "FAILED(1)" ],
    "Decision(false, IF, 6, com.amihaiemil.eoyaml.WellIndented)" : [ "FAILED(0)" ],
    "Decision(true, IF, 7, com.amihaiemil.eoyaml.WellIndented)" : [ "FAILED(0)" ],
    "Decision(false, IF, 7, com.amihaiemil.eoyaml.WellIndented)" : [ "FAILED(0)" ],
    "Decision(false, IF, 8, com.amihaiemil.eoyaml.WellIndented)" : [ "FAILED(0)" ],
    "Stmt(EXPRESSION, 0, com.amihaiemil.eoyaml.WellIndented, DEFAULT)" : [ "THREW_EXCEPTION(1, java.lang.NullPointerException: Cannot invoke \"com.amihaiemil.eoyaml.YamlLines.iterator()\" because \"this.yamlLines\" is null <com.amihaiemil.eoyaml.WellIndented.iterator(WellIndented.java:92)>)" ],
    "Stmt(EXPRESSION, 0, com.amihaiemil.eoyaml.WellIndented, NON_DEFAULT)" : [ "THREW_EXCEPTION(0, java.lang.NullPointerException: Cannot invoke \"com.amihaiemil.eoyaml.YamlLines.iterator()\" because \"this.yamlLines\" is null <com.amihaiemil.eoyaml.WellIndented.iterator(WellIndented.java:92)>)" ],
    "Stmt(IF, 1, com.amihaiemil.eoyaml.WellIndented, DEFAULT)" : [ "FAILED(1)" ],
    "Stmt(IF, 1, com.amihaiemil.eoyaml.WellIndented, NON_DEFAULT)" : [ "FAILED(1)" ],
    "Stmt(EXPRESSION, 2, com.amihaiemil.eoyaml.WellIndented, DEFAULT)" : [ "FAILED(0)" ],
    "Stmt(EXPRESSION, 2, com.amihaiemil.eoyaml.WellIndented, NON_DEFAULT)" : [ "FAILED(0)" ],
    "Stmt(EXPRESSION, 3, com.amihaiemil.eoyaml.WellIndented, DEFAULT)" : [ "FAILED(0)" ],
    "Stmt(EXPRESSION, 3, com.amihaiemil.eoyaml.WellIndented, NON_DEFAULT)" : [ "FAILED(0)" ],
    "Stmt(WHILE, 4, com.amihaiemil.eoyaml.WellIndented, DEFAULT)" : [ "FAILED(0)" ],
    "Stmt(WHILE, 4, com.amihaiemil.eoyaml.WellIndented, NON_DEFAULT)" : [ "FAILED(0)" ],
    "Stmt(IF, 5, com.amihaiemil.eoyaml.WellIndented, DEFAULT)" : [ "FAILED(0)" ],
    "Stmt(IF, 5, com.amihaiemil.eoyaml.WellIndented, NON_DEFAULT)" : [ "FAILED(0)" ],
    "Stmt(IF, 6, com.amihaiemil.eoyaml.WellIndented, DEFAULT)" : [ "FAILED(1)" ],
    "Stmt(IF, 6, com.amihaiemil.eoyaml.WellIndented, NON_DEFAULT)" : [ "FAILED(0)" ],
    "Stmt(IF, 8, com.amihaiemil.eoyaml.WellIndented, DEFAULT)" : [ "FAILED(1)" ],
    "Stmt(IF, 8, com.amihaiemil.eoyaml.WellIndented, NON_DEFAULT)" : [ "FAILED(0)" ],
    "Stmt(IF, 11, com.amihaiemil.eoyaml.WellIndented, DEFAULT)" : [ "FAILED(0)" ],
    "Stmt(IF, 11, com.amihaiemil.eoyaml.WellIndented, NON_DEFAULT)" : [ "FAILED(0)" ],
    "Stmt(IF, 12, com.amihaiemil.eoyaml.WellIndented, DEFAULT)" : [ "FAILED(0)" ],
    "Stmt(IF, 12, com.amihaiemil.eoyaml.WellIndented, NON_DEFAULT)" : [ "FAILED(0)" ],
    "Stmt(IF, 13, com.amihaiemil.eoyaml.WellIndented, DEFAULT)" : [ "FAILED(0)" ],
    "Stmt(IF, 13, com.amihaiemil.eoyaml.WellIndented, NON_DEFAULT)" : [ "FAILED(0)" ],
    "Stmt(IF, 14, com.amihaiemil.eoyaml.WellIndented, DEFAULT)" : [ "FAILED(0)" ],
    "Stmt(IF, 14, com.amihaiemil.eoyaml.WellIndented, NON_DEFAULT)" : [ "FAILED(0)" ],
    "Stmt(VARIABLE_DECLARATION, 18, com.amihaiemil.eoyaml.WellIndented, DEFAULT)" : [ "FAILED(0)" ],
    "Stmt(VARIABLE_DECLARATION, 18, com.amihaiemil.eoyaml.WellIndented, NON_DEFAULT)" : [ "FAILED(0)" ],
    "Stmt(VARIABLE_DECLARATION, 19, com.amihaiemil.eoyaml.WellIndented, DEFAULT)" : [ "FAILED(0)" ],
    "Stmt(VARIABLE_DECLARATION, 19, com.amihaiemil.eoyaml.WellIndented, NON_DEFAULT)" : [ "FAILED(0)" ],
    "Stmt(EXPRESSION, 20, com.amihaiemil.eoyaml.WellIndented, DEFAULT)" : [ "FAILED(0)" ],
    "Stmt(EXPRESSION, 20, com.amihaiemil.eoyaml.WellIndented, NON_DEFAULT)" : [ "FAILED(1)" ],
    "Stmt(EXPRESSION, 21, com.amihaiemil.eoyaml.WellIndented, DEFAULT)" : [ "FAILED(1)" ],
    "Stmt(EXPRESSION, 21, com.amihaiemil.eoyaml.WellIndented, NON_DEFAULT)" : [ "FAILED(0)" ],
    "Stmt(VARIABLE_DECLARATION, 22, com.amihaiemil.eoyaml.WellIndented, DEFAULT)" : [ "FAILED(0)" ],
    "Stmt(VARIABLE_DECLARATION, 22, com.amihaiemil.eoyaml.WellIndented, NON_DEFAULT)" : [ "FAILED(0)" ],
    "Stmt(RETURN, 23, com.amihaiemil.eoyaml.WellIndented, DEFAULT)" : [ "THREW_EXCEPTION(0, java.lang.NullPointerException: Cannot invoke \"java.util.Iterator.hasNext()\" because \"iterator\" is null <org.hamcrest.collection.IsIterableWithSize.featureValueOf(IsIterableWithSize.java:21)>)" ],
    "Stmt(RETURN, 23, com.amihaiemil.eoyaml.WellIndented, NON_DEFAULT)" : [ "THREW_EXCEPTION(1, java.lang.NullPointerException: Cannot invoke \"java.util.Iterator.hasNext()\" because \"iterator\" is null <org.hamcrest.collection.IsIterableWithSize.featureValueOf(IsIterableWithSize.java:21)>)" ],
    "Stmt(VARIABLE_DECLARATION, 24, com.amihaiemil.eoyaml.WellIndented, DEFAULT)" : [ "FAILED(1)" ],
    "Stmt(VARIABLE_DECLARATION, 24, com.amihaiemil.eoyaml.WellIndented, NON_DEFAULT)" : [ "FAILED(0)" ]
  },
  "timeTaken" : 78
}