{
  "fileName" : "project-overview",
  "typeMetricsHashMap" : {
    "INNER_CLASS_RETURN" : {
      "elementCount" : 0,
      "coveredCount" : 0,
      "effectualCount" : 0,
      "coverageGap" : [ ],
      "coverageGapSize" : 0,
      "coveredPercentage" : 0.0,
      "effectualPercentage" : 0.0,
      "coverageGapPercentage" : 0.0
    },
    "WHILE" : {
      "elementCount" : 0,
      "coveredCount" : 0,
      "effectualCount" : 0,
      "coverageGap" : [ ],
      "coverageGapSize" : 0,
      "coveredPercentage" : 0.0,
      "effectualPercentage" : 0.0,
      "coverageGapPercentage" : 0.0
    },
    "BREAK" : {
      "elementCount" : 0,
      "coveredCount" : 0,
      "effectualCount" : 0,
      "coverageGap" : [ ],
      "coverageGapSize" : 0,
      "coveredPercentage" : 0.0,
      "effectualPercentage" : 0.0,
      "coverageGapPercentage" : 0.0
    },
    "EXPRESSION" : {
      "elementCount" : 46,
      "coveredCount" : 35,
      "effectualCount" : 34,
      "coverageGap" : [ "Stmt(EXPRESSION, 39, org.xmlcml.euclid.Line2, DEFAULT)" ],
      "coverageGapSize" : 1,
      "coveredPercentage" : 76.09,
      "effectualPercentage" : 73.91,
      "coverageGapPercentage" : 2.17
    },
    "IF" : {
      "elementCount" : 25,
      "coveredCount" : 21,
      "effectualCount" : 21,
      "coverageGap" : [ ],
      "coverageGapSize" : 0,
      "coveredPercentage" : 84.0,
      "effectualPercentage" : 84.0,
      "coverageGapPercentage" : 0.0
    },
    "DO" : {
      "elementCount" : 0,
      "coveredCount" : 0,
      "effectualCount" : 0,
      "coverageGap" : [ ],
      "coverageGapSize" : 0,
      "coveredPercentage" : 0.0,
      "effectualPercentage" : 0.0,
      "coverageGapPercentage" : 0.0
    },
    "SWITCH" : {
      "elementCount" : 0,
      "coveredCount" : 0,
      "effectualCount" : 0,
      "coverageGap" : [ ],
      "coverageGapSize" : 0,
      "coveredPercentage" : 0.0,
      "effectualPercentage" : 0.0,
      "coverageGapPercentage" : 0.0
    },
    "CONTINUE" : {
      "elementCount" : 0,
      "coveredCount" : 0,
      "effectualCount" : 0,
      "coverageGap" : [ ],
      "coverageGapSize" : 0,
      "coveredPercentage" : 0.0,
      "effectualPercentage" : 0.0,
      "coverageGapPercentage" : 0.0
    },
    "FOR" : {
      "elementCount" : 0,
      "coveredCount" : 0,
      "effectualCount" : 0,
      "coverageGap" : [ ],
      "coverageGapSize" : 0,
      "coveredPercentage" : 0.0,
      "effectualPercentage" : 0.0,
      "coverageGapPercentage" : 0.0
    },
    "TRY" : {
      "elementCount" : 1,
      "coveredCount" : 1,
      "effectualCount" : 1,
      "coverageGap" : [ ],
      "coverageGapSize" : 0,
      "coveredPercentage" : 100.0,
      "effectualPercentage" : 100.0,
      "coverageGapPercentage" : 0.0
    },
    "INNER_CLASS" : {
      "elementCount" : 0,
      "coveredCount" : 0,
      "effectualCount" : 0,
      "coverageGap" : [ ],
      "coverageGapSize" : 0,
      "coveredPercentage" : 0.0,
      "effectualPercentage" : 0.0,
      "coverageGapPercentage" : 0.0
    },
    "FOR_EACH" : {
      "elementCount" : 0,
      "coveredCount" : 0,
      "effectualCount" : 0,
      "coverageGap" : [ ],
      "coverageGapSize" : 0,
      "coveredPercentage" : 0.0,
      "effectualPercentage" : 0.0,
      "coverageGapPercentage" : 0.0
    },
    "LAMBDA" : {
      "elementCount" : 0,
      "coveredCount" : 0,
      "effectualCount" : 0,
      "coverageGap" : [ ],
      "coverageGapSize" : 0,
      "coveredPercentage" : 0.0,
      "effectualPercentage" : 0.0,
      "coverageGapPercentage" : 0.0
    },
    "THROW" : {
      "elementCount" : 3,
      "coveredCount" : 0,
      "effectualCount" : 0,
      "coverageGap" : [ ],
      "coverageGapSize" : 0,
      "coveredPercentage" : 0.0,
      "effectualPercentage" : 0.0,
      "coverageGapPercentage" : 0.0
    },
    "RETURN" : {
      "elementCount" : 66,
      "coveredCount" : 56,
      "effectualCount" : 56,
      "coverageGap" : [ ],
      "coverageGapSize" : 0,
      "coveredPercentage" : 84.85,
      "effectualPercentage" : 84.85,
      "coverageGapPercentage" : 0.0
    },
    "DECISION" : {
      "elementCount" : 25,
      "coveredCount" : 18,
      "effectualCount" : 17,
      "coverageGap" : [ "Decision(true, IF, 8, org.xmlcml.euclid.Line2)" ],
      "coverageGapSize" : 1,
      "coveredPercentage" : 72.0,
      "effectualPercentage" : 68.0,
      "coverageGapPercentage" : 4.0
    },
    "LAMBDA_RETURN" : {
      "elementCount" : 0,
      "coveredCount" : 0,
      "effectualCount" : 0,
      "coverageGap" : [ ],
      "coverageGapSize" : 0,
      "coveredPercentage" : 0.0,
      "effectualPercentage" : 0.0,
      "coverageGapPercentage" : 0.0
    },
    "VARIABLE_DECLARATION" : {
      "elementCount" : 44,
      "coveredCount" : 33,
      "effectualCount" : 32,
      "coverageGap" : [ "Stmt(VARIABLE_DECLARATION, 41, org.xmlcml.euclid.Line2, DEFAULT)" ],
      "coverageGapSize" : 1,
      "coveredPercentage" : 75.0,
      "effectualPercentage" : 72.73,
      "coverageGapPercentage" : 2.27
    },
    "SWITCH_ENTRY_ASSIGNMENT" : {
      "elementCount" : 0,
      "coveredCount" : 0,
      "effectualCount" : 0,
      "coverageGap" : [ ],
      "coverageGapSize" : 0,
      "coveredPercentage" : 0.0,
      "effectualPercentage" : 0.0,
      "coverageGapPercentage" : 0.0
    }
  },
  "totalElementCount" : 210,
  "totalCoveredCount" : 164,
  "totalEffectualCount" : 161,
  "totalCoverageGap" : 3
}