{
  "fileName" : "project-overview",
  "typeMetricsHashMap" : {
    "SWITCH_ENTRY_ASSIGNMENT" : {
      "elementCount" : 0,
      "coveredCount" : 0,
      "effectualCount" : 0,
      "coverageGap" : [ ],
      "coveredPercentage" : 0.0,
      "effectualPercentage" : 0.0,
      "coverageGapPercentage" : 0.0,
      "coverageGapSize" : 0
    },
    "DO" : {
      "elementCount" : 0,
      "coveredCount" : 0,
      "effectualCount" : 0,
      "coverageGap" : [ ],
      "coveredPercentage" : 0.0,
      "effectualPercentage" : 0.0,
      "coverageGapPercentage" : 0.0,
      "coverageGapSize" : 0
    },
    "FOR_EACH" : {
      "elementCount" : 0,
      "coveredCount" : 0,
      "effectualCount" : 0,
      "coverageGap" : [ ],
      "coveredPercentage" : 0.0,
      "effectualPercentage" : 0.0,
      "coverageGapPercentage" : 0.0,
      "coverageGapSize" : 0
    },
    "DECISION" : {
      "elementCount" : 18,
      "coveredCount" : 15,
      "effectualCount" : 15,
      "coverageGap" : [ ],
      "coveredPercentage" : 83.33,
      "effectualPercentage" : 83.33,
      "coverageGapPercentage" : 0.0,
      "coverageGapSize" : 0
    },
    "SWITCH" : {
      "elementCount" : 0,
      "coveredCount" : 0,
      "effectualCount" : 0,
      "coverageGap" : [ ],
      "coveredPercentage" : 0.0,
      "effectualPercentage" : 0.0,
      "coverageGapPercentage" : 0.0,
      "coverageGapSize" : 0
    },
    "FOR" : {
      "elementCount" : 8,
      "coveredCount" : 7,
      "effectualCount" : 7,
      "coverageGap" : [ ],
      "coveredPercentage" : 87.5,
      "effectualPercentage" : 87.5,
      "coverageGapPercentage" : 0.0,
      "coverageGapSize" : 0
    },
    "INNER_CLASS_RETURN" : {
      "elementCount" : 0,
      "coveredCount" : 0,
      "effectualCount" : 0,
      "coverageGap" : [ ],
      "coveredPercentage" : 0.0,
      "effectualPercentage" : 0.0,
      "coverageGapPercentage" : 0.0,
      "coverageGapSize" : 0
    },
    "IF" : {
      "elementCount" : 10,
      "coveredCount" : 9,
      "effectualCount" : 9,
      "coverageGap" : [ ],
      "coveredPercentage" : 90.0,
      "effectualPercentage" : 90.0,
      "coverageGapPercentage" : 0.0,
      "coverageGapSize" : 0
    },
    "THROW" : {
      "elementCount" : 2,
      "coveredCount" : 2,
      "effectualCount" : 2,
      "coverageGap" : [ ],
      "coveredPercentage" : 100.0,
      "effectualPercentage" : 100.0,
      "coverageGapPercentage" : 0.0,
      "coverageGapSize" : 0
    },
    "RETURN" : {
      "elementCount" : 8,
      "coveredCount" : 6,
      "effectualCount" : 6,
      "coverageGap" : [ ],
      "coveredPercentage" : 75.0,
      "effectualPercentage" : 75.0,
      "coverageGapPercentage" : 0.0,
      "coverageGapSize" : 0
    },
    "EXPRESSION" : {
      "elementCount" : 19,
      "coveredCount" : 17,
      "effectualCount" : 17,
      "coverageGap" : [ ],
      "coveredPercentage" : 89.47,
      "effectualPercentage" : 89.47,
      "coverageGapPercentage" : 0.0,
      "coverageGapSize" : 0
    },
    "CONTINUE" : {
      "elementCount" : 0,
      "coveredCount" : 0,
      "effectualCount" : 0,
      "coverageGap" : [ ],
      "coveredPercentage" : 0.0,
      "effectualPercentage" : 0.0,
      "coverageGapPercentage" : 0.0,
      "coverageGapSize" : 0
    },
    "LAMBDA" : {
      "elementCount" : 0,
      "coveredCount" : 0,
      "effectualCount" : 0,
      "coverageGap" : [ ],
      "coveredPercentage" : 0.0,
      "effectualPercentage" : 0.0,
      "coverageGapPercentage" : 0.0,
      "coverageGapSize" : 0
    },
    "VARIABLE_DECLARATION" : {
      "elementCount" : 5,
      "coveredCount" : 5,
      "effectualCount" : 5,
      "coverageGap" : [ ],
      "coveredPercentage" : 100.0,
      "effectualPercentage" : 100.0,
      "coverageGapPercentage" : 0.0,
      "coverageGapSize" : 0
    },
    "BREAK" : {
      "elementCount" : 0,
      "coveredCount" : 0,
      "effectualCount" : 0,
      "coverageGap" : [ ],
      "coveredPercentage" : 0.0,
      "effectualPercentage" : 0.0,
      "coverageGapPercentage" : 0.0,
      "coverageGapSize" : 0
    },
    "INNER_CLASS" : {
      "elementCount" : 0,
      "coveredCount" : 0,
      "effectualCount" : 0,
      "coverageGap" : [ ],
      "coveredPercentage" : 0.0,
      "effectualPercentage" : 0.0,
      "coverageGapPercentage" : 0.0,
      "coverageGapSize" : 0
    },
    "LAMBDA_RETURN" : {
      "elementCount" : 0,
      "coveredCount" : 0,
      "effectualCount" : 0,
      "coverageGap" : [ ],
      "coveredPercentage" : 0.0,
      "effectualPercentage" : 0.0,
      "coverageGapPercentage" : 0.0,
      "coverageGapSize" : 0
    },
    "TRY" : {
      "elementCount" : 0,
      "coveredCount" : 0,
      "effectualCount" : 0,
      "coverageGap" : [ ],
      "coveredPercentage" : 0.0,
      "effectualPercentage" : 0.0,
      "coverageGapPercentage" : 0.0,
      "coverageGapSize" : 0
    },
    "WHILE" : {
      "elementCount" : 0,
      "coveredCount" : 0,
      "effectualCount" : 0,
      "coverageGap" : [ ],
      "coveredPercentage" : 0.0,
      "effectualPercentage" : 0.0,
      "coverageGapPercentage" : 0.0,
      "coverageGapSize" : 0
    }
  },
  "totalElementCount" : 70,
  "totalCoveredCount" : 61,
  "totalEffectualCount" : 61,
  "totalCoverageGap" : 0
}