{
  "testClassName" : "com.amihaiemil.eoyaml.SkipTest",
  "testMethodName" : "skipsLines",
  "testOutcomes" : [ "PASSED(7)", "PASSED(2)", "PASSED(2)" ],
  "coverageElementTestOutcomes" : {
    "Decision(true, IF, 0, com.amihaiemil.eoyaml.Skip)" : [ "FAILED(0)" ],
    "Decision(true, LOOP, 1, com.amihaiemil.eoyaml.Skip)" : [ "FAILED(0)" ],
    "Decision(false, LOOP, 1, com.amihaiemil.eoyaml.Skip)" : [ "FAILED(0)" ],
    "Decision(true, LOOP, 2, com.amihaiemil.eoyaml.Skip)" : [ "FAILED(0)" ],
    "Decision(false, LOOP, 2, com.amihaiemil.eoyaml.Skip)" : [ "FAILED(0)" ],
    "Decision(true, IF, 3, com.amihaiemil.eoyaml.Skip)" : [ "FAILED(0)" ],
    "Decision(false, IF, 3, com.amihaiemil.eoyaml.Skip)" : [ "FAILED(0)" ],
    "Decision(true, IF, 4, com.amihaiemil.eoyaml.Skip)" : [ "FAILED(1)" ],
    "Decision(false, IF, 4, com.amihaiemil.eoyaml.Skip)" : [ "FAILED(0)" ],
    "Decision(true, IF, 0, com.amihaiemil.eoyaml.Skip$Line)" : [ "FAILED(0)" ],
    "Decision(false, IF, 0, com.amihaiemil.eoyaml.Skip$Line)" : [ "FAILED(0)" ],
    "Stmt(EXPRESSION, 0, com.amihaiemil.eoyaml.Skip, DEFAULT)" : [ "THREW_EXCEPTION(1, java.lang.NullPointerException: Cannot invoke \"com.amihaiemil.eoyaml.YamlLines.iterator()\" because \"this.yamlLines\" is null <com.amihaiemil.eoyaml.Skip.iterator(Skip.java:73)>)" ],
    "Stmt(EXPRESSION, 0, com.amihaiemil.eoyaml.Skip, NON_DEFAULT)" : [ "THREW_EXCEPTION(1, java.lang.NullPointerException: Cannot invoke \"com.amihaiemil.eoyaml.YamlLines.iterator()\" because \"this.yamlLines\" is null <com.amihaiemil.eoyaml.Skip.iterator(Skip.java:73)>)" ],
    "Stmt(EXPRESSION, 1, com.amihaiemil.eoyaml.Skip, DEFAULT)" : [ "FAILED(1)" ],
    "Stmt(EXPRESSION, 1, com.amihaiemil.eoyaml.Skip, NON_DEFAULT)" : [ "FAILED(0)" ],
    "Stmt(IF, 2, com.amihaiemil.eoyaml.Skip, DEFAULT)" : [ "FAILED(1)" ],
    "Stmt(IF, 2, com.amihaiemil.eoyaml.Skip, NON_DEFAULT)" : [ "FAILED(0)" ],
    "Stmt(WHILE, 3, com.amihaiemil.eoyaml.Skip, DEFAULT)" : [ "FAILED(0)" ],
    "Stmt(WHILE, 3, com.amihaiemil.eoyaml.Skip, NON_DEFAULT)" : [ "FAILED(1)" ],
    "Stmt(EXPRESSION, 4, com.amihaiemil.eoyaml.Skip, DEFAULT)" : [ "FAILED(0)" ],
    "Stmt(EXPRESSION, 4, com.amihaiemil.eoyaml.Skip, NON_DEFAULT)" : [ "FAILED(0)" ],
    "Stmt(FOR, 5, com.amihaiemil.eoyaml.Skip, DEFAULT)" : [ "FAILED(1)" ],
    "Stmt(FOR, 5, com.amihaiemil.eoyaml.Skip, NON_DEFAULT)" : [ "FAILED(0)" ],
    "Stmt(IF, 6, com.amihaiemil.eoyaml.Skip, DEFAULT)" : [ "FAILED(0)" ],
    "Stmt(IF, 6, com.amihaiemil.eoyaml.Skip, NON_DEFAULT)" : [ "FAILED(0)" ],
    "Stmt(EXPRESSION, 7, com.amihaiemil.eoyaml.Skip, DEFAULT)" : [ "FAILED(1)" ],
    "Stmt(EXPRESSION, 7, com.amihaiemil.eoyaml.Skip, NON_DEFAULT)" : [ "FAILED(0)" ],
    "Stmt(BREAK, 8, com.amihaiemil.eoyaml.Skip, DEFAULT)" : [ "FAILED(1)" ],
    "Stmt(BREAK, 8, com.amihaiemil.eoyaml.Skip, NON_DEFAULT)" : [ "FAILED(1)" ],
    "Stmt(IF, 9, com.amihaiemil.eoyaml.Skip, DEFAULT)" : [ "FAILED(0)" ],
    "Stmt(IF, 9, com.amihaiemil.eoyaml.Skip, NON_DEFAULT)" : [ "FAILED(1)" ],
    "Stmt(EXPRESSION, 10, com.amihaiemil.eoyaml.Skip, DEFAULT)" : [ "FAILED(0)" ],
    "Stmt(EXPRESSION, 10, com.amihaiemil.eoyaml.Skip, NON_DEFAULT)" : [ "FAILED(0)" ],
    "Stmt(VARIABLE_DECLARATION, 11, com.amihaiemil.eoyaml.Skip, DEFAULT)" : [ "FAILED(0)" ],
    "Stmt(VARIABLE_DECLARATION, 11, com.amihaiemil.eoyaml.Skip, NON_DEFAULT)" : [ "FAILED(1)" ],
    "Stmt(EXPRESSION, 12, com.amihaiemil.eoyaml.Skip, DEFAULT)" : [ "FAILED(0)" ],
    "Stmt(EXPRESSION, 12, com.amihaiemil.eoyaml.Skip, NON_DEFAULT)" : [ "FAILED(1)" ],
    "Stmt(VARIABLE_DECLARATION, 13, com.amihaiemil.eoyaml.Skip, DEFAULT)" : [ "FAILED(1)" ],
    "Stmt(VARIABLE_DECLARATION, 13, com.amihaiemil.eoyaml.Skip, NON_DEFAULT)" : [ "FAILED(0)" ],
    "Stmt(RETURN, 14, com.amihaiemil.eoyaml.Skip, DEFAULT)" : [ "THREW_EXCEPTION(1, java.lang.NullPointerException: Cannot invoke \"java.util.Iterator.hasNext()\" because \"iterator\" is null <org.hamcrest.collection.IsIterableWithSize.featureValueOf(IsIterableWithSize.java:21)>)" ],
    "Stmt(RETURN, 14, com.amihaiemil.eoyaml.Skip, NON_DEFAULT)" : [ "THREW_EXCEPTION(0, java.lang.NullPointerException: Cannot invoke \"java.util.Iterator.hasNext()\" because \"iterator\" is null <org.hamcrest.collection.IsIterableWithSize.featureValueOf(IsIterableWithSize.java:21)>)" ],
    "Stmt(VARIABLE_DECLARATION, 15, com.amihaiemil.eoyaml.Skip, DEFAULT)" : [ "THREW_EXCEPTION(0, java.lang.NullPointerException: Cannot invoke \"java.util.Iterator.hasNext()\" because \"iterator\" is null <org.hamcrest.collection.IsIterableWithSize.featureValueOf(IsIterableWithSize.java:21)>)" ],
    "Stmt(VARIABLE_DECLARATION, 15, com.amihaiemil.eoyaml.Skip, NON_DEFAULT)" : [ "THREW_EXCEPTION(0, java.lang.NullPointerException: Cannot invoke \"java.util.Iterator.hasNext()\" because \"iterator\" is null <org.hamcrest.collection.IsIterableWithSize.featureValueOf(IsIterableWithSize.java:21)>)" ],
    "Stmt(EXPRESSION, 0, com.amihaiemil.eoyaml.Skip$Line, DEFAULT)" : [ "FAILED(0)" ],
    "Stmt(EXPRESSION, 0, com.amihaiemil.eoyaml.Skip$Line, NON_DEFAULT)" : [ "FAILED(0)" ],
    "Stmt(EXPRESSION, 1, com.amihaiemil.eoyaml.Skip$Line, DEFAULT)" : [ "FAILED(0)" ],
    "Stmt(EXPRESSION, 1, com.amihaiemil.eoyaml.Skip$Line, NON_DEFAULT)" : [ "FAILED(1)" ],
    "Stmt(IF, 2, com.amihaiemil.eoyaml.Skip$Line, DEFAULT)" : [ "FAILED(0)" ],
    "Stmt(IF, 2, com.amihaiemil.eoyaml.Skip$Line, NON_DEFAULT)" : [ "FAILED(0)" ],
    "Stmt(EXPRESSION, 3, com.amihaiemil.eoyaml.Skip$Line, DEFAULT)" : [ "FAILED(0)" ],
    "Stmt(EXPRESSION, 3, com.amihaiemil.eoyaml.Skip$Line, NON_DEFAULT)" : [ "FAILED(1)" ],
    "Stmt(EXPRESSION, 4, com.amihaiemil.eoyaml.Skip$Line, DEFAULT)" : [ "FAILED(0)" ],
    "Stmt(EXPRESSION, 4, com.amihaiemil.eoyaml.Skip$Line, NON_DEFAULT)" : [ "FAILED(1)" ],
    "Stmt(EXPRESSION, 5, com.amihaiemil.eoyaml.Skip$Line, DEFAULT)" : [ "FAILED(0)" ],
    "Stmt(EXPRESSION, 5, com.amihaiemil.eoyaml.Skip$Line, NON_DEFAULT)" : [ "FAILED(1)" ],
    "Stmt(RETURN, 6, com.amihaiemil.eoyaml.Skip$Line, DEFAULT)" : [ "FAILED(0)" ],
    "Stmt(RETURN, 6, com.amihaiemil.eoyaml.Skip$Line, NON_DEFAULT)" : [ "FAILED(1)" ],
    "Stmt(RETURN, 12, com.amihaiemil.eoyaml.Skip$Line, DEFAULT)" : [ "FAILED(0)" ],
    "Stmt(RETURN, 12, com.amihaiemil.eoyaml.Skip$Line, NON_DEFAULT)" : [ "FAILED(0)" ]
  },
  "timeTaken" : 139
}