{
  "fileName" : "src/main/java/com/facebook/ads/sdk/Event.java",
  "packageName" : "com.facebook.ads.sdk",
  "className" : "Event$APIRequestGetFeed",
  "coverageElementPositions" : {
    "Stmt(RETURN, 0, com.facebook.ads.sdk.Event$APIRequestGetFeed, DEFAULT)" : {
      "startLine" : 638,
      "endLine" : 638,
      "startCol" : 7,
      "endCol" : 26
    },
    "Stmt(RETURN, 0, com.facebook.ads.sdk.Event$APIRequestGetFeed, NON_DEFAULT)" : {
      "startLine" : 638,
      "endLine" : 638,
      "startCol" : 7,
      "endCol" : 26
    },
    "Stmt(RETURN, 1, com.facebook.ads.sdk.Event$APIRequestGetFeed, DEFAULT)" : {
      "startLine" : 648,
      "endLine" : 648,
      "startCol" : 7,
      "endCol" : 74
    },
    "Stmt(RETURN, 1, com.facebook.ads.sdk.Event$APIRequestGetFeed, NON_DEFAULT)" : {
      "startLine" : 648,
      "endLine" : 648,
      "startCol" : 7,
      "endCol" : 74
    },
    "Stmt(RETURN, 2, com.facebook.ads.sdk.Event$APIRequestGetFeed, DEFAULT)" : {
      "startLine" : 653,
      "endLine" : 653,
      "startCol" : 7,
      "endCol" : 52
    },
    "Stmt(RETURN, 2, com.facebook.ads.sdk.Event$APIRequestGetFeed, NON_DEFAULT)" : {
      "startLine" : 653,
      "endLine" : 653,
      "startCol" : 7,
      "endCol" : 52
    },
    "Stmt(EXPRESSION, 3, com.facebook.ads.sdk.Event$APIRequestGetFeed, DEFAULT)" : {
      "startLine" : 659,
      "endLine" : 659,
      "startCol" : 7,
      "endCol" : 64
    },
    "Stmt(RETURN, 4, com.facebook.ads.sdk.Event$APIRequestGetFeed, DEFAULT)" : {
      "startLine" : 660,
      "endLine" : 660,
      "startCol" : 7,
      "endCol" : 26
    },
    "Stmt(RETURN, 4, com.facebook.ads.sdk.Event$APIRequestGetFeed, NON_DEFAULT)" : {
      "startLine" : 660,
      "endLine" : 660,
      "startCol" : 7,
      "endCol" : 26
    },
    "Stmt(VARIABLE_DECLARATION, 5, com.facebook.ads.sdk.Event$APIRequestGetFeed, DEFAULT)" : {
      "startLine" : 658,
      "endLine" : 658,
      "startCol" : 23,
      "endCol" : 55
    },
    "Stmt(RETURN, 6, com.facebook.ads.sdk.Event$APIRequestGetFeed, DEFAULT)" : {
      "startLine" : 664,
      "endLine" : 664,
      "startCol" : 7,
      "endCol" : 57
    },
    "Stmt(RETURN, 6, com.facebook.ads.sdk.Event$APIRequestGetFeed, NON_DEFAULT)" : {
      "startLine" : 664,
      "endLine" : 664,
      "startCol" : 7,
      "endCol" : 57
    },
    "Stmt(TRY, 7, com.facebook.ads.sdk.Event$APIRequestGetFeed, DEFAULT)" : {
      "startLine" : 672,
      "endLine" : 676,
      "startCol" : 14,
      "endCol" : 14
    },
    "Stmt(THROW, 8, com.facebook.ads.sdk.Event$APIRequestGetFeed, DEFAULT)" : {
      "startLine" : 675,
      "endLine" : 675,
      "startCol" : 16,
      "endCol" : 45
    },
    "Stmt(RETURN, 9, com.facebook.ads.sdk.Event$APIRequestGetFeed, DEFAULT)" : {
      "startLine" : 673,
      "endLine" : 673,
      "startCol" : 16,
      "endCol" : 97
    },
    "Stmt(RETURN, 9, com.facebook.ads.sdk.Event$APIRequestGetFeed, NON_DEFAULT)" : {
      "startLine" : 673,
      "endLine" : 673,
      "startCol" : 16,
      "endCol" : 97
    },
    "Stmt(INNER_CLASS_RETURN, 10, com.facebook.ads.sdk.Event$APIRequestGetFeed, DEFAULT)" : {
      "startLine" : 668,
      "endLine" : 680,
      "startCol" : 7,
      "endCol" : 8
    },
    "Stmt(EXPRESSION, 11, com.facebook.ads.sdk.Event$APIRequestGetFeed, DEFAULT)" : {
      "startLine" : 689,
      "endLine" : 689,
      "startCol" : 7,
      "endCol" : 37
    },
    "Stmt(RETURN, 12, com.facebook.ads.sdk.Event$APIRequestGetFeed, DEFAULT)" : {
      "startLine" : 690,
      "endLine" : 690,
      "startCol" : 7,
      "endCol" : 18
    },
    "Stmt(RETURN, 12, com.facebook.ads.sdk.Event$APIRequestGetFeed, NON_DEFAULT)" : {
      "startLine" : 690,
      "endLine" : 690,
      "startCol" : 7,
      "endCol" : 18
    },
    "Stmt(EXPRESSION, 13, com.facebook.ads.sdk.Event$APIRequestGetFeed, DEFAULT)" : {
      "startLine" : 695,
      "endLine" : 695,
      "startCol" : 7,
      "endCol" : 32
    },
    "Stmt(RETURN, 14, com.facebook.ads.sdk.Event$APIRequestGetFeed, DEFAULT)" : {
      "startLine" : 696,
      "endLine" : 696,
      "startCol" : 7,
      "endCol" : 18
    },
    "Stmt(RETURN, 14, com.facebook.ads.sdk.Event$APIRequestGetFeed, NON_DEFAULT)" : {
      "startLine" : 696,
      "endLine" : 696,
      "startCol" : 7,
      "endCol" : 18
    },
    "Stmt(RETURN, 15, com.facebook.ads.sdk.Event$APIRequestGetFeed, DEFAULT)" : {
      "startLine" : 701,
      "endLine" : 701,
      "startCol" : 7,
      "endCol" : 41
    },
    "Stmt(RETURN, 15, com.facebook.ads.sdk.Event$APIRequestGetFeed, NON_DEFAULT)" : {
      "startLine" : 701,
      "endLine" : 701,
      "startCol" : 7,
      "endCol" : 41
    },
    "Stmt(FOR_EACH, 16, com.facebook.ads.sdk.Event$APIRequestGetFeed, DEFAULT)" : {
      "startLine" : 705,
      "endLine" : 707,
      "startCol" : 7,
      "endCol" : 7
    },
    "Stmt(EXPRESSION, 17, com.facebook.ads.sdk.Event$APIRequestGetFeed, DEFAULT)" : {
      "startLine" : 706,
      "endLine" : 706,
      "startCol" : 9,
      "endCol" : 40
    },
    "Stmt(RETURN, 18, com.facebook.ads.sdk.Event$APIRequestGetFeed, DEFAULT)" : {
      "startLine" : 708,
      "endLine" : 708,
      "startCol" : 7,
      "endCol" : 18
    },
    "Stmt(RETURN, 18, com.facebook.ads.sdk.Event$APIRequestGetFeed, NON_DEFAULT)" : {
      "startLine" : 708,
      "endLine" : 708,
      "startCol" : 7,
      "endCol" : 18
    },
    "Stmt(RETURN, 19, com.facebook.ads.sdk.Event$APIRequestGetFeed, DEFAULT)" : {
      "startLine" : 713,
      "endLine" : 713,
      "startCol" : 7,
      "endCol" : 46
    },
    "Stmt(RETURN, 19, com.facebook.ads.sdk.Event$APIRequestGetFeed, NON_DEFAULT)" : {
      "startLine" : 713,
      "endLine" : 713,
      "startCol" : 7,
      "endCol" : 46
    },
    "Stmt(FOR_EACH, 20, com.facebook.ads.sdk.Event$APIRequestGetFeed, DEFAULT)" : {
      "startLine" : 718,
      "endLine" : 720,
      "startCol" : 7,
      "endCol" : 7
    },
    "Stmt(EXPRESSION, 21, com.facebook.ads.sdk.Event$APIRequestGetFeed, DEFAULT)" : {
      "startLine" : 719,
      "endLine" : 719,
      "startCol" : 9,
      "endCol" : 40
    },
    "Stmt(RETURN, 22, com.facebook.ads.sdk.Event$APIRequestGetFeed, DEFAULT)" : {
      "startLine" : 721,
      "endLine" : 721,
      "startCol" : 7,
      "endCol" : 18
    },
    "Stmt(RETURN, 22, com.facebook.ads.sdk.Event$APIRequestGetFeed, NON_DEFAULT)" : {
      "startLine" : 721,
      "endLine" : 721,
      "startCol" : 7,
      "endCol" : 18
    },
    "Stmt(EXPRESSION, 23, com.facebook.ads.sdk.Event$APIRequestGetFeed, DEFAULT)" : {
      "startLine" : 726,
      "endLine" : 726,
      "startCol" : 7,
      "endCol" : 37
    },
    "Stmt(RETURN, 24, com.facebook.ads.sdk.Event$APIRequestGetFeed, DEFAULT)" : {
      "startLine" : 727,
      "endLine" : 727,
      "startCol" : 7,
      "endCol" : 18
    },
    "Stmt(RETURN, 24, com.facebook.ads.sdk.Event$APIRequestGetFeed, NON_DEFAULT)" : {
      "startLine" : 727,
      "endLine" : 727,
      "startCol" : 7,
      "endCol" : 18
    },
    "Stmt(EXPRESSION, 25, com.facebook.ads.sdk.Event$APIRequestGetFeed, DEFAULT)" : {
      "startLine" : 732,
      "endLine" : 732,
      "startCol" : 7,
      "endCol" : 46
    },
    "Stmt(RETURN, 26, com.facebook.ads.sdk.Event$APIRequestGetFeed, DEFAULT)" : {
      "startLine" : 733,
      "endLine" : 733,
      "startCol" : 7,
      "endCol" : 18
    },
    "Stmt(RETURN, 26, com.facebook.ads.sdk.Event$APIRequestGetFeed, NON_DEFAULT)" : {
      "startLine" : 733,
      "endLine" : 733,
      "startCol" : 7,
      "endCol" : 18
    }
  }
}