{
  "fileName" : "src/main/java/com/facebook/ads/sdk/Event.java",
  "packageName" : "com.facebook.ads.sdk",
  "className" : "Event$EnumEventStateFilter",
  "coverageElementPositions" : {
    "Stmt(EXPRESSION, 0, com.facebook.ads.sdk.Event$EnumEventStateFilter, DEFAULT)" : {
      "startLine" : 2514,
      "endLine" : 2514,
      "startCol" : 9,
      "endCol" : 27
    },
    "Stmt(RETURN, 1, com.facebook.ads.sdk.Event$EnumEventStateFilter, DEFAULT)" : {
      "startLine" : 2519,
      "endLine" : 2519,
      "startCol" : 9,
      "endCol" : 21
    },
    "Stmt(RETURN, 1, com.facebook.ads.sdk.Event$EnumEventStateFilter, NON_DEFAULT)" : {
      "startLine" : 2519,
      "endLine" : 2519,
      "startCol" : 9,
      "endCol" : 21
    }
  }
}