{
  "fileName" : "src/main/java/com/facebook/ads/sdk/Event.java",
  "packageName" : "com.facebook.ads.sdk",
  "className" : "Event$APIRequestGetPhotos",
  "coverageElementPositions" : {
    "Stmt(RETURN, 0, com.facebook.ads.sdk.Event$APIRequestGetPhotos, DEFAULT)" : {
      "startLine" : 1137,
      "endLine" : 1137,
      "startCol" : 7,
      "endCol" : 26
    },
    "Stmt(RETURN, 0, com.facebook.ads.sdk.Event$APIRequestGetPhotos, NON_DEFAULT)" : {
      "startLine" : 1137,
      "endLine" : 1137,
      "startCol" : 7,
      "endCol" : 26
    },
    "Stmt(RETURN, 1, com.facebook.ads.sdk.Event$APIRequestGetPhotos, DEFAULT)" : {
      "startLine" : 1147,
      "endLine" : 1147,
      "startCol" : 7,
      "endCol" : 74
    },
    "Stmt(RETURN, 1, com.facebook.ads.sdk.Event$APIRequestGetPhotos, NON_DEFAULT)" : {
      "startLine" : 1147,
      "endLine" : 1147,
      "startCol" : 7,
      "endCol" : 74
    },
    "Stmt(RETURN, 2, com.facebook.ads.sdk.Event$APIRequestGetPhotos, DEFAULT)" : {
      "startLine" : 1152,
      "endLine" : 1152,
      "startCol" : 7,
      "endCol" : 52
    },
    "Stmt(RETURN, 2, com.facebook.ads.sdk.Event$APIRequestGetPhotos, NON_DEFAULT)" : {
      "startLine" : 1152,
      "endLine" : 1152,
      "startCol" : 7,
      "endCol" : 52
    },
    "Stmt(EXPRESSION, 3, com.facebook.ads.sdk.Event$APIRequestGetPhotos, DEFAULT)" : {
      "startLine" : 1158,
      "endLine" : 1158,
      "startCol" : 7,
      "endCol" : 64
    },
    "Stmt(RETURN, 4, com.facebook.ads.sdk.Event$APIRequestGetPhotos, DEFAULT)" : {
      "startLine" : 1159,
      "endLine" : 1159,
      "startCol" : 7,
      "endCol" : 26
    },
    "Stmt(RETURN, 4, com.facebook.ads.sdk.Event$APIRequestGetPhotos, NON_DEFAULT)" : {
      "startLine" : 1159,
      "endLine" : 1159,
      "startCol" : 7,
      "endCol" : 26
    },
    "Stmt(VARIABLE_DECLARATION, 5, com.facebook.ads.sdk.Event$APIRequestGetPhotos, DEFAULT)" : {
      "startLine" : 1157,
      "endLine" : 1157,
      "startCol" : 23,
      "endCol" : 55
    },
    "Stmt(RETURN, 6, com.facebook.ads.sdk.Event$APIRequestGetPhotos, DEFAULT)" : {
      "startLine" : 1163,
      "endLine" : 1163,
      "startCol" : 7,
      "endCol" : 57
    },
    "Stmt(RETURN, 6, com.facebook.ads.sdk.Event$APIRequestGetPhotos, NON_DEFAULT)" : {
      "startLine" : 1163,
      "endLine" : 1163,
      "startCol" : 7,
      "endCol" : 57
    },
    "Stmt(TRY, 7, com.facebook.ads.sdk.Event$APIRequestGetPhotos, DEFAULT)" : {
      "startLine" : 1171,
      "endLine" : 1175,
      "startCol" : 14,
      "endCol" : 14
    },
    "Stmt(THROW, 8, com.facebook.ads.sdk.Event$APIRequestGetPhotos, DEFAULT)" : {
      "startLine" : 1174,
      "endLine" : 1174,
      "startCol" : 16,
      "endCol" : 45
    },
    "Stmt(RETURN, 9, com.facebook.ads.sdk.Event$APIRequestGetPhotos, DEFAULT)" : {
      "startLine" : 1172,
      "endLine" : 1172,
      "startCol" : 16,
      "endCol" : 99
    },
    "Stmt(RETURN, 9, com.facebook.ads.sdk.Event$APIRequestGetPhotos, NON_DEFAULT)" : {
      "startLine" : 1172,
      "endLine" : 1172,
      "startCol" : 16,
      "endCol" : 99
    },
    "Stmt(INNER_CLASS_RETURN, 10, com.facebook.ads.sdk.Event$APIRequestGetPhotos, DEFAULT)" : {
      "startLine" : 1167,
      "endLine" : 1179,
      "startCol" : 7,
      "endCol" : 8
    },
    "Stmt(EXPRESSION, 11, com.facebook.ads.sdk.Event$APIRequestGetPhotos, DEFAULT)" : {
      "startLine" : 1188,
      "endLine" : 1188,
      "startCol" : 7,
      "endCol" : 37
    },
    "Stmt(RETURN, 12, com.facebook.ads.sdk.Event$APIRequestGetPhotos, DEFAULT)" : {
      "startLine" : 1189,
      "endLine" : 1189,
      "startCol" : 7,
      "endCol" : 18
    },
    "Stmt(RETURN, 12, com.facebook.ads.sdk.Event$APIRequestGetPhotos, NON_DEFAULT)" : {
      "startLine" : 1189,
      "endLine" : 1189,
      "startCol" : 7,
      "endCol" : 18
    },
    "Stmt(EXPRESSION, 13, com.facebook.ads.sdk.Event$APIRequestGetPhotos, DEFAULT)" : {
      "startLine" : 1194,
      "endLine" : 1194,
      "startCol" : 7,
      "endCol" : 32
    },
    "Stmt(RETURN, 14, com.facebook.ads.sdk.Event$APIRequestGetPhotos, DEFAULT)" : {
      "startLine" : 1195,
      "endLine" : 1195,
      "startCol" : 7,
      "endCol" : 18
    },
    "Stmt(RETURN, 14, com.facebook.ads.sdk.Event$APIRequestGetPhotos, NON_DEFAULT)" : {
      "startLine" : 1195,
      "endLine" : 1195,
      "startCol" : 7,
      "endCol" : 18
    },
    "Stmt(RETURN, 15, com.facebook.ads.sdk.Event$APIRequestGetPhotos, DEFAULT)" : {
      "startLine" : 1200,
      "endLine" : 1200,
      "startCol" : 7,
      "endCol" : 41
    },
    "Stmt(RETURN, 15, com.facebook.ads.sdk.Event$APIRequestGetPhotos, NON_DEFAULT)" : {
      "startLine" : 1200,
      "endLine" : 1200,
      "startCol" : 7,
      "endCol" : 41
    },
    "Stmt(FOR_EACH, 16, com.facebook.ads.sdk.Event$APIRequestGetPhotos, DEFAULT)" : {
      "startLine" : 1204,
      "endLine" : 1206,
      "startCol" : 7,
      "endCol" : 7
    },
    "Stmt(EXPRESSION, 17, com.facebook.ads.sdk.Event$APIRequestGetPhotos, DEFAULT)" : {
      "startLine" : 1205,
      "endLine" : 1205,
      "startCol" : 9,
      "endCol" : 40
    },
    "Stmt(RETURN, 18, com.facebook.ads.sdk.Event$APIRequestGetPhotos, DEFAULT)" : {
      "startLine" : 1207,
      "endLine" : 1207,
      "startCol" : 7,
      "endCol" : 18
    },
    "Stmt(RETURN, 18, com.facebook.ads.sdk.Event$APIRequestGetPhotos, NON_DEFAULT)" : {
      "startLine" : 1207,
      "endLine" : 1207,
      "startCol" : 7,
      "endCol" : 18
    },
    "Stmt(RETURN, 19, com.facebook.ads.sdk.Event$APIRequestGetPhotos, DEFAULT)" : {
      "startLine" : 1212,
      "endLine" : 1212,
      "startCol" : 7,
      "endCol" : 46
    },
    "Stmt(RETURN, 19, com.facebook.ads.sdk.Event$APIRequestGetPhotos, NON_DEFAULT)" : {
      "startLine" : 1212,
      "endLine" : 1212,
      "startCol" : 7,
      "endCol" : 46
    },
    "Stmt(FOR_EACH, 20, com.facebook.ads.sdk.Event$APIRequestGetPhotos, DEFAULT)" : {
      "startLine" : 1217,
      "endLine" : 1219,
      "startCol" : 7,
      "endCol" : 7
    },
    "Stmt(EXPRESSION, 21, com.facebook.ads.sdk.Event$APIRequestGetPhotos, DEFAULT)" : {
      "startLine" : 1218,
      "endLine" : 1218,
      "startCol" : 9,
      "endCol" : 40
    },
    "Stmt(RETURN, 22, com.facebook.ads.sdk.Event$APIRequestGetPhotos, DEFAULT)" : {
      "startLine" : 1220,
      "endLine" : 1220,
      "startCol" : 7,
      "endCol" : 18
    },
    "Stmt(RETURN, 22, com.facebook.ads.sdk.Event$APIRequestGetPhotos, NON_DEFAULT)" : {
      "startLine" : 1220,
      "endLine" : 1220,
      "startCol" : 7,
      "endCol" : 18
    },
    "Stmt(EXPRESSION, 23, com.facebook.ads.sdk.Event$APIRequestGetPhotos, DEFAULT)" : {
      "startLine" : 1225,
      "endLine" : 1225,
      "startCol" : 7,
      "endCol" : 37
    },
    "Stmt(RETURN, 24, com.facebook.ads.sdk.Event$APIRequestGetPhotos, DEFAULT)" : {
      "startLine" : 1226,
      "endLine" : 1226,
      "startCol" : 7,
      "endCol" : 18
    },
    "Stmt(RETURN, 24, com.facebook.ads.sdk.Event$APIRequestGetPhotos, NON_DEFAULT)" : {
      "startLine" : 1226,
      "endLine" : 1226,
      "startCol" : 7,
      "endCol" : 18
    },
    "Stmt(EXPRESSION, 25, com.facebook.ads.sdk.Event$APIRequestGetPhotos, DEFAULT)" : {
      "startLine" : 1231,
      "endLine" : 1231,
      "startCol" : 7,
      "endCol" : 46
    },
    "Stmt(RETURN, 26, com.facebook.ads.sdk.Event$APIRequestGetPhotos, DEFAULT)" : {
      "startLine" : 1232,
      "endLine" : 1232,
      "startCol" : 7,
      "endCol" : 18
    },
    "Stmt(RETURN, 26, com.facebook.ads.sdk.Event$APIRequestGetPhotos, NON_DEFAULT)" : {
      "startLine" : 1232,
      "endLine" : 1232,
      "startCol" : 7,
      "endCol" : 18
    }
  }
}