{
  "fileName" : "src/main/java/com/facebook/ads/sdk/Event.java",
  "packageName" : "com.facebook.ads.sdk",
  "className" : "Event",
  "coverageElementPositions" : {
    "Decision(true, IF, 0, com.facebook.ads.sdk.Event)" : {
      "startLine" : 185,
      "endLine" : 185,
      "startCol" : 9,
      "endCol" : 25
    },
    "Decision(true, IF, 1, com.facebook.ads.sdk.Event)" : {
      "startLine" : 189,
      "endLine" : 189,
      "startCol" : 11,
      "endCol" : 61
    },
    "Decision(true, IF, 2, com.facebook.ads.sdk.Event)" : {
      "startLine" : 192,
      "endLine" : 192,
      "startCol" : 11,
      "endCol" : 24
    },
    "Decision(true, IF, 3, com.facebook.ads.sdk.Event)" : {
      "startLine" : 212,
      "endLine" : 212,
      "startCol" : 11,
      "endCol" : 30
    },
    "Decision(true, IF, 4, com.facebook.ads.sdk.Event)" : {
      "startLine" : 219,
      "endLine" : 219,
      "startCol" : 18,
      "endCol" : 38
    },
    "Decision(true, IF, 5, com.facebook.ads.sdk.Event)" : {
      "startLine" : 221,
      "endLine" : 221,
      "startCol" : 13,
      "endCol" : 27
    },
    "Decision(true, IF, 6, com.facebook.ads.sdk.Event)" : {
      "startLine" : 262,
      "endLine" : 262,
      "startCol" : 20,
      "endCol" : 36
    },
    "Decision(true, IF, 7, com.facebook.ads.sdk.Event)" : {
      "startLine" : 274,
      "endLine" : 274,
      "startCol" : 17,
      "endCol" : 45
    },
    "Decision(true, IF, 8, com.facebook.ads.sdk.Event)" : {
      "startLine" : 279,
      "endLine" : 283,
      "startCol" : 15,
      "endCol" : 73
    },
    "Decision(true, IF, 9, com.facebook.ads.sdk.Event)" : {
      "startLine" : 291,
      "endLine" : 291,
      "startCol" : 15,
      "endCol" : 30
    },
    "Decision(true, IF, 10, com.facebook.ads.sdk.Event)" : {
      "startLine" : 222,
      "endLine" : 222,
      "startCol" : 15,
      "endCol" : 31
    },
    "Decision(true, IF, 11, com.facebook.ads.sdk.Event)" : {
      "startLine" : 224,
      "endLine" : 224,
      "startCol" : 17,
      "endCol" : 37
    },
    "Decision(true, IF, 12, com.facebook.ads.sdk.Event)" : {
      "startLine" : 233,
      "endLine" : 233,
      "startCol" : 17,
      "endCol" : 38
    },
    "Decision(true, IF, 13, com.facebook.ads.sdk.Event)" : {
      "startLine" : 237,
      "endLine" : 237,
      "startCol" : 15,
      "endCol" : 43
    },
    "Decision(true, IF, 14, com.facebook.ads.sdk.Event)" : {
      "startLine" : 243,
      "endLine" : 243,
      "startCol" : 22,
      "endCol" : 51
    },
    "Decision(true, IF, 15, com.facebook.ads.sdk.Event)" : {
      "startLine" : 248,
      "endLine" : 248,
      "startCol" : 19,
      "endCol" : 28
    },
    "Decision(true, IF, 16, com.facebook.ads.sdk.Event)" : {
      "startLine" : 257,
      "endLine" : 257,
      "startCol" : 17,
      "endCol" : 29
    },
    "Decision(true, LOOP, 17, com.facebook.ads.sdk.Event)" : {
      "startLine" : 240,
      "endLine" : 240,
      "startCol" : 29,
      "endCol" : 42
    },
    "Decision(true, LOOP, 18, com.facebook.ads.sdk.Event)" : {
      "startLine" : 215,
      "endLine" : 215,
      "startCol" : 25,
      "endCol" : 38
    },
    "Decision(true, IF, 19, com.facebook.ads.sdk.Event)" : {
      "startLine" : 463,
      "endLine" : 463,
      "startCol" : 9,
      "endCol" : 28
    },
    "Decision(true, IF, 20, com.facebook.ads.sdk.Event)" : {
      "startLine" : 470,
      "endLine" : 470,
      "startCol" : 9,
      "endCol" : 22
    },
    "Decision(true, IF, 21, com.facebook.ads.sdk.Event)" : {
      "startLine" : 477,
      "endLine" : 477,
      "startCol" : 9,
      "endCol" : 36
    },
    "Decision(true, IF, 22, com.facebook.ads.sdk.Event)" : {
      "startLine" : 492,
      "endLine" : 492,
      "startCol" : 9,
      "endCol" : 30
    },
    "Decision(true, IF, 23, com.facebook.ads.sdk.Event)" : {
      "startLine" : 2544,
      "endLine" : 2544,
      "startCol" : 9,
      "endCol" : 20
    },
    "Stmt(EXPRESSION, 0, com.facebook.ads.sdk.Event, DEFAULT)" : {
      "startLine" : 126,
      "endLine" : 126,
      "startCol" : 5,
      "endCol" : 18
    },
    "Stmt(EXPRESSION, 1, com.facebook.ads.sdk.Event, DEFAULT)" : {
      "startLine" : 128,
      "endLine" : 128,
      "startCol" : 5,
      "endCol" : 27
    },
    "Stmt(EXPRESSION, 2, com.facebook.ads.sdk.Event, DEFAULT)" : {
      "startLine" : 133,
      "endLine" : 133,
      "startCol" : 5,
      "endCol" : 31
    },
    "Stmt(RETURN, 3, com.facebook.ads.sdk.Event, DEFAULT)" : {
      "startLine" : 134,
      "endLine" : 134,
      "startCol" : 5,
      "endCol" : 16
    },
    "Stmt(RETURN, 3, com.facebook.ads.sdk.Event, NON_DEFAULT)" : {
      "startLine" : 134,
      "endLine" : 134,
      "startCol" : 5,
      "endCol" : 16
    },
    "Stmt(VARIABLE_DECLARATION, 4, com.facebook.ads.sdk.Event, DEFAULT)" : {
      "startLine" : 132,
      "endLine" : 132,
      "startCol" : 11,
      "endCol" : 80
    },
    "Stmt(RETURN, 5, com.facebook.ads.sdk.Event, DEFAULT)" : {
      "startLine" : 138,
      "endLine" : 138,
      "startCol" : 5,
      "endCol" : 45
    },
    "Stmt(RETURN, 5, com.facebook.ads.sdk.Event, NON_DEFAULT)" : {
      "startLine" : 138,
      "endLine" : 138,
      "startCol" : 5,
      "endCol" : 45
    },
    "Stmt(RETURN, 6, com.facebook.ads.sdk.Event, DEFAULT)" : {
      "startLine" : 142,
      "endLine" : 142,
      "startCol" : 5,
      "endCol" : 50
    },
    "Stmt(RETURN, 6, com.facebook.ads.sdk.Event, NON_DEFAULT)" : {
      "startLine" : 142,
      "endLine" : 142,
      "startCol" : 5,
      "endCol" : 50
    },
    "Stmt(RETURN, 7, com.facebook.ads.sdk.Event, DEFAULT)" : {
      "startLine" : 146,
      "endLine" : 149,
      "startCol" : 5,
      "endCol" : 17
    },
    "Stmt(RETURN, 7, com.facebook.ads.sdk.Event, NON_DEFAULT)" : {
      "startLine" : 146,
      "endLine" : 149,
      "startCol" : 5,
      "endCol" : 17
    },
    "Stmt(RETURN, 8, com.facebook.ads.sdk.Event, DEFAULT)" : {
      "startLine" : 153,
      "endLine" : 156,
      "startCol" : 5,
      "endCol" : 22
    },
    "Stmt(RETURN, 8, com.facebook.ads.sdk.Event, NON_DEFAULT)" : {
      "startLine" : 153,
      "endLine" : 156,
      "startCol" : 5,
      "endCol" : 22
    },
    "Stmt(RETURN, 9, com.facebook.ads.sdk.Event, DEFAULT)" : {
      "startLine" : 160,
      "endLine" : 165,
      "startCol" : 5,
      "endCol" : 6
    },
    "Stmt(RETURN, 9, com.facebook.ads.sdk.Event, NON_DEFAULT)" : {
      "startLine" : 160,
      "endLine" : 165,
      "startCol" : 5,
      "endCol" : 6
    },
    "Stmt(RETURN, 10, com.facebook.ads.sdk.Event, DEFAULT)" : {
      "startLine" : 169,
      "endLine" : 173,
      "startCol" : 5,
      "endCol" : 28
    },
    "Stmt(RETURN, 10, com.facebook.ads.sdk.Event, NON_DEFAULT)" : {
      "startLine" : 169,
      "endLine" : 173,
      "startCol" : 5,
      "endCol" : 28
    },
    "Stmt(RETURN, 11, com.facebook.ads.sdk.Event, DEFAULT)" : {
      "startLine" : 177,
      "endLine" : 177,
      "startCol" : 5,
      "endCol" : 19
    },
    "Stmt(RETURN, 11, com.facebook.ads.sdk.Event, NON_DEFAULT)" : {
      "startLine" : 177,
      "endLine" : 177,
      "startCol" : 5,
      "endCol" : 19
    },
    "Stmt(RETURN, 12, com.facebook.ads.sdk.Event, DEFAULT)" : {
      "startLine" : 181,
      "endLine" : 181,
      "startCol" : 5,
      "endCol" : 35
    },
    "Stmt(RETURN, 12, com.facebook.ads.sdk.Event, NON_DEFAULT)" : {
      "startLine" : 181,
      "endLine" : 181,
      "startCol" : 5,
      "endCol" : 35
    },
    "Stmt(IF, 13, com.facebook.ads.sdk.Event, DEFAULT)" : {
      "startLine" : 185,
      "endLine" : 197,
      "startCol" : 5,
      "endCol" : 5
    },
    "Stmt(IF, 14, com.facebook.ads.sdk.Event, DEFAULT)" : {
      "startLine" : 189,
      "endLine" : 191,
      "startCol" : 7,
      "endCol" : 7
    },
    "Stmt(EXPRESSION, 15, com.facebook.ads.sdk.Event, DEFAULT)" : {
      "startLine" : 190,
      "endLine" : 190,
      "startCol" : 9,
      "endCol" : 97
    },
    "Stmt(IF, 16, com.facebook.ads.sdk.Event, DEFAULT)" : {
      "startLine" : 192,
      "endLine" : 196,
      "startCol" : 7,
      "endCol" : 7
    },
    "Stmt(EXPRESSION, 17, com.facebook.ads.sdk.Event, DEFAULT)" : {
      "startLine" : 193,
      "endLine" : 193,
      "startCol" : 9,
      "endCol" : 92
    },
    "Stmt(EXPRESSION, 18, com.facebook.ads.sdk.Event, DEFAULT)" : {
      "startLine" : 194,
      "endLine" : 194,
      "startCol" : 9,
      "endCol" : 35
    },
    "Stmt(EXPRESSION, 19, com.facebook.ads.sdk.Event, DEFAULT)" : {
      "startLine" : 195,
      "endLine" : 195,
      "startCol" : 9,
      "endCol" : 37
    },
    "Stmt(VARIABLE_DECLARATION, 20, com.facebook.ads.sdk.Event, DEFAULT)" : {
      "startLine" : 186,
      "endLine" : 186,
      "startCol" : 18,
      "endCol" : 42
    },
    "Stmt(VARIABLE_DECLARATION, 21, com.facebook.ads.sdk.Event, DEFAULT)" : {
      "startLine" : 187,
      "endLine" : 187,
      "startCol" : 19,
      "endCol" : 41
    },
    "Stmt(VARIABLE_DECLARATION, 22, com.facebook.ads.sdk.Event, DEFAULT)" : {
      "startLine" : 188,
      "endLine" : 188,
      "startCol" : 19,
      "endCol" : 53
    },
    "Stmt(EXPRESSION, 23, com.facebook.ads.sdk.Event, DEFAULT)" : {
      "startLine" : 198,
      "endLine" : 198,
      "startCol" : 5,
      "endCol" : 28
    },
    "Stmt(EXPRESSION, 24, com.facebook.ads.sdk.Event, DEFAULT)" : {
      "startLine" : 199,
      "endLine" : 199,
      "startCol" : 5,
      "endCol" : 26
    },
    "Stmt(EXPRESSION, 25, com.facebook.ads.sdk.Event, DEFAULT)" : {
      "startLine" : 200,
      "endLine" : 200,
      "startCol" : 5,
      "endCol" : 26
    },
    "Stmt(RETURN, 26, com.facebook.ads.sdk.Event, DEFAULT)" : {
      "startLine" : 201,
      "endLine" : 201,
      "startCol" : 5,
      "endCol" : 17
    },
    "Stmt(RETURN, 26, com.facebook.ads.sdk.Event, NON_DEFAULT)" : {
      "startLine" : 201,
      "endLine" : 201,
      "startCol" : 5,
      "endCol" : 17
    },
    "Stmt(VARIABLE_DECLARATION, 27, com.facebook.ads.sdk.Event, DEFAULT)" : {
      "startLine" : 184,
      "endLine" : 184,
      "startCol" : 11,
      "endCol" : 55
    },
    "Stmt(TRY, 28, com.facebook.ads.sdk.Event, DEFAULT)" : {
      "startLine" : 210,
      "endLine" : 303,
      "startCol" : 5,
      "endCol" : 5
    },
    "Stmt(EXPRESSION, 29, com.facebook.ads.sdk.Event, DEFAULT)" : {
      "startLine" : 302,
      "endLine" : 302,
      "startCol" : 7,
      "endCol" : 20
    },
    "Stmt(IF, 30, com.facebook.ads.sdk.Event, DEFAULT)" : {
      "startLine" : 212,
      "endLine" : 300,
      "startCol" : 7,
      "endCol" : 7
    },
    "Stmt(IF, 31, com.facebook.ads.sdk.Event, DEFAULT)" : {
      "startLine" : 219,
      "endLine" : 300,
      "startCol" : 14,
      "endCol" : 7
    },
    "Stmt(EXPRESSION, 32, com.facebook.ads.sdk.Event, DEFAULT)" : {
      "startLine" : 220,
      "endLine" : 220,
      "startCol" : 9,
      "endCol" : 39
    },
    "Stmt(IF, 33, com.facebook.ads.sdk.Event, DEFAULT)" : {
      "startLine" : 221,
      "endLine" : 299,
      "startCol" : 9,
      "endCol" : 9
    },
    "Stmt(IF, 34, com.facebook.ads.sdk.Event, DEFAULT)" : {
      "startLine" : 262,
      "endLine" : 299,
      "startCol" : 16,
      "endCol" : 9
    },
    "Stmt(FOR_EACH, 35, com.facebook.ads.sdk.Event, DEFAULT)" : {
      "startLine" : 272,
      "endLine" : 290,
      "startCol" : 11,
      "endCol" : 11
    },
    "Stmt(IF, 36, com.facebook.ads.sdk.Event, DEFAULT)" : {
      "startLine" : 274,
      "endLine" : 276,
      "startCol" : 13,
      "endCol" : 13
    },
    "Stmt(CONTINUE, 37, com.facebook.ads.sdk.Event, DEFAULT)" : {
      "startLine" : 275,
      "endLine" : 275,
      "startCol" : 15,
      "endCol" : 23
    },
    "Stmt(IF, 38, com.facebook.ads.sdk.Event, DEFAULT)" : {
      "startLine" : 278,
      "endLine" : 289,
      "startCol" : 13,
      "endCol" : 13
    },
    "Stmt(EXPRESSION, 39, com.facebook.ads.sdk.Event, DEFAULT)" : {
      "startLine" : 287,
      "endLine" : 287,
      "startCol" : 15,
      "endCol" : 39
    },
    "Stmt(BREAK, 40, com.facebook.ads.sdk.Event, DEFAULT)" : {
      "startLine" : 288,
      "endLine" : 288,
      "startCol" : 15,
      "endCol" : 20
    },
    "Stmt(EXPRESSION, 41, com.facebook.ads.sdk.Event, DEFAULT)" : {
      "startLine" : 285,
      "endLine" : 285,
      "startCol" : 15,
      "endCol" : 70
    },
    "Stmt(VARIABLE_DECLARATION, 42, com.facebook.ads.sdk.Event, DEFAULT)" : {
      "startLine" : 273,
      "endLine" : 273,
      "startCol" : 20,
      "endCol" : 48
    },
    "Stmt(VARIABLE_DECLARATION, 43, com.facebook.ads.sdk.Event, DEFAULT)" : {
      "startLine" : 277,
      "endLine" : 277,
      "startCol" : 25,
      "endCol" : 62
    },
    "Stmt(IF, 44, com.facebook.ads.sdk.Event, DEFAULT)" : {
      "startLine" : 291,
      "endLine" : 293,
      "startCol" : 11,
      "endCol" : 11
    },
    "Stmt(RETURN, 45, com.facebook.ads.sdk.Event, DEFAULT)" : {
      "startLine" : 292,
      "endLine" : 292,
      "startCol" : 13,
      "endCol" : 26
    },
    "Stmt(RETURN, 45, com.facebook.ads.sdk.Event, NON_DEFAULT)" : {
      "startLine" : 292,
      "endLine" : 292,
      "startCol" : 13,
      "endCol" : 26
    },
    "Stmt(EXPRESSION, 46, com.facebook.ads.sdk.Event, DEFAULT)" : {
      "startLine" : 296,
      "endLine" : 296,
      "startCol" : 11,
      "endCol" : 25
    },
    "Stmt(EXPRESSION, 47, com.facebook.ads.sdk.Event, DEFAULT)" : {
      "startLine" : 297,
      "endLine" : 297,
      "startCol" : 11,
      "endCol" : 54
    },
    "Stmt(RETURN, 48, com.facebook.ads.sdk.Event, DEFAULT)" : {
      "startLine" : 298,
      "endLine" : 298,
      "startCol" : 11,
      "endCol" : 24
    },
    "Stmt(RETURN, 48, com.facebook.ads.sdk.Event, NON_DEFAULT)" : {
      "startLine" : 298,
      "endLine" : 298,
      "startCol" : 11,
      "endCol" : 24
    },
    "Stmt(VARIABLE_DECLARATION, 49, com.facebook.ads.sdk.Event, DEFAULT)" : {
      "startLine" : 271,
      "endLine" : 271,
      "startCol" : 19,
      "endCol" : 41
    },
    "Stmt(EXPRESSION, 50, com.facebook.ads.sdk.Event, DEFAULT)" : {
      "startLine" : 264,
      "endLine" : 264,
      "startCol" : 11,
      "endCol" : 52
    },
    "Stmt(FOR_EACH, 51, com.facebook.ads.sdk.Event, DEFAULT)" : {
      "startLine" : 265,
      "endLine" : 267,
      "startCol" : 11,
      "endCol" : 11
    },
    "Stmt(EXPRESSION, 52, com.facebook.ads.sdk.Event, DEFAULT)" : {
      "startLine" : 266,
      "endLine" : 266,
      "startCol" : 15,
      "endCol" : 81
    },
    "Stmt(RETURN, 53, com.facebook.ads.sdk.Event, DEFAULT)" : {
      "startLine" : 268,
      "endLine" : 268,
      "startCol" : 11,
      "endCol" : 24
    },
    "Stmt(RETURN, 53, com.facebook.ads.sdk.Event, NON_DEFAULT)" : {
      "startLine" : 268,
      "endLine" : 268,
      "startCol" : 11,
      "endCol" : 24
    },
    "Stmt(IF, 54, com.facebook.ads.sdk.Event, DEFAULT)" : {
      "startLine" : 222,
      "endLine" : 236,
      "startCol" : 11,
      "endCol" : 11
    },
    "Stmt(IF, 55, com.facebook.ads.sdk.Event, DEFAULT)" : {
      "startLine" : 224,
      "endLine" : 229,
      "startCol" : 13,
      "endCol" : 13
    },
    "Stmt(EXPRESSION, 56, com.facebook.ads.sdk.Event, DEFAULT)" : {
      "startLine" : 228,
      "endLine" : 228,
      "startCol" : 17,
      "endCol" : 49
    },
    "Stmt(VARIABLE_DECLARATION, 57, com.facebook.ads.sdk.Event, DEFAULT)" : {
      "startLine" : 225,
      "endLine" : 225,
      "startCol" : 28,
      "endCol" : 76
    },
    "Stmt(VARIABLE_DECLARATION, 58, com.facebook.ads.sdk.Event, DEFAULT)" : {
      "startLine" : 226,
      "endLine" : 226,
      "startCol" : 24,
      "endCol" : 98
    },
    "Stmt(VARIABLE_DECLARATION, 59, com.facebook.ads.sdk.Event, DEFAULT)" : {
      "startLine" : 227,
      "endLine" : 227,
      "startCol" : 24,
      "endCol" : 95
    },
    "Stmt(EXPRESSION, 60, com.facebook.ads.sdk.Event, DEFAULT)" : {
      "startLine" : 232,
      "endLine" : 232,
      "startCol" : 13,
      "endCol" : 45
    },
    "Stmt(IF, 61, com.facebook.ads.sdk.Event, DEFAULT)" : {
      "startLine" : 233,
      "endLine" : 235,
      "startCol" : 13,
      "endCol" : 13
    },
    "Stmt(EXPRESSION, 62, com.facebook.ads.sdk.Event, DEFAULT)" : {
      "startLine" : 234,
      "endLine" : 234,
      "startCol" : 15,
      "endCol" : 63
    },
    "Stmt(VARIABLE_DECLARATION, 63, com.facebook.ads.sdk.Event, DEFAULT)" : {
      "startLine" : 223,
      "endLine" : 223,
      "startCol" : 24,
      "endCol" : 67
    },
    "Stmt(VARIABLE_DECLARATION, 64, com.facebook.ads.sdk.Event, DEFAULT)" : {
      "startLine" : 230,
      "endLine" : 230,
      "startCol" : 20,
      "endCol" : 98
    },
    "Stmt(VARIABLE_DECLARATION, 65, com.facebook.ads.sdk.Event, DEFAULT)" : {
      "startLine" : 231,
      "endLine" : 231,
      "startCol" : 20,
      "endCol" : 86
    },
    "Stmt(IF, 66, com.facebook.ads.sdk.Event, DEFAULT)" : {
      "startLine" : 237,
      "endLine" : 260,
      "startCol" : 11,
      "endCol" : 11
    },
    "Stmt(IF, 67, com.facebook.ads.sdk.Event, DEFAULT)" : {
      "startLine" : 243,
      "endLine" : 260,
      "startCol" : 18,
      "endCol" : 11
    },
    "Stmt(EXPRESSION, 68, com.facebook.ads.sdk.Event, DEFAULT)" : {
      "startLine" : 245,
      "endLine" : 245,
      "startCol" : 13,
      "endCol" : 52
    },
    "Stmt(FOR_EACH, 69, com.facebook.ads.sdk.Event, DEFAULT)" : {
      "startLine" : 247,
      "endLine" : 256,
      "startCol" : 13,
      "endCol" : 13
    },
    "Stmt(IF, 70, com.facebook.ads.sdk.Event, DEFAULT)" : {
      "startLine" : 248,
      "endLine" : 255,
      "startCol" : 15,
      "endCol" : 15
    },
    "Stmt(EXPRESSION, 71, com.facebook.ads.sdk.Event, DEFAULT)" : {
      "startLine" : 249,
      "endLine" : 249,
      "startCol" : 17,
      "endCol" : 36
    },
    "Stmt(EXPRESSION, 72, com.facebook.ads.sdk.Event, DEFAULT)" : {
      "startLine" : 250,
      "endLine" : 250,
      "startCol" : 17,
      "endCol" : 45
    },
    "Stmt(FOR_EACH, 73, com.facebook.ads.sdk.Event, DEFAULT)" : {
      "startLine" : 251,
      "endLine" : 253,
      "startCol" : 17,
      "endCol" : 17
    },
    "Stmt(EXPRESSION, 74, com.facebook.ads.sdk.Event, DEFAULT)" : {
      "startLine" : 252,
      "endLine" : 252,
      "startCol" : 19,
      "endCol" : 85
    },
    "Stmt(BREAK, 75, com.facebook.ads.sdk.Event, DEFAULT)" : {
      "startLine" : 254,
      "endLine" : 254,
      "startCol" : 17,
      "endCol" : 22
    },
    "Stmt(IF, 76, com.facebook.ads.sdk.Event, DEFAULT)" : {
      "startLine" : 257,
      "endLine" : 259,
      "startCol" : 13,
      "endCol" : 13
    },
    "Stmt(EXPRESSION, 77, com.facebook.ads.sdk.Event, DEFAULT)" : {
      "startLine" : 258,
      "endLine" : 258,
      "startCol" : 15,
      "endCol" : 68
    },
    "Stmt(VARIABLE_DECLARATION, 78, com.facebook.ads.sdk.Event, DEFAULT)" : {
      "startLine" : 246,
      "endLine" : 246,
      "startCol" : 21,
      "endCol" : 40
    },
    "Stmt(EXPRESSION, 79, com.facebook.ads.sdk.Event, DEFAULT)" : {
      "startLine" : 239,
      "endLine" : 239,
      "startCol" : 13,
      "endCol" : 51
    },
    "Stmt(FOR, 80, com.facebook.ads.sdk.Event, DEFAULT)" : {
      "startLine" : 240,
      "endLine" : 242,
      "startCol" : 13,
      "endCol" : 13
    },
    "Stmt(EXPRESSION, 81, com.facebook.ads.sdk.Event, DEFAULT)" : {
      "startLine" : 241,
      "endLine" : 241,
      "startCol" : 15,
      "endCol" : 93
    },
    "Stmt(RETURN, 82, com.facebook.ads.sdk.Event, DEFAULT)" : {
      "startLine" : 261,
      "endLine" : 261,
      "startCol" : 11,
      "endCol" : 24
    },
    "Stmt(RETURN, 82, com.facebook.ads.sdk.Event, NON_DEFAULT)" : {
      "startLine" : 261,
      "endLine" : 261,
      "startCol" : 11,
      "endCol" : 24
    },
    "Stmt(EXPRESSION, 83, com.facebook.ads.sdk.Event, DEFAULT)" : {
      "startLine" : 214,
      "endLine" : 214,
      "startCol" : 9,
      "endCol" : 38
    },
    "Stmt(FOR, 84, com.facebook.ads.sdk.Event, DEFAULT)" : {
      "startLine" : 215,
      "endLine" : 217,
      "startCol" : 9,
      "endCol" : 9
    },
    "Stmt(EXPRESSION, 85, com.facebook.ads.sdk.Event, DEFAULT)" : {
      "startLine" : 216,
      "endLine" : 216,
      "startCol" : 11,
      "endCol" : 89
    },
    "Stmt(RETURN, 86, com.facebook.ads.sdk.Event, DEFAULT)" : {
      "startLine" : 218,
      "endLine" : 218,
      "startCol" : 9,
      "endCol" : 22
    },
    "Stmt(RETURN, 86, com.facebook.ads.sdk.Event, NON_DEFAULT)" : {
      "startLine" : 218,
      "endLine" : 218,
      "startCol" : 9,
      "endCol" : 22
    },
    "Stmt(VARIABLE_DECLARATION, 87, com.facebook.ads.sdk.Event, DEFAULT)" : {
      "startLine" : 211,
      "endLine" : 211,
      "startCol" : 19,
      "endCol" : 45
    },
    "Stmt(THROW, 88, com.facebook.ads.sdk.Event, DEFAULT)" : {
      "startLine" : 304,
      "endLine" : 307,
      "startCol" : 5,
      "endCol" : 6
    },
    "Stmt(VARIABLE_DECLARATION, 89, com.facebook.ads.sdk.Event, DEFAULT)" : {
      "startLine" : 205,
      "endLine" : 205,
      "startCol" : 24,
      "endCol" : 77
    },
    "Stmt(VARIABLE_DECLARATION, 90, com.facebook.ads.sdk.Event, DEFAULT)" : {
      "startLine" : 208,
      "endLine" : 208,
      "startCol" : 16,
      "endCol" : 40
    },
    "Stmt(VARIABLE_DECLARATION, 91, com.facebook.ads.sdk.Event, DEFAULT)" : {
      "startLine" : 209,
      "endLine" : 209,
      "startCol" : 15,
      "endCol" : 30
    },
    "Stmt(RETURN, 92, com.facebook.ads.sdk.Event, DEFAULT)" : {
      "startLine" : 312,
      "endLine" : 312,
      "startCol" : 5,
      "endCol" : 19
    },
    "Stmt(RETURN, 92, com.facebook.ads.sdk.Event, NON_DEFAULT)" : {
      "startLine" : 312,
      "endLine" : 312,
      "startCol" : 5,
      "endCol" : 19
    },
    "Stmt(EXPRESSION, 93, com.facebook.ads.sdk.Event, DEFAULT)" : {
      "startLine" : 317,
      "endLine" : 317,
      "startCol" : 5,
      "endCol" : 27
    },
    "Stmt(RETURN, 94, com.facebook.ads.sdk.Event, DEFAULT)" : {
      "startLine" : 322,
      "endLine" : 322,
      "startCol" : 5,
      "endCol" : 34
    },
    "Stmt(RETURN, 94, com.facebook.ads.sdk.Event, NON_DEFAULT)" : {
      "startLine" : 322,
      "endLine" : 322,
      "startCol" : 5,
      "endCol" : 34
    },
    "Stmt(RETURN, 95, com.facebook.ads.sdk.Event, DEFAULT)" : {
      "startLine" : 326,
      "endLine" : 326,
      "startCol" : 5,
      "endCol" : 79
    },
    "Stmt(RETURN, 95, com.facebook.ads.sdk.Event, NON_DEFAULT)" : {
      "startLine" : 326,
      "endLine" : 326,
      "startCol" : 5,
      "endCol" : 79
    },
    "Stmt(RETURN, 96, com.facebook.ads.sdk.Event, DEFAULT)" : {
      "startLine" : 330,
      "endLine" : 330,
      "startCol" : 5,
      "endCol" : 75
    },
    "Stmt(RETURN, 96, com.facebook.ads.sdk.Event, NON_DEFAULT)" : {
      "startLine" : 330,
      "endLine" : 330,
      "startCol" : 5,
      "endCol" : 75
    },
    "Stmt(RETURN, 97, com.facebook.ads.sdk.Event, DEFAULT)" : {
      "startLine" : 334,
      "endLine" : 334,
      "startCol" : 5,
      "endCol" : 81
    },
    "Stmt(RETURN, 97, com.facebook.ads.sdk.Event, NON_DEFAULT)" : {
      "startLine" : 334,
      "endLine" : 334,
      "startCol" : 5,
      "endCol" : 81
    },
    "Stmt(RETURN, 98, com.facebook.ads.sdk.Event, DEFAULT)" : {
      "startLine" : 338,
      "endLine" : 338,
      "startCol" : 5,
      "endCol" : 83
    },
    "Stmt(RETURN, 98, com.facebook.ads.sdk.Event, NON_DEFAULT)" : {
      "startLine" : 338,
      "endLine" : 338,
      "startCol" : 5,
      "endCol" : 83
    },
    "Stmt(RETURN, 99, com.facebook.ads.sdk.Event, DEFAULT)" : {
      "startLine" : 342,
      "endLine" : 342,
      "startCol" : 5,
      "endCol" : 77
    },
    "Stmt(RETURN, 99, com.facebook.ads.sdk.Event, NON_DEFAULT)" : {
      "startLine" : 342,
      "endLine" : 342,
      "startCol" : 5,
      "endCol" : 77
    },
    "Stmt(RETURN, 100, com.facebook.ads.sdk.Event, DEFAULT)" : {
      "startLine" : 346,
      "endLine" : 346,
      "startCol" : 5,
      "endCol" : 78
    },
    "Stmt(RETURN, 100, com.facebook.ads.sdk.Event, NON_DEFAULT)" : {
      "startLine" : 346,
      "endLine" : 346,
      "startCol" : 5,
      "endCol" : 78
    },
    "Stmt(RETURN, 101, com.facebook.ads.sdk.Event, DEFAULT)" : {
      "startLine" : 350,
      "endLine" : 350,
      "startCol" : 5,
      "endCol" : 76
    },
    "Stmt(RETURN, 101, com.facebook.ads.sdk.Event, NON_DEFAULT)" : {
      "startLine" : 350,
      "endLine" : 350,
      "startCol" : 5,
      "endCol" : 76
    },
    "Stmt(RETURN, 102, com.facebook.ads.sdk.Event, DEFAULT)" : {
      "startLine" : 354,
      "endLine" : 354,
      "startCol" : 5,
      "endCol" : 76
    },
    "Stmt(RETURN, 102, com.facebook.ads.sdk.Event, NON_DEFAULT)" : {
      "startLine" : 354,
      "endLine" : 354,
      "startCol" : 5,
      "endCol" : 76
    },
    "Stmt(RETURN, 103, com.facebook.ads.sdk.Event, DEFAULT)" : {
      "startLine" : 358,
      "endLine" : 358,
      "startCol" : 5,
      "endCol" : 82
    },
    "Stmt(RETURN, 103, com.facebook.ads.sdk.Event, NON_DEFAULT)" : {
      "startLine" : 358,
      "endLine" : 358,
      "startCol" : 5,
      "endCol" : 82
    },
    "Stmt(RETURN, 104, com.facebook.ads.sdk.Event, DEFAULT)" : {
      "startLine" : 362,
      "endLine" : 362,
      "startCol" : 5,
      "endCol" : 77
    },
    "Stmt(RETURN, 104, com.facebook.ads.sdk.Event, NON_DEFAULT)" : {
      "startLine" : 362,
      "endLine" : 362,
      "startCol" : 5,
      "endCol" : 77
    },
    "Stmt(RETURN, 105, com.facebook.ads.sdk.Event, DEFAULT)" : {
      "startLine" : 366,
      "endLine" : 366,
      "startCol" : 5,
      "endCol" : 71
    },
    "Stmt(RETURN, 105, com.facebook.ads.sdk.Event, NON_DEFAULT)" : {
      "startLine" : 366,
      "endLine" : 366,
      "startCol" : 5,
      "endCol" : 71
    },
    "Stmt(RETURN, 106, com.facebook.ads.sdk.Event, DEFAULT)" : {
      "startLine" : 371,
      "endLine" : 371,
      "startCol" : 5,
      "endCol" : 27
    },
    "Stmt(RETURN, 106, com.facebook.ads.sdk.Event, NON_DEFAULT)" : {
      "startLine" : 371,
      "endLine" : 371,
      "startCol" : 5,
      "endCol" : 27
    },
    "Stmt(RETURN, 107, com.facebook.ads.sdk.Event, DEFAULT)" : {
      "startLine" : 375,
      "endLine" : 375,
      "startCol" : 5,
      "endCol" : 28
    },
    "Stmt(RETURN, 107, com.facebook.ads.sdk.Event, NON_DEFAULT)" : {
      "startLine" : 375,
      "endLine" : 375,
      "startCol" : 5,
      "endCol" : 28
    },
    "Stmt(RETURN, 108, com.facebook.ads.sdk.Event, DEFAULT)" : {
      "startLine" : 379,
      "endLine" : 379,
      "startCol" : 5,
      "endCol" : 21
    },
    "Stmt(RETURN, 108, com.facebook.ads.sdk.Event, NON_DEFAULT)" : {
      "startLine" : 379,
      "endLine" : 379,
      "startCol" : 5,
      "endCol" : 21
    },
    "Stmt(RETURN, 109, com.facebook.ads.sdk.Event, DEFAULT)" : {
      "startLine" : 383,
      "endLine" : 383,
      "startCol" : 5,
      "endCol" : 18
    },
    "Stmt(RETURN, 109, com.facebook.ads.sdk.Event, NON_DEFAULT)" : {
      "startLine" : 383,
      "endLine" : 383,
      "startCol" : 5,
      "endCol" : 18
    },
    "Stmt(RETURN, 110, com.facebook.ads.sdk.Event, DEFAULT)" : {
      "startLine" : 387,
      "endLine" : 387,
      "startCol" : 5,
      "endCol" : 24
    },
    "Stmt(RETURN, 110, com.facebook.ads.sdk.Event, NON_DEFAULT)" : {
      "startLine" : 387,
      "endLine" : 387,
      "startCol" : 5,
      "endCol" : 24
    },
    "Stmt(RETURN, 111, com.facebook.ads.sdk.Event, DEFAULT)" : {
      "startLine" : 391,
      "endLine" : 391,
      "startCol" : 5,
      "endCol" : 26
    },
    "Stmt(RETURN, 111, com.facebook.ads.sdk.Event, NON_DEFAULT)" : {
      "startLine" : 391,
      "endLine" : 391,
      "startCol" : 5,
      "endCol" : 26
    },
    "Stmt(RETURN, 112, com.facebook.ads.sdk.Event, DEFAULT)" : {
      "startLine" : 395,
      "endLine" : 395,
      "startCol" : 5,
      "endCol" : 24
    },
    "Stmt(RETURN, 112, com.facebook.ads.sdk.Event, NON_DEFAULT)" : {
      "startLine" : 395,
      "endLine" : 395,
      "startCol" : 5,
      "endCol" : 24
    },
    "Stmt(RETURN, 113, com.facebook.ads.sdk.Event, DEFAULT)" : {
      "startLine" : 399,
      "endLine" : 399,
      "startCol" : 5,
      "endCol" : 32
    },
    "Stmt(RETURN, 113, com.facebook.ads.sdk.Event, NON_DEFAULT)" : {
      "startLine" : 399,
      "endLine" : 399,
      "startCol" : 5,
      "endCol" : 32
    },
    "Stmt(RETURN, 114, com.facebook.ads.sdk.Event, DEFAULT)" : {
      "startLine" : 403,
      "endLine" : 403,
      "startCol" : 5,
      "endCol" : 20
    },
    "Stmt(RETURN, 114, com.facebook.ads.sdk.Event, NON_DEFAULT)" : {
      "startLine" : 403,
      "endLine" : 403,
      "startCol" : 5,
      "endCol" : 20
    },
    "Stmt(RETURN, 115, com.facebook.ads.sdk.Event, DEFAULT)" : {
      "startLine" : 407,
      "endLine" : 407,
      "startCol" : 5,
      "endCol" : 23
    },
    "Stmt(RETURN, 115, com.facebook.ads.sdk.Event, NON_DEFAULT)" : {
      "startLine" : 407,
      "endLine" : 407,
      "startCol" : 5,
      "endCol" : 23
    },
    "Stmt(RETURN, 116, com.facebook.ads.sdk.Event, DEFAULT)" : {
      "startLine" : 411,
      "endLine" : 411,
      "startCol" : 5,
      "endCol" : 29
    },
    "Stmt(RETURN, 116, com.facebook.ads.sdk.Event, NON_DEFAULT)" : {
      "startLine" : 411,
      "endLine" : 411,
      "startCol" : 5,
      "endCol" : 29
    },
    "Stmt(RETURN, 117, com.facebook.ads.sdk.Event, DEFAULT)" : {
      "startLine" : 415,
      "endLine" : 415,
      "startCol" : 5,
      "endCol" : 15
    },
    "Stmt(RETURN, 117, com.facebook.ads.sdk.Event, NON_DEFAULT)" : {
      "startLine" : 415,
      "endLine" : 415,
      "startCol" : 5,
      "endCol" : 15
    },
    "Stmt(RETURN, 118, com.facebook.ads.sdk.Event, DEFAULT)" : {
      "startLine" : 419,
      "endLine" : 419,
      "startCol" : 5,
      "endCol" : 28
    },
    "Stmt(RETURN, 118, com.facebook.ads.sdk.Event, NON_DEFAULT)" : {
      "startLine" : 419,
      "endLine" : 419,
      "startCol" : 5,
      "endCol" : 28
    },
    "Stmt(RETURN, 119, com.facebook.ads.sdk.Event, DEFAULT)" : {
      "startLine" : 423,
      "endLine" : 423,
      "startCol" : 5,
      "endCol" : 23
    },
    "Stmt(RETURN, 119, com.facebook.ads.sdk.Event, NON_DEFAULT)" : {
      "startLine" : 423,
      "endLine" : 423,
      "startCol" : 5,
      "endCol" : 23
    },
    "Stmt(RETURN, 120, com.facebook.ads.sdk.Event, DEFAULT)" : {
      "startLine" : 427,
      "endLine" : 427,
      "startCol" : 5,
      "endCol" : 20
    },
    "Stmt(RETURN, 120, com.facebook.ads.sdk.Event, NON_DEFAULT)" : {
      "startLine" : 427,
      "endLine" : 427,
      "startCol" : 5,
      "endCol" : 20
    },
    "Stmt(RETURN, 121, com.facebook.ads.sdk.Event, DEFAULT)" : {
      "startLine" : 431,
      "endLine" : 431,
      "startCol" : 5,
      "endCol" : 21
    },
    "Stmt(RETURN, 121, com.facebook.ads.sdk.Event, NON_DEFAULT)" : {
      "startLine" : 431,
      "endLine" : 431,
      "startCol" : 5,
      "endCol" : 21
    },
    "Stmt(RETURN, 122, com.facebook.ads.sdk.Event, DEFAULT)" : {
      "startLine" : 435,
      "endLine" : 435,
      "startCol" : 5,
      "endCol" : 24
    },
    "Stmt(RETURN, 122, com.facebook.ads.sdk.Event, NON_DEFAULT)" : {
      "startLine" : 435,
      "endLine" : 435,
      "startCol" : 5,
      "endCol" : 24
    },
    "Stmt(RETURN, 123, com.facebook.ads.sdk.Event, DEFAULT)" : {
      "startLine" : 439,
      "endLine" : 439,
      "startCol" : 5,
      "endCol" : 23
    },
    "Stmt(RETURN, 123, com.facebook.ads.sdk.Event, NON_DEFAULT)" : {
      "startLine" : 439,
      "endLine" : 439,
      "startCol" : 5,
      "endCol" : 23
    },
    "Stmt(RETURN, 124, com.facebook.ads.sdk.Event, DEFAULT)" : {
      "startLine" : 443,
      "endLine" : 443,
      "startCol" : 5,
      "endCol" : 17
    },
    "Stmt(RETURN, 124, com.facebook.ads.sdk.Event, NON_DEFAULT)" : {
      "startLine" : 443,
      "endLine" : 443,
      "startCol" : 5,
      "endCol" : 17
    },
    "Stmt(RETURN, 125, com.facebook.ads.sdk.Event, DEFAULT)" : {
      "startLine" : 447,
      "endLine" : 447,
      "startCol" : 5,
      "endCol" : 25
    },
    "Stmt(RETURN, 125, com.facebook.ads.sdk.Event, NON_DEFAULT)" : {
      "startLine" : 447,
      "endLine" : 447,
      "startCol" : 5,
      "endCol" : 25
    },
    "Stmt(RETURN, 126, com.facebook.ads.sdk.Event, DEFAULT)" : {
      "startLine" : 451,
      "endLine" : 451,
      "startCol" : 5,
      "endCol" : 30
    },
    "Stmt(RETURN, 126, com.facebook.ads.sdk.Event, NON_DEFAULT)" : {
      "startLine" : 451,
      "endLine" : 451,
      "startCol" : 5,
      "endCol" : 30
    },
    "Stmt(RETURN, 127, com.facebook.ads.sdk.Event, DEFAULT)" : {
      "startLine" : 455,
      "endLine" : 455,
      "startCol" : 5,
      "endCol" : 37
    },
    "Stmt(RETURN, 127, com.facebook.ads.sdk.Event, NON_DEFAULT)" : {
      "startLine" : 455,
      "endLine" : 455,
      "startCol" : 5,
      "endCol" : 37
    },
    "Stmt(RETURN, 128, com.facebook.ads.sdk.Event, DEFAULT)" : {
      "startLine" : 459,
      "endLine" : 459,
      "startCol" : 5,
      "endCol" : 18
    },
    "Stmt(RETURN, 128, com.facebook.ads.sdk.Event, NON_DEFAULT)" : {
      "startLine" : 459,
      "endLine" : 459,
      "startCol" : 5,
      "endCol" : 18
    },
    "Stmt(IF, 129, com.facebook.ads.sdk.Event, DEFAULT)" : {
      "startLine" : 463,
      "endLine" : 465,
      "startCol" : 5,
      "endCol" : 5
    },
    "Stmt(EXPRESSION, 130, com.facebook.ads.sdk.Event, DEFAULT)" : {
      "startLine" : 464,
      "endLine" : 464,
      "startCol" : 7,
      "endCol" : 42
    },
    "Stmt(RETURN, 131, com.facebook.ads.sdk.Event, DEFAULT)" : {
      "startLine" : 466,
      "endLine" : 466,
      "startCol" : 5,
      "endCol" : 24
    },
    "Stmt(RETURN, 131, com.facebook.ads.sdk.Event, NON_DEFAULT)" : {
      "startLine" : 466,
      "endLine" : 466,
      "startCol" : 5,
      "endCol" : 24
    },
    "Stmt(IF, 132, com.facebook.ads.sdk.Event, DEFAULT)" : {
      "startLine" : 470,
      "endLine" : 472,
      "startCol" : 5,
      "endCol" : 5
    },
    "Stmt(EXPRESSION, 133, com.facebook.ads.sdk.Event, DEFAULT)" : {
      "startLine" : 471,
      "endLine" : 471,
      "startCol" : 7,
      "endCol" : 36
    },
    "Stmt(RETURN, 134, com.facebook.ads.sdk.Event, DEFAULT)" : {
      "startLine" : 473,
      "endLine" : 473,
      "startCol" : 5,
      "endCol" : 18
    },
    "Stmt(RETURN, 134, com.facebook.ads.sdk.Event, NON_DEFAULT)" : {
      "startLine" : 473,
      "endLine" : 473,
      "startCol" : 5,
      "endCol" : 18
    },
    "Stmt(IF, 135, com.facebook.ads.sdk.Event, DEFAULT)" : {
      "startLine" : 477,
      "endLine" : 479,
      "startCol" : 5,
      "endCol" : 5
    },
    "Stmt(EXPRESSION, 136, com.facebook.ads.sdk.Event, DEFAULT)" : {
      "startLine" : 478,
      "endLine" : 478,
      "startCol" : 7,
      "endCol" : 50
    },
    "Stmt(RETURN, 137, com.facebook.ads.sdk.Event, DEFAULT)" : {
      "startLine" : 480,
      "endLine" : 480,
      "startCol" : 5,
      "endCol" : 32
    },
    "Stmt(RETURN, 137, com.facebook.ads.sdk.Event, NON_DEFAULT)" : {
      "startLine" : 480,
      "endLine" : 480,
      "startCol" : 5,
      "endCol" : 32
    },
    "Stmt(RETURN, 138, com.facebook.ads.sdk.Event, DEFAULT)" : {
      "startLine" : 484,
      "endLine" : 484,
      "startCol" : 5,
      "endCol" : 33
    },
    "Stmt(RETURN, 138, com.facebook.ads.sdk.Event, NON_DEFAULT)" : {
      "startLine" : 484,
      "endLine" : 484,
      "startCol" : 5,
      "endCol" : 33
    },
    "Stmt(RETURN, 139, com.facebook.ads.sdk.Event, DEFAULT)" : {
      "startLine" : 488,
      "endLine" : 488,
      "startCol" : 5,
      "endCol" : 22
    },
    "Stmt(RETURN, 139, com.facebook.ads.sdk.Event, NON_DEFAULT)" : {
      "startLine" : 488,
      "endLine" : 488,
      "startCol" : 5,
      "endCol" : 22
    },
    "Stmt(IF, 140, com.facebook.ads.sdk.Event, DEFAULT)" : {
      "startLine" : 492,
      "endLine" : 494,
      "startCol" : 5,
      "endCol" : 5
    },
    "Stmt(EXPRESSION, 141, com.facebook.ads.sdk.Event, DEFAULT)" : {
      "startLine" : 493,
      "endLine" : 493,
      "startCol" : 7,
      "endCol" : 44
    },
    "Stmt(RETURN, 142, com.facebook.ads.sdk.Event, DEFAULT)" : {
      "startLine" : 495,
      "endLine" : 495,
      "startCol" : 5,
      "endCol" : 26
    },
    "Stmt(RETURN, 142, com.facebook.ads.sdk.Event, NON_DEFAULT)" : {
      "startLine" : 495,
      "endLine" : 495,
      "startCol" : 5,
      "endCol" : 26
    },
    "Stmt(RETURN, 143, com.facebook.ads.sdk.Event, DEFAULT)" : {
      "startLine" : 499,
      "endLine" : 499,
      "startCol" : 5,
      "endCol" : 22
    },
    "Stmt(RETURN, 143, com.facebook.ads.sdk.Event, NON_DEFAULT)" : {
      "startLine" : 499,
      "endLine" : 499,
      "startCol" : 5,
      "endCol" : 22
    },
    "Stmt(RETURN, 144, com.facebook.ads.sdk.Event, DEFAULT)" : {
      "startLine" : 503,
      "endLine" : 503,
      "startCol" : 5,
      "endCol" : 36
    },
    "Stmt(RETURN, 144, com.facebook.ads.sdk.Event, NON_DEFAULT)" : {
      "startLine" : 503,
      "endLine" : 503,
      "startCol" : 5,
      "endCol" : 36
    },
    "Stmt(RETURN, 145, com.facebook.ads.sdk.Event, DEFAULT)" : {
      "startLine" : 507,
      "endLine" : 507,
      "startCol" : 5,
      "endCol" : 32
    },
    "Stmt(RETURN, 145, com.facebook.ads.sdk.Event, NON_DEFAULT)" : {
      "startLine" : 507,
      "endLine" : 507,
      "startCol" : 5,
      "endCol" : 32
    },
    "Stmt(RETURN, 146, com.facebook.ads.sdk.Event, DEFAULT)" : {
      "startLine" : 511,
      "endLine" : 511,
      "startCol" : 5,
      "endCol" : 30
    },
    "Stmt(RETURN, 146, com.facebook.ads.sdk.Event, NON_DEFAULT)" : {
      "startLine" : 511,
      "endLine" : 511,
      "startCol" : 5,
      "endCol" : 30
    },
    "Stmt(RETURN, 147, com.facebook.ads.sdk.Event, DEFAULT)" : {
      "startLine" : 515,
      "endLine" : 515,
      "startCol" : 5,
      "endCol" : 21
    },
    "Stmt(RETURN, 147, com.facebook.ads.sdk.Event, NON_DEFAULT)" : {
      "startLine" : 515,
      "endLine" : 515,
      "startCol" : 5,
      "endCol" : 21
    },
    "Stmt(RETURN, 148, com.facebook.ads.sdk.Event, DEFAULT)" : {
      "startLine" : 519,
      "endLine" : 519,
      "startCol" : 5,
      "endCol" : 17
    },
    "Stmt(RETURN, 148, com.facebook.ads.sdk.Event, NON_DEFAULT)" : {
      "startLine" : 519,
      "endLine" : 519,
      "startCol" : 5,
      "endCol" : 17
    },
    "Stmt(RETURN, 149, com.facebook.ads.sdk.Event, DEFAULT)" : {
      "startLine" : 523,
      "endLine" : 523,
      "startCol" : 5,
      "endCol" : 24
    },
    "Stmt(RETURN, 149, com.facebook.ads.sdk.Event, NON_DEFAULT)" : {
      "startLine" : 523,
      "endLine" : 523,
      "startCol" : 5,
      "endCol" : 24
    },
    "Stmt(IF, 150, com.facebook.ads.sdk.Event, DEFAULT)" : {
      "startLine" : 2544,
      "endLine" : 2552,
      "startCol" : 5,
      "endCol" : 5
    },
    "Stmt(EXPRESSION, 151, com.facebook.ads.sdk.Event, DEFAULT)" : {
      "startLine" : 2547,
      "endLine" : 2551,
      "startCol" : 7,
      "endCol" : 18
    },
    "Stmt(RETURN, 152, com.facebook.ads.sdk.Event, DEFAULT)" : {
      "startLine" : 2545,
      "endLine" : 2545,
      "startCol" : 7,
      "endCol" : 18
    },
    "Stmt(RETURN, 152, com.facebook.ads.sdk.Event, NON_DEFAULT)" : {
      "startLine" : 2545,
      "endLine" : 2545,
      "startCol" : 7,
      "endCol" : 18
    },
    "Stmt(RETURN, 153, com.facebook.ads.sdk.Event, DEFAULT)" : {
      "startLine" : 2553,
      "endLine" : 2553,
      "startCol" : 5,
      "endCol" : 16
    },
    "Stmt(RETURN, 153, com.facebook.ads.sdk.Event, NON_DEFAULT)" : {
      "startLine" : 2553,
      "endLine" : 2553,
      "startCol" : 5,
      "endCol" : 16
    },
    "Stmt(EXPRESSION, 154, com.facebook.ads.sdk.Event, DEFAULT)" : {
      "startLine" : 2557,
      "endLine" : 2557,
      "startCol" : 5,
      "endCol" : 52
    },
    "Stmt(EXPRESSION, 155, com.facebook.ads.sdk.Event, DEFAULT)" : {
      "startLine" : 2558,
      "endLine" : 2558,
      "startCol" : 5,
      "endCol" : 54
    },
    "Stmt(EXPRESSION, 156, com.facebook.ads.sdk.Event, DEFAULT)" : {
      "startLine" : 2559,
      "endLine" : 2559,
      "startCol" : 5,
      "endCol" : 40
    },
    "Stmt(EXPRESSION, 157, com.facebook.ads.sdk.Event, DEFAULT)" : {
      "startLine" : 2560,
      "endLine" : 2560,
      "startCol" : 5,
      "endCol" : 34
    },
    "Stmt(EXPRESSION, 158, com.facebook.ads.sdk.Event, DEFAULT)" : {
      "startLine" : 2561,
      "endLine" : 2561,
      "startCol" : 5,
      "endCol" : 46
    },
    "Stmt(EXPRESSION, 159, com.facebook.ads.sdk.Event, DEFAULT)" : {
      "startLine" : 2562,
      "endLine" : 2562,
      "startCol" : 5,
      "endCol" : 50
    },
    "Stmt(EXPRESSION, 160, com.facebook.ads.sdk.Event, DEFAULT)" : {
      "startLine" : 2563,
      "endLine" : 2563,
      "startCol" : 5,
      "endCol" : 46
    },
    "Stmt(EXPRESSION, 161, com.facebook.ads.sdk.Event, DEFAULT)" : {
      "startLine" : 2564,
      "endLine" : 2564,
      "startCol" : 5,
      "endCol" : 62
    },
    "Stmt(EXPRESSION, 162, com.facebook.ads.sdk.Event, DEFAULT)" : {
      "startLine" : 2565,
      "endLine" : 2565,
      "startCol" : 5,
      "endCol" : 38
    },
    "Stmt(EXPRESSION, 163, com.facebook.ads.sdk.Event, DEFAULT)" : {
      "startLine" : 2566,
      "endLine" : 2566,
      "startCol" : 5,
      "endCol" : 44
    },
    "Stmt(EXPRESSION, 164, com.facebook.ads.sdk.Event, DEFAULT)" : {
      "startLine" : 2567,
      "endLine" : 2567,
      "startCol" : 5,
      "endCol" : 56
    },
    "Stmt(EXPRESSION, 165, com.facebook.ads.sdk.Event, DEFAULT)" : {
      "startLine" : 2568,
      "endLine" : 2568,
      "startCol" : 5,
      "endCol" : 28
    },
    "Stmt(EXPRESSION, 166, com.facebook.ads.sdk.Event, DEFAULT)" : {
      "startLine" : 2569,
      "endLine" : 2569,
      "startCol" : 5,
      "endCol" : 54
    },
    "Stmt(EXPRESSION, 167, com.facebook.ads.sdk.Event, DEFAULT)" : {
      "startLine" : 2570,
      "endLine" : 2570,
      "startCol" : 5,
      "endCol" : 44
    },
    "Stmt(EXPRESSION, 168, com.facebook.ads.sdk.Event, DEFAULT)" : {
      "startLine" : 2571,
      "endLine" : 2571,
      "startCol" : 5,
      "endCol" : 38
    },
    "Stmt(EXPRESSION, 169, com.facebook.ads.sdk.Event, DEFAULT)" : {
      "startLine" : 2572,
      "endLine" : 2572,
      "startCol" : 5,
      "endCol" : 40
    },
    "Stmt(EXPRESSION, 170, com.facebook.ads.sdk.Event, DEFAULT)" : {
      "startLine" : 2573,
      "endLine" : 2573,
      "startCol" : 5,
      "endCol" : 46
    },
    "Stmt(EXPRESSION, 171, com.facebook.ads.sdk.Event, DEFAULT)" : {
      "startLine" : 2574,
      "endLine" : 2574,
      "startCol" : 5,
      "endCol" : 44
    },
    "Stmt(EXPRESSION, 172, com.facebook.ads.sdk.Event, DEFAULT)" : {
      "startLine" : 2575,
      "endLine" : 2575,
      "startCol" : 5,
      "endCol" : 32
    },
    "Stmt(EXPRESSION, 173, com.facebook.ads.sdk.Event, DEFAULT)" : {
      "startLine" : 2576,
      "endLine" : 2576,
      "startCol" : 5,
      "endCol" : 48
    },
    "Stmt(EXPRESSION, 174, com.facebook.ads.sdk.Event, DEFAULT)" : {
      "startLine" : 2577,
      "endLine" : 2577,
      "startCol" : 5,
      "endCol" : 58
    },
    "Stmt(EXPRESSION, 175, com.facebook.ads.sdk.Event, DEFAULT)" : {
      "startLine" : 2578,
      "endLine" : 2578,
      "startCol" : 5,
      "endCol" : 72
    },
    "Stmt(EXPRESSION, 176, com.facebook.ads.sdk.Event, DEFAULT)" : {
      "startLine" : 2579,
      "endLine" : 2579,
      "startCol" : 5,
      "endCol" : 34
    },
    "Stmt(EXPRESSION, 177, com.facebook.ads.sdk.Event, DEFAULT)" : {
      "startLine" : 2580,
      "endLine" : 2580,
      "startCol" : 5,
      "endCol" : 46
    },
    "Stmt(EXPRESSION, 178, com.facebook.ads.sdk.Event, DEFAULT)" : {
      "startLine" : 2581,
      "endLine" : 2581,
      "startCol" : 5,
      "endCol" : 34
    },
    "Stmt(EXPRESSION, 179, com.facebook.ads.sdk.Event, DEFAULT)" : {
      "startLine" : 2582,
      "endLine" : 2582,
      "startCol" : 5,
      "endCol" : 62
    },
    "Stmt(EXPRESSION, 180, com.facebook.ads.sdk.Event, DEFAULT)" : {
      "startLine" : 2583,
      "endLine" : 2583,
      "startCol" : 5,
      "endCol" : 64
    },
    "Stmt(EXPRESSION, 181, com.facebook.ads.sdk.Event, DEFAULT)" : {
      "startLine" : 2584,
      "endLine" : 2584,
      "startCol" : 5,
      "endCol" : 42
    },
    "Stmt(EXPRESSION, 182, com.facebook.ads.sdk.Event, DEFAULT)" : {
      "startLine" : 2585,
      "endLine" : 2585,
      "startCol" : 5,
      "endCol" : 50
    },
    "Stmt(EXPRESSION, 183, com.facebook.ads.sdk.Event, DEFAULT)" : {
      "startLine" : 2586,
      "endLine" : 2586,
      "startCol" : 5,
      "endCol" : 42
    },
    "Stmt(EXPRESSION, 184, com.facebook.ads.sdk.Event, DEFAULT)" : {
      "startLine" : 2587,
      "endLine" : 2587,
      "startCol" : 5,
      "endCol" : 70
    },
    "Stmt(EXPRESSION, 185, com.facebook.ads.sdk.Event, DEFAULT)" : {
      "startLine" : 2588,
      "endLine" : 2588,
      "startCol" : 5,
      "endCol" : 62
    },
    "Stmt(EXPRESSION, 186, com.facebook.ads.sdk.Event, DEFAULT)" : {
      "startLine" : 2589,
      "endLine" : 2589,
      "startCol" : 5,
      "endCol" : 58
    },
    "Stmt(EXPRESSION, 187, com.facebook.ads.sdk.Event, DEFAULT)" : {
      "startLine" : 2590,
      "endLine" : 2590,
      "startCol" : 5,
      "endCol" : 40
    },
    "Stmt(EXPRESSION, 188, com.facebook.ads.sdk.Event, DEFAULT)" : {
      "startLine" : 2591,
      "endLine" : 2591,
      "startCol" : 5,
      "endCol" : 32
    },
    "Stmt(EXPRESSION, 189, com.facebook.ads.sdk.Event, DEFAULT)" : {
      "startLine" : 2592,
      "endLine" : 2592,
      "startCol" : 5,
      "endCol" : 46
    },
    "Stmt(EXPRESSION, 190, com.facebook.ads.sdk.Event, DEFAULT)" : {
      "startLine" : 2593,
      "endLine" : 2593,
      "startCol" : 5,
      "endCol" : 36
    },
    "Stmt(EXPRESSION, 191, com.facebook.ads.sdk.Event, DEFAULT)" : {
      "startLine" : 2594,
      "endLine" : 2594,
      "startCol" : 5,
      "endCol" : 38
    },
    "Stmt(RETURN, 192, com.facebook.ads.sdk.Event, DEFAULT)" : {
      "startLine" : 2595,
      "endLine" : 2595,
      "startCol" : 5,
      "endCol" : 16
    },
    "Stmt(RETURN, 192, com.facebook.ads.sdk.Event, NON_DEFAULT)" : {
      "startLine" : 2595,
      "endLine" : 2595,
      "startCol" : 5,
      "endCol" : 16
    },
    "Stmt(RETURN, 193, com.facebook.ads.sdk.Event, DEFAULT)" : {
      "startLine" : 2601,
      "endLine" : 2601,
      "startCol" : 9,
      "endCol" : 71
    },
    "Stmt(RETURN, 193, com.facebook.ads.sdk.Event, NON_DEFAULT)" : {
      "startLine" : 2601,
      "endLine" : 2601,
      "startCol" : 9,
      "endCol" : 71
    },
    "Stmt(INNER_CLASS_RETURN, 194, com.facebook.ads.sdk.Event, DEFAULT)" : {
      "startLine" : 2599,
      "endLine" : 2603,
      "startCol" : 5,
      "endCol" : 6
    }
  }
}