{
  "fileName" : "src/main/java/com/facebook/ads/sdk/Event.java",
  "packageName" : "com.facebook.ads.sdk",
  "className" : "Event$APIRequestGetVideos",
  "coverageElementPositions" : {
    "Stmt(RETURN, 0, com.facebook.ads.sdk.Event$APIRequestGetVideos, DEFAULT)" : {
      "startLine" : 1894,
      "endLine" : 1894,
      "startCol" : 7,
      "endCol" : 26
    },
    "Stmt(RETURN, 0, com.facebook.ads.sdk.Event$APIRequestGetVideos, NON_DEFAULT)" : {
      "startLine" : 1894,
      "endLine" : 1894,
      "startCol" : 7,
      "endCol" : 26
    },
    "Stmt(RETURN, 1, com.facebook.ads.sdk.Event$APIRequestGetVideos, DEFAULT)" : {
      "startLine" : 1904,
      "endLine" : 1904,
      "startCol" : 7,
      "endCol" : 74
    },
    "Stmt(RETURN, 1, com.facebook.ads.sdk.Event$APIRequestGetVideos, NON_DEFAULT)" : {
      "startLine" : 1904,
      "endLine" : 1904,
      "startCol" : 7,
      "endCol" : 74
    },
    "Stmt(RETURN, 2, com.facebook.ads.sdk.Event$APIRequestGetVideos, DEFAULT)" : {
      "startLine" : 1909,
      "endLine" : 1909,
      "startCol" : 7,
      "endCol" : 52
    },
    "Stmt(RETURN, 2, com.facebook.ads.sdk.Event$APIRequestGetVideos, NON_DEFAULT)" : {
      "startLine" : 1909,
      "endLine" : 1909,
      "startCol" : 7,
      "endCol" : 52
    },
    "Stmt(EXPRESSION, 3, com.facebook.ads.sdk.Event$APIRequestGetVideos, DEFAULT)" : {
      "startLine" : 1915,
      "endLine" : 1915,
      "startCol" : 7,
      "endCol" : 64
    },
    "Stmt(RETURN, 4, com.facebook.ads.sdk.Event$APIRequestGetVideos, DEFAULT)" : {
      "startLine" : 1916,
      "endLine" : 1916,
      "startCol" : 7,
      "endCol" : 26
    },
    "Stmt(RETURN, 4, com.facebook.ads.sdk.Event$APIRequestGetVideos, NON_DEFAULT)" : {
      "startLine" : 1916,
      "endLine" : 1916,
      "startCol" : 7,
      "endCol" : 26
    },
    "Stmt(VARIABLE_DECLARATION, 5, com.facebook.ads.sdk.Event$APIRequestGetVideos, DEFAULT)" : {
      "startLine" : 1914,
      "endLine" : 1914,
      "startCol" : 23,
      "endCol" : 55
    },
    "Stmt(RETURN, 6, com.facebook.ads.sdk.Event$APIRequestGetVideos, DEFAULT)" : {
      "startLine" : 1920,
      "endLine" : 1920,
      "startCol" : 7,
      "endCol" : 57
    },
    "Stmt(RETURN, 6, com.facebook.ads.sdk.Event$APIRequestGetVideos, NON_DEFAULT)" : {
      "startLine" : 1920,
      "endLine" : 1920,
      "startCol" : 7,
      "endCol" : 57
    },
    "Stmt(TRY, 7, com.facebook.ads.sdk.Event$APIRequestGetVideos, DEFAULT)" : {
      "startLine" : 1928,
      "endLine" : 1932,
      "startCol" : 14,
      "endCol" : 14
    },
    "Stmt(THROW, 8, com.facebook.ads.sdk.Event$APIRequestGetVideos, DEFAULT)" : {
      "startLine" : 1931,
      "endLine" : 1931,
      "startCol" : 16,
      "endCol" : 45
    },
    "Stmt(RETURN, 9, com.facebook.ads.sdk.Event$APIRequestGetVideos, DEFAULT)" : {
      "startLine" : 1929,
      "endLine" : 1929,
      "startCol" : 16,
      "endCol" : 99
    },
    "Stmt(RETURN, 9, com.facebook.ads.sdk.Event$APIRequestGetVideos, NON_DEFAULT)" : {
      "startLine" : 1929,
      "endLine" : 1929,
      "startCol" : 16,
      "endCol" : 99
    },
    "Stmt(INNER_CLASS_RETURN, 10, com.facebook.ads.sdk.Event$APIRequestGetVideos, DEFAULT)" : {
      "startLine" : 1924,
      "endLine" : 1936,
      "startCol" : 7,
      "endCol" : 8
    },
    "Stmt(EXPRESSION, 11, com.facebook.ads.sdk.Event$APIRequestGetVideos, DEFAULT)" : {
      "startLine" : 1945,
      "endLine" : 1945,
      "startCol" : 7,
      "endCol" : 37
    },
    "Stmt(RETURN, 12, com.facebook.ads.sdk.Event$APIRequestGetVideos, DEFAULT)" : {
      "startLine" : 1946,
      "endLine" : 1946,
      "startCol" : 7,
      "endCol" : 18
    },
    "Stmt(RETURN, 12, com.facebook.ads.sdk.Event$APIRequestGetVideos, NON_DEFAULT)" : {
      "startLine" : 1946,
      "endLine" : 1946,
      "startCol" : 7,
      "endCol" : 18
    },
    "Stmt(EXPRESSION, 13, com.facebook.ads.sdk.Event$APIRequestGetVideos, DEFAULT)" : {
      "startLine" : 1951,
      "endLine" : 1951,
      "startCol" : 7,
      "endCol" : 32
    },
    "Stmt(RETURN, 14, com.facebook.ads.sdk.Event$APIRequestGetVideos, DEFAULT)" : {
      "startLine" : 1952,
      "endLine" : 1952,
      "startCol" : 7,
      "endCol" : 18
    },
    "Stmt(RETURN, 14, com.facebook.ads.sdk.Event$APIRequestGetVideos, NON_DEFAULT)" : {
      "startLine" : 1952,
      "endLine" : 1952,
      "startCol" : 7,
      "endCol" : 18
    },
    "Stmt(RETURN, 15, com.facebook.ads.sdk.Event$APIRequestGetVideos, DEFAULT)" : {
      "startLine" : 1957,
      "endLine" : 1957,
      "startCol" : 7,
      "endCol" : 41
    },
    "Stmt(RETURN, 15, com.facebook.ads.sdk.Event$APIRequestGetVideos, NON_DEFAULT)" : {
      "startLine" : 1957,
      "endLine" : 1957,
      "startCol" : 7,
      "endCol" : 41
    },
    "Stmt(FOR_EACH, 16, com.facebook.ads.sdk.Event$APIRequestGetVideos, DEFAULT)" : {
      "startLine" : 1961,
      "endLine" : 1963,
      "startCol" : 7,
      "endCol" : 7
    },
    "Stmt(EXPRESSION, 17, com.facebook.ads.sdk.Event$APIRequestGetVideos, DEFAULT)" : {
      "startLine" : 1962,
      "endLine" : 1962,
      "startCol" : 9,
      "endCol" : 40
    },
    "Stmt(RETURN, 18, com.facebook.ads.sdk.Event$APIRequestGetVideos, DEFAULT)" : {
      "startLine" : 1964,
      "endLine" : 1964,
      "startCol" : 7,
      "endCol" : 18
    },
    "Stmt(RETURN, 18, com.facebook.ads.sdk.Event$APIRequestGetVideos, NON_DEFAULT)" : {
      "startLine" : 1964,
      "endLine" : 1964,
      "startCol" : 7,
      "endCol" : 18
    },
    "Stmt(RETURN, 19, com.facebook.ads.sdk.Event$APIRequestGetVideos, DEFAULT)" : {
      "startLine" : 1969,
      "endLine" : 1969,
      "startCol" : 7,
      "endCol" : 46
    },
    "Stmt(RETURN, 19, com.facebook.ads.sdk.Event$APIRequestGetVideos, NON_DEFAULT)" : {
      "startLine" : 1969,
      "endLine" : 1969,
      "startCol" : 7,
      "endCol" : 46
    },
    "Stmt(FOR_EACH, 20, com.facebook.ads.sdk.Event$APIRequestGetVideos, DEFAULT)" : {
      "startLine" : 1974,
      "endLine" : 1976,
      "startCol" : 7,
      "endCol" : 7
    },
    "Stmt(EXPRESSION, 21, com.facebook.ads.sdk.Event$APIRequestGetVideos, DEFAULT)" : {
      "startLine" : 1975,
      "endLine" : 1975,
      "startCol" : 9,
      "endCol" : 40
    },
    "Stmt(RETURN, 22, com.facebook.ads.sdk.Event$APIRequestGetVideos, DEFAULT)" : {
      "startLine" : 1977,
      "endLine" : 1977,
      "startCol" : 7,
      "endCol" : 18
    },
    "Stmt(RETURN, 22, com.facebook.ads.sdk.Event$APIRequestGetVideos, NON_DEFAULT)" : {
      "startLine" : 1977,
      "endLine" : 1977,
      "startCol" : 7,
      "endCol" : 18
    },
    "Stmt(EXPRESSION, 23, com.facebook.ads.sdk.Event$APIRequestGetVideos, DEFAULT)" : {
      "startLine" : 1982,
      "endLine" : 1982,
      "startCol" : 7,
      "endCol" : 37
    },
    "Stmt(RETURN, 24, com.facebook.ads.sdk.Event$APIRequestGetVideos, DEFAULT)" : {
      "startLine" : 1983,
      "endLine" : 1983,
      "startCol" : 7,
      "endCol" : 18
    },
    "Stmt(RETURN, 24, com.facebook.ads.sdk.Event$APIRequestGetVideos, NON_DEFAULT)" : {
      "startLine" : 1983,
      "endLine" : 1983,
      "startCol" : 7,
      "endCol" : 18
    },
    "Stmt(EXPRESSION, 25, com.facebook.ads.sdk.Event$APIRequestGetVideos, DEFAULT)" : {
      "startLine" : 1988,
      "endLine" : 1988,
      "startCol" : 7,
      "endCol" : 46
    },
    "Stmt(RETURN, 26, com.facebook.ads.sdk.Event$APIRequestGetVideos, DEFAULT)" : {
      "startLine" : 1989,
      "endLine" : 1989,
      "startCol" : 7,
      "endCol" : 18
    },
    "Stmt(RETURN, 26, com.facebook.ads.sdk.Event$APIRequestGetVideos, NON_DEFAULT)" : {
      "startLine" : 1989,
      "endLine" : 1989,
      "startCol" : 7,
      "endCol" : 18
    }
  }
}