{
  "fileName" : "src/main/java/com/facebook/ads/sdk/Event.java",
  "packageName" : "com.facebook.ads.sdk",
  "className" : "Event$APIRequestGetRoles",
  "coverageElementPositions" : {
    "Stmt(RETURN, 0, com.facebook.ads.sdk.Event$APIRequestGetRoles, DEFAULT)" : {
      "startLine" : 1452,
      "endLine" : 1452,
      "startCol" : 7,
      "endCol" : 26
    },
    "Stmt(RETURN, 0, com.facebook.ads.sdk.Event$APIRequestGetRoles, NON_DEFAULT)" : {
      "startLine" : 1452,
      "endLine" : 1452,
      "startCol" : 7,
      "endCol" : 26
    },
    "Stmt(RETURN, 1, com.facebook.ads.sdk.Event$APIRequestGetRoles, DEFAULT)" : {
      "startLine" : 1473,
      "endLine" : 1473,
      "startCol" : 7,
      "endCol" : 73
    },
    "Stmt(RETURN, 1, com.facebook.ads.sdk.Event$APIRequestGetRoles, NON_DEFAULT)" : {
      "startLine" : 1473,
      "endLine" : 1473,
      "startCol" : 7,
      "endCol" : 73
    },
    "Stmt(RETURN, 2, com.facebook.ads.sdk.Event$APIRequestGetRoles, DEFAULT)" : {
      "startLine" : 1478,
      "endLine" : 1478,
      "startCol" : 7,
      "endCol" : 52
    },
    "Stmt(RETURN, 2, com.facebook.ads.sdk.Event$APIRequestGetRoles, NON_DEFAULT)" : {
      "startLine" : 1478,
      "endLine" : 1478,
      "startCol" : 7,
      "endCol" : 52
    },
    "Stmt(EXPRESSION, 3, com.facebook.ads.sdk.Event$APIRequestGetRoles, DEFAULT)" : {
      "startLine" : 1484,
      "endLine" : 1484,
      "startCol" : 7,
      "endCol" : 64
    },
    "Stmt(RETURN, 4, com.facebook.ads.sdk.Event$APIRequestGetRoles, DEFAULT)" : {
      "startLine" : 1485,
      "endLine" : 1485,
      "startCol" : 7,
      "endCol" : 26
    },
    "Stmt(RETURN, 4, com.facebook.ads.sdk.Event$APIRequestGetRoles, NON_DEFAULT)" : {
      "startLine" : 1485,
      "endLine" : 1485,
      "startCol" : 7,
      "endCol" : 26
    },
    "Stmt(VARIABLE_DECLARATION, 5, com.facebook.ads.sdk.Event$APIRequestGetRoles, DEFAULT)" : {
      "startLine" : 1483,
      "endLine" : 1483,
      "startCol" : 23,
      "endCol" : 55
    },
    "Stmt(RETURN, 6, com.facebook.ads.sdk.Event$APIRequestGetRoles, DEFAULT)" : {
      "startLine" : 1489,
      "endLine" : 1489,
      "startCol" : 7,
      "endCol" : 57
    },
    "Stmt(RETURN, 6, com.facebook.ads.sdk.Event$APIRequestGetRoles, NON_DEFAULT)" : {
      "startLine" : 1489,
      "endLine" : 1489,
      "startCol" : 7,
      "endCol" : 57
    },
    "Stmt(TRY, 7, com.facebook.ads.sdk.Event$APIRequestGetRoles, DEFAULT)" : {
      "startLine" : 1497,
      "endLine" : 1501,
      "startCol" : 14,
      "endCol" : 14
    },
    "Stmt(THROW, 8, com.facebook.ads.sdk.Event$APIRequestGetRoles, DEFAULT)" : {
      "startLine" : 1500,
      "endLine" : 1500,
      "startCol" : 16,
      "endCol" : 45
    },
    "Stmt(RETURN, 9, com.facebook.ads.sdk.Event$APIRequestGetRoles, DEFAULT)" : {
      "startLine" : 1498,
      "endLine" : 1498,
      "startCol" : 16,
      "endCol" : 98
    },
    "Stmt(RETURN, 9, com.facebook.ads.sdk.Event$APIRequestGetRoles, NON_DEFAULT)" : {
      "startLine" : 1498,
      "endLine" : 1498,
      "startCol" : 16,
      "endCol" : 98
    },
    "Stmt(INNER_CLASS_RETURN, 10, com.facebook.ads.sdk.Event$APIRequestGetRoles, DEFAULT)" : {
      "startLine" : 1493,
      "endLine" : 1505,
      "startCol" : 7,
      "endCol" : 8
    },
    "Stmt(EXPRESSION, 11, com.facebook.ads.sdk.Event$APIRequestGetRoles, DEFAULT)" : {
      "startLine" : 1514,
      "endLine" : 1514,
      "startCol" : 7,
      "endCol" : 37
    },
    "Stmt(RETURN, 12, com.facebook.ads.sdk.Event$APIRequestGetRoles, DEFAULT)" : {
      "startLine" : 1515,
      "endLine" : 1515,
      "startCol" : 7,
      "endCol" : 18
    },
    "Stmt(RETURN, 12, com.facebook.ads.sdk.Event$APIRequestGetRoles, NON_DEFAULT)" : {
      "startLine" : 1515,
      "endLine" : 1515,
      "startCol" : 7,
      "endCol" : 18
    },
    "Stmt(EXPRESSION, 13, com.facebook.ads.sdk.Event$APIRequestGetRoles, DEFAULT)" : {
      "startLine" : 1520,
      "endLine" : 1520,
      "startCol" : 7,
      "endCol" : 32
    },
    "Stmt(RETURN, 14, com.facebook.ads.sdk.Event$APIRequestGetRoles, DEFAULT)" : {
      "startLine" : 1521,
      "endLine" : 1521,
      "startCol" : 7,
      "endCol" : 18
    },
    "Stmt(RETURN, 14, com.facebook.ads.sdk.Event$APIRequestGetRoles, NON_DEFAULT)" : {
      "startLine" : 1521,
      "endLine" : 1521,
      "startCol" : 7,
      "endCol" : 18
    },
    "Stmt(RETURN, 15, com.facebook.ads.sdk.Event$APIRequestGetRoles, DEFAULT)" : {
      "startLine" : 1526,
      "endLine" : 1526,
      "startCol" : 7,
      "endCol" : 41
    },
    "Stmt(RETURN, 15, com.facebook.ads.sdk.Event$APIRequestGetRoles, NON_DEFAULT)" : {
      "startLine" : 1526,
      "endLine" : 1526,
      "startCol" : 7,
      "endCol" : 41
    },
    "Stmt(FOR_EACH, 16, com.facebook.ads.sdk.Event$APIRequestGetRoles, DEFAULT)" : {
      "startLine" : 1530,
      "endLine" : 1532,
      "startCol" : 7,
      "endCol" : 7
    },
    "Stmt(EXPRESSION, 17, com.facebook.ads.sdk.Event$APIRequestGetRoles, DEFAULT)" : {
      "startLine" : 1531,
      "endLine" : 1531,
      "startCol" : 9,
      "endCol" : 40
    },
    "Stmt(RETURN, 18, com.facebook.ads.sdk.Event$APIRequestGetRoles, DEFAULT)" : {
      "startLine" : 1533,
      "endLine" : 1533,
      "startCol" : 7,
      "endCol" : 18
    },
    "Stmt(RETURN, 18, com.facebook.ads.sdk.Event$APIRequestGetRoles, NON_DEFAULT)" : {
      "startLine" : 1533,
      "endLine" : 1533,
      "startCol" : 7,
      "endCol" : 18
    },
    "Stmt(RETURN, 19, com.facebook.ads.sdk.Event$APIRequestGetRoles, DEFAULT)" : {
      "startLine" : 1538,
      "endLine" : 1538,
      "startCol" : 7,
      "endCol" : 46
    },
    "Stmt(RETURN, 19, com.facebook.ads.sdk.Event$APIRequestGetRoles, NON_DEFAULT)" : {
      "startLine" : 1538,
      "endLine" : 1538,
      "startCol" : 7,
      "endCol" : 46
    },
    "Stmt(FOR_EACH, 20, com.facebook.ads.sdk.Event$APIRequestGetRoles, DEFAULT)" : {
      "startLine" : 1543,
      "endLine" : 1545,
      "startCol" : 7,
      "endCol" : 7
    },
    "Stmt(EXPRESSION, 21, com.facebook.ads.sdk.Event$APIRequestGetRoles, DEFAULT)" : {
      "startLine" : 1544,
      "endLine" : 1544,
      "startCol" : 9,
      "endCol" : 40
    },
    "Stmt(RETURN, 22, com.facebook.ads.sdk.Event$APIRequestGetRoles, DEFAULT)" : {
      "startLine" : 1546,
      "endLine" : 1546,
      "startCol" : 7,
      "endCol" : 18
    },
    "Stmt(RETURN, 22, com.facebook.ads.sdk.Event$APIRequestGetRoles, NON_DEFAULT)" : {
      "startLine" : 1546,
      "endLine" : 1546,
      "startCol" : 7,
      "endCol" : 18
    },
    "Stmt(EXPRESSION, 23, com.facebook.ads.sdk.Event$APIRequestGetRoles, DEFAULT)" : {
      "startLine" : 1551,
      "endLine" : 1551,
      "startCol" : 7,
      "endCol" : 37
    },
    "Stmt(RETURN, 24, com.facebook.ads.sdk.Event$APIRequestGetRoles, DEFAULT)" : {
      "startLine" : 1552,
      "endLine" : 1552,
      "startCol" : 7,
      "endCol" : 18
    },
    "Stmt(RETURN, 24, com.facebook.ads.sdk.Event$APIRequestGetRoles, NON_DEFAULT)" : {
      "startLine" : 1552,
      "endLine" : 1552,
      "startCol" : 7,
      "endCol" : 18
    },
    "Stmt(EXPRESSION, 25, com.facebook.ads.sdk.Event$APIRequestGetRoles, DEFAULT)" : {
      "startLine" : 1557,
      "endLine" : 1557,
      "startCol" : 7,
      "endCol" : 46
    },
    "Stmt(RETURN, 26, com.facebook.ads.sdk.Event$APIRequestGetRoles, DEFAULT)" : {
      "startLine" : 1558,
      "endLine" : 1558,
      "startCol" : 7,
      "endCol" : 18
    },
    "Stmt(RETURN, 26, com.facebook.ads.sdk.Event$APIRequestGetRoles, NON_DEFAULT)" : {
      "startLine" : 1558,
      "endLine" : 1558,
      "startCol" : 7,
      "endCol" : 18
    },
    "Stmt(RETURN, 27, com.facebook.ads.sdk.Event$APIRequestGetRoles, DEFAULT)" : {
      "startLine" : 1562,
      "endLine" : 1562,
      "startCol" : 7,
      "endCol" : 44
    },
    "Stmt(RETURN, 27, com.facebook.ads.sdk.Event$APIRequestGetRoles, NON_DEFAULT)" : {
      "startLine" : 1562,
      "endLine" : 1562,
      "startCol" : 7,
      "endCol" : 44
    },
    "Stmt(EXPRESSION, 28, com.facebook.ads.sdk.Event$APIRequestGetRoles, DEFAULT)" : {
      "startLine" : 1565,
      "endLine" : 1565,
      "startCol" : 7,
      "endCol" : 43
    },
    "Stmt(RETURN, 29, com.facebook.ads.sdk.Event$APIRequestGetRoles, DEFAULT)" : {
      "startLine" : 1566,
      "endLine" : 1566,
      "startCol" : 7,
      "endCol" : 18
    },
    "Stmt(RETURN, 29, com.facebook.ads.sdk.Event$APIRequestGetRoles, NON_DEFAULT)" : {
      "startLine" : 1566,
      "endLine" : 1566,
      "startCol" : 7,
      "endCol" : 18
    },
    "Stmt(RETURN, 30, com.facebook.ads.sdk.Event$APIRequestGetRoles, DEFAULT)" : {
      "startLine" : 1569,
      "endLine" : 1569,
      "startCol" : 7,
      "endCol" : 39
    },
    "Stmt(RETURN, 30, com.facebook.ads.sdk.Event$APIRequestGetRoles, NON_DEFAULT)" : {
      "startLine" : 1569,
      "endLine" : 1569,
      "startCol" : 7,
      "endCol" : 39
    },
    "Stmt(EXPRESSION, 31, com.facebook.ads.sdk.Event$APIRequestGetRoles, DEFAULT)" : {
      "startLine" : 1572,
      "endLine" : 1572,
      "startCol" : 7,
      "endCol" : 37
    },
    "Stmt(RETURN, 32, com.facebook.ads.sdk.Event$APIRequestGetRoles, DEFAULT)" : {
      "startLine" : 1573,
      "endLine" : 1573,
      "startCol" : 7,
      "endCol" : 18
    },
    "Stmt(RETURN, 32, com.facebook.ads.sdk.Event$APIRequestGetRoles, NON_DEFAULT)" : {
      "startLine" : 1573,
      "endLine" : 1573,
      "startCol" : 7,
      "endCol" : 18
    },
    "Stmt(RETURN, 33, com.facebook.ads.sdk.Event$APIRequestGetRoles, DEFAULT)" : {
      "startLine" : 1576,
      "endLine" : 1576,
      "startCol" : 7,
      "endCol" : 41
    },
    "Stmt(RETURN, 33, com.facebook.ads.sdk.Event$APIRequestGetRoles, NON_DEFAULT)" : {
      "startLine" : 1576,
      "endLine" : 1576,
      "startCol" : 7,
      "endCol" : 41
    },
    "Stmt(EXPRESSION, 34, com.facebook.ads.sdk.Event$APIRequestGetRoles, DEFAULT)" : {
      "startLine" : 1579,
      "endLine" : 1579,
      "startCol" : 7,
      "endCol" : 39
    },
    "Stmt(RETURN, 35, com.facebook.ads.sdk.Event$APIRequestGetRoles, DEFAULT)" : {
      "startLine" : 1580,
      "endLine" : 1580,
      "startCol" : 7,
      "endCol" : 18
    },
    "Stmt(RETURN, 35, com.facebook.ads.sdk.Event$APIRequestGetRoles, NON_DEFAULT)" : {
      "startLine" : 1580,
      "endLine" : 1580,
      "startCol" : 7,
      "endCol" : 18
    },
    "Stmt(RETURN, 36, com.facebook.ads.sdk.Event$APIRequestGetRoles, DEFAULT)" : {
      "startLine" : 1583,
      "endLine" : 1583,
      "startCol" : 7,
      "endCol" : 41
    },
    "Stmt(RETURN, 36, com.facebook.ads.sdk.Event$APIRequestGetRoles, NON_DEFAULT)" : {
      "startLine" : 1583,
      "endLine" : 1583,
      "startCol" : 7,
      "endCol" : 41
    },
    "Stmt(EXPRESSION, 37, com.facebook.ads.sdk.Event$APIRequestGetRoles, DEFAULT)" : {
      "startLine" : 1586,
      "endLine" : 1586,
      "startCol" : 7,
      "endCol" : 39
    },
    "Stmt(RETURN, 38, com.facebook.ads.sdk.Event$APIRequestGetRoles, DEFAULT)" : {
      "startLine" : 1587,
      "endLine" : 1587,
      "startCol" : 7,
      "endCol" : 18
    },
    "Stmt(RETURN, 38, com.facebook.ads.sdk.Event$APIRequestGetRoles, NON_DEFAULT)" : {
      "startLine" : 1587,
      "endLine" : 1587,
      "startCol" : 7,
      "endCol" : 18
    },
    "Stmt(RETURN, 39, com.facebook.ads.sdk.Event$APIRequestGetRoles, DEFAULT)" : {
      "startLine" : 1590,
      "endLine" : 1590,
      "startCol" : 7,
      "endCol" : 40
    },
    "Stmt(RETURN, 39, com.facebook.ads.sdk.Event$APIRequestGetRoles, NON_DEFAULT)" : {
      "startLine" : 1590,
      "endLine" : 1590,
      "startCol" : 7,
      "endCol" : 40
    },
    "Stmt(EXPRESSION, 40, com.facebook.ads.sdk.Event$APIRequestGetRoles, DEFAULT)" : {
      "startLine" : 1593,
      "endLine" : 1593,
      "startCol" : 7,
      "endCol" : 38
    },
    "Stmt(RETURN, 41, com.facebook.ads.sdk.Event$APIRequestGetRoles, DEFAULT)" : {
      "startLine" : 1594,
      "endLine" : 1594,
      "startCol" : 7,
      "endCol" : 18
    },
    "Stmt(RETURN, 41, com.facebook.ads.sdk.Event$APIRequestGetRoles, NON_DEFAULT)" : {
      "startLine" : 1594,
      "endLine" : 1594,
      "startCol" : 7,
      "endCol" : 18
    },
    "Stmt(RETURN, 42, com.facebook.ads.sdk.Event$APIRequestGetRoles, DEFAULT)" : {
      "startLine" : 1597,
      "endLine" : 1597,
      "startCol" : 7,
      "endCol" : 44
    },
    "Stmt(RETURN, 42, com.facebook.ads.sdk.Event$APIRequestGetRoles, NON_DEFAULT)" : {
      "startLine" : 1597,
      "endLine" : 1597,
      "startCol" : 7,
      "endCol" : 44
    },
    "Stmt(EXPRESSION, 43, com.facebook.ads.sdk.Event$APIRequestGetRoles, DEFAULT)" : {
      "startLine" : 1600,
      "endLine" : 1600,
      "startCol" : 7,
      "endCol" : 43
    },
    "Stmt(RETURN, 44, com.facebook.ads.sdk.Event$APIRequestGetRoles, DEFAULT)" : {
      "startLine" : 1601,
      "endLine" : 1601,
      "startCol" : 7,
      "endCol" : 18
    },
    "Stmt(RETURN, 44, com.facebook.ads.sdk.Event$APIRequestGetRoles, NON_DEFAULT)" : {
      "startLine" : 1601,
      "endLine" : 1601,
      "startCol" : 7,
      "endCol" : 18
    },
    "Stmt(RETURN, 45, com.facebook.ads.sdk.Event$APIRequestGetRoles, DEFAULT)" : {
      "startLine" : 1604,
      "endLine" : 1604,
      "startCol" : 7,
      "endCol" : 45
    },
    "Stmt(RETURN, 45, com.facebook.ads.sdk.Event$APIRequestGetRoles, NON_DEFAULT)" : {
      "startLine" : 1604,
      "endLine" : 1604,
      "startCol" : 7,
      "endCol" : 45
    },
    "Stmt(EXPRESSION, 46, com.facebook.ads.sdk.Event$APIRequestGetRoles, DEFAULT)" : {
      "startLine" : 1607,
      "endLine" : 1607,
      "startCol" : 7,
      "endCol" : 44
    },
    "Stmt(RETURN, 47, com.facebook.ads.sdk.Event$APIRequestGetRoles, DEFAULT)" : {
      "startLine" : 1608,
      "endLine" : 1608,
      "startCol" : 7,
      "endCol" : 18
    },
    "Stmt(RETURN, 47, com.facebook.ads.sdk.Event$APIRequestGetRoles, NON_DEFAULT)" : {
      "startLine" : 1608,
      "endLine" : 1608,
      "startCol" : 7,
      "endCol" : 18
    },
    "Stmt(RETURN, 48, com.facebook.ads.sdk.Event$APIRequestGetRoles, DEFAULT)" : {
      "startLine" : 1611,
      "endLine" : 1611,
      "startCol" : 7,
      "endCol" : 45
    },
    "Stmt(RETURN, 48, com.facebook.ads.sdk.Event$APIRequestGetRoles, NON_DEFAULT)" : {
      "startLine" : 1611,
      "endLine" : 1611,
      "startCol" : 7,
      "endCol" : 45
    },
    "Stmt(EXPRESSION, 49, com.facebook.ads.sdk.Event$APIRequestGetRoles, DEFAULT)" : {
      "startLine" : 1614,
      "endLine" : 1614,
      "startCol" : 7,
      "endCol" : 44
    },
    "Stmt(RETURN, 50, com.facebook.ads.sdk.Event$APIRequestGetRoles, DEFAULT)" : {
      "startLine" : 1615,
      "endLine" : 1615,
      "startCol" : 7,
      "endCol" : 18
    },
    "Stmt(RETURN, 50, com.facebook.ads.sdk.Event$APIRequestGetRoles, NON_DEFAULT)" : {
      "startLine" : 1615,
      "endLine" : 1615,
      "startCol" : 7,
      "endCol" : 18
    },
    "Stmt(RETURN, 51, com.facebook.ads.sdk.Event$APIRequestGetRoles, DEFAULT)" : {
      "startLine" : 1618,
      "endLine" : 1618,
      "startCol" : 7,
      "endCol" : 46
    },
    "Stmt(RETURN, 51, com.facebook.ads.sdk.Event$APIRequestGetRoles, NON_DEFAULT)" : {
      "startLine" : 1618,
      "endLine" : 1618,
      "startCol" : 7,
      "endCol" : 46
    },
    "Stmt(EXPRESSION, 52, com.facebook.ads.sdk.Event$APIRequestGetRoles, DEFAULT)" : {
      "startLine" : 1621,
      "endLine" : 1621,
      "startCol" : 7,
      "endCol" : 45
    },
    "Stmt(RETURN, 53, com.facebook.ads.sdk.Event$APIRequestGetRoles, DEFAULT)" : {
      "startLine" : 1622,
      "endLine" : 1622,
      "startCol" : 7,
      "endCol" : 18
    },
    "Stmt(RETURN, 53, com.facebook.ads.sdk.Event$APIRequestGetRoles, NON_DEFAULT)" : {
      "startLine" : 1622,
      "endLine" : 1622,
      "startCol" : 7,
      "endCol" : 18
    },
    "Stmt(RETURN, 54, com.facebook.ads.sdk.Event$APIRequestGetRoles, DEFAULT)" : {
      "startLine" : 1625,
      "endLine" : 1625,
      "startCol" : 7,
      "endCol" : 48
    },
    "Stmt(RETURN, 54, com.facebook.ads.sdk.Event$APIRequestGetRoles, NON_DEFAULT)" : {
      "startLine" : 1625,
      "endLine" : 1625,
      "startCol" : 7,
      "endCol" : 48
    },
    "Stmt(EXPRESSION, 55, com.facebook.ads.sdk.Event$APIRequestGetRoles, DEFAULT)" : {
      "startLine" : 1628,
      "endLine" : 1628,
      "startCol" : 7,
      "endCol" : 47
    },
    "Stmt(RETURN, 56, com.facebook.ads.sdk.Event$APIRequestGetRoles, DEFAULT)" : {
      "startLine" : 1629,
      "endLine" : 1629,
      "startCol" : 7,
      "endCol" : 18
    },
    "Stmt(RETURN, 56, com.facebook.ads.sdk.Event$APIRequestGetRoles, NON_DEFAULT)" : {
      "startLine" : 1629,
      "endLine" : 1629,
      "startCol" : 7,
      "endCol" : 18
    },
    "Stmt(RETURN, 57, com.facebook.ads.sdk.Event$APIRequestGetRoles, DEFAULT)" : {
      "startLine" : 1632,
      "endLine" : 1632,
      "startCol" : 7,
      "endCol" : 45
    },
    "Stmt(RETURN, 57, com.facebook.ads.sdk.Event$APIRequestGetRoles, NON_DEFAULT)" : {
      "startLine" : 1632,
      "endLine" : 1632,
      "startCol" : 7,
      "endCol" : 45
    },
    "Stmt(EXPRESSION, 58, com.facebook.ads.sdk.Event$APIRequestGetRoles, DEFAULT)" : {
      "startLine" : 1635,
      "endLine" : 1635,
      "startCol" : 7,
      "endCol" : 43
    },
    "Stmt(RETURN, 59, com.facebook.ads.sdk.Event$APIRequestGetRoles, DEFAULT)" : {
      "startLine" : 1636,
      "endLine" : 1636,
      "startCol" : 7,
      "endCol" : 18
    },
    "Stmt(RETURN, 59, com.facebook.ads.sdk.Event$APIRequestGetRoles, NON_DEFAULT)" : {
      "startLine" : 1636,
      "endLine" : 1636,
      "startCol" : 7,
      "endCol" : 18
    }
  }
}