{
  "fileName" : "src/main/java/com/facebook/ads/sdk/Event.java",
  "packageName" : "com.facebook.ads.sdk",
  "className" : "Event$APIRequestGetPosts",
  "coverageElementPositions" : {
    "Stmt(RETURN, 0, com.facebook.ads.sdk.Event$APIRequestGetPosts, DEFAULT)" : {
      "startLine" : 1347,
      "endLine" : 1347,
      "startCol" : 7,
      "endCol" : 26
    },
    "Stmt(RETURN, 0, com.facebook.ads.sdk.Event$APIRequestGetPosts, NON_DEFAULT)" : {
      "startLine" : 1347,
      "endLine" : 1347,
      "startCol" : 7,
      "endCol" : 26
    },
    "Stmt(RETURN, 1, com.facebook.ads.sdk.Event$APIRequestGetPosts, DEFAULT)" : {
      "startLine" : 1357,
      "endLine" : 1357,
      "startCol" : 7,
      "endCol" : 74
    },
    "Stmt(RETURN, 1, com.facebook.ads.sdk.Event$APIRequestGetPosts, NON_DEFAULT)" : {
      "startLine" : 1357,
      "endLine" : 1357,
      "startCol" : 7,
      "endCol" : 74
    },
    "Stmt(RETURN, 2, com.facebook.ads.sdk.Event$APIRequestGetPosts, DEFAULT)" : {
      "startLine" : 1362,
      "endLine" : 1362,
      "startCol" : 7,
      "endCol" : 52
    },
    "Stmt(RETURN, 2, com.facebook.ads.sdk.Event$APIRequestGetPosts, NON_DEFAULT)" : {
      "startLine" : 1362,
      "endLine" : 1362,
      "startCol" : 7,
      "endCol" : 52
    },
    "Stmt(EXPRESSION, 3, com.facebook.ads.sdk.Event$APIRequestGetPosts, DEFAULT)" : {
      "startLine" : 1368,
      "endLine" : 1368,
      "startCol" : 7,
      "endCol" : 64
    },
    "Stmt(RETURN, 4, com.facebook.ads.sdk.Event$APIRequestGetPosts, DEFAULT)" : {
      "startLine" : 1369,
      "endLine" : 1369,
      "startCol" : 7,
      "endCol" : 26
    },
    "Stmt(RETURN, 4, com.facebook.ads.sdk.Event$APIRequestGetPosts, NON_DEFAULT)" : {
      "startLine" : 1369,
      "endLine" : 1369,
      "startCol" : 7,
      "endCol" : 26
    },
    "Stmt(VARIABLE_DECLARATION, 5, com.facebook.ads.sdk.Event$APIRequestGetPosts, DEFAULT)" : {
      "startLine" : 1367,
      "endLine" : 1367,
      "startCol" : 23,
      "endCol" : 55
    },
    "Stmt(RETURN, 6, com.facebook.ads.sdk.Event$APIRequestGetPosts, DEFAULT)" : {
      "startLine" : 1373,
      "endLine" : 1373,
      "startCol" : 7,
      "endCol" : 57
    },
    "Stmt(RETURN, 6, com.facebook.ads.sdk.Event$APIRequestGetPosts, NON_DEFAULT)" : {
      "startLine" : 1373,
      "endLine" : 1373,
      "startCol" : 7,
      "endCol" : 57
    },
    "Stmt(TRY, 7, com.facebook.ads.sdk.Event$APIRequestGetPosts, DEFAULT)" : {
      "startLine" : 1381,
      "endLine" : 1385,
      "startCol" : 14,
      "endCol" : 14
    },
    "Stmt(THROW, 8, com.facebook.ads.sdk.Event$APIRequestGetPosts, DEFAULT)" : {
      "startLine" : 1384,
      "endLine" : 1384,
      "startCol" : 16,
      "endCol" : 45
    },
    "Stmt(RETURN, 9, com.facebook.ads.sdk.Event$APIRequestGetPosts, DEFAULT)" : {
      "startLine" : 1382,
      "endLine" : 1382,
      "startCol" : 16,
      "endCol" : 98
    },
    "Stmt(RETURN, 9, com.facebook.ads.sdk.Event$APIRequestGetPosts, NON_DEFAULT)" : {
      "startLine" : 1382,
      "endLine" : 1382,
      "startCol" : 16,
      "endCol" : 98
    },
    "Stmt(INNER_CLASS_RETURN, 10, com.facebook.ads.sdk.Event$APIRequestGetPosts, DEFAULT)" : {
      "startLine" : 1377,
      "endLine" : 1389,
      "startCol" : 7,
      "endCol" : 8
    },
    "Stmt(EXPRESSION, 11, com.facebook.ads.sdk.Event$APIRequestGetPosts, DEFAULT)" : {
      "startLine" : 1398,
      "endLine" : 1398,
      "startCol" : 7,
      "endCol" : 37
    },
    "Stmt(RETURN, 12, com.facebook.ads.sdk.Event$APIRequestGetPosts, DEFAULT)" : {
      "startLine" : 1399,
      "endLine" : 1399,
      "startCol" : 7,
      "endCol" : 18
    },
    "Stmt(RETURN, 12, com.facebook.ads.sdk.Event$APIRequestGetPosts, NON_DEFAULT)" : {
      "startLine" : 1399,
      "endLine" : 1399,
      "startCol" : 7,
      "endCol" : 18
    },
    "Stmt(EXPRESSION, 13, com.facebook.ads.sdk.Event$APIRequestGetPosts, DEFAULT)" : {
      "startLine" : 1404,
      "endLine" : 1404,
      "startCol" : 7,
      "endCol" : 32
    },
    "Stmt(RETURN, 14, com.facebook.ads.sdk.Event$APIRequestGetPosts, DEFAULT)" : {
      "startLine" : 1405,
      "endLine" : 1405,
      "startCol" : 7,
      "endCol" : 18
    },
    "Stmt(RETURN, 14, com.facebook.ads.sdk.Event$APIRequestGetPosts, NON_DEFAULT)" : {
      "startLine" : 1405,
      "endLine" : 1405,
      "startCol" : 7,
      "endCol" : 18
    },
    "Stmt(RETURN, 15, com.facebook.ads.sdk.Event$APIRequestGetPosts, DEFAULT)" : {
      "startLine" : 1410,
      "endLine" : 1410,
      "startCol" : 7,
      "endCol" : 41
    },
    "Stmt(RETURN, 15, com.facebook.ads.sdk.Event$APIRequestGetPosts, NON_DEFAULT)" : {
      "startLine" : 1410,
      "endLine" : 1410,
      "startCol" : 7,
      "endCol" : 41
    },
    "Stmt(FOR_EACH, 16, com.facebook.ads.sdk.Event$APIRequestGetPosts, DEFAULT)" : {
      "startLine" : 1414,
      "endLine" : 1416,
      "startCol" : 7,
      "endCol" : 7
    },
    "Stmt(EXPRESSION, 17, com.facebook.ads.sdk.Event$APIRequestGetPosts, DEFAULT)" : {
      "startLine" : 1415,
      "endLine" : 1415,
      "startCol" : 9,
      "endCol" : 40
    },
    "Stmt(RETURN, 18, com.facebook.ads.sdk.Event$APIRequestGetPosts, DEFAULT)" : {
      "startLine" : 1417,
      "endLine" : 1417,
      "startCol" : 7,
      "endCol" : 18
    },
    "Stmt(RETURN, 18, com.facebook.ads.sdk.Event$APIRequestGetPosts, NON_DEFAULT)" : {
      "startLine" : 1417,
      "endLine" : 1417,
      "startCol" : 7,
      "endCol" : 18
    },
    "Stmt(RETURN, 19, com.facebook.ads.sdk.Event$APIRequestGetPosts, DEFAULT)" : {
      "startLine" : 1422,
      "endLine" : 1422,
      "startCol" : 7,
      "endCol" : 46
    },
    "Stmt(RETURN, 19, com.facebook.ads.sdk.Event$APIRequestGetPosts, NON_DEFAULT)" : {
      "startLine" : 1422,
      "endLine" : 1422,
      "startCol" : 7,
      "endCol" : 46
    },
    "Stmt(FOR_EACH, 20, com.facebook.ads.sdk.Event$APIRequestGetPosts, DEFAULT)" : {
      "startLine" : 1427,
      "endLine" : 1429,
      "startCol" : 7,
      "endCol" : 7
    },
    "Stmt(EXPRESSION, 21, com.facebook.ads.sdk.Event$APIRequestGetPosts, DEFAULT)" : {
      "startLine" : 1428,
      "endLine" : 1428,
      "startCol" : 9,
      "endCol" : 40
    },
    "Stmt(RETURN, 22, com.facebook.ads.sdk.Event$APIRequestGetPosts, DEFAULT)" : {
      "startLine" : 1430,
      "endLine" : 1430,
      "startCol" : 7,
      "endCol" : 18
    },
    "Stmt(RETURN, 22, com.facebook.ads.sdk.Event$APIRequestGetPosts, NON_DEFAULT)" : {
      "startLine" : 1430,
      "endLine" : 1430,
      "startCol" : 7,
      "endCol" : 18
    },
    "Stmt(EXPRESSION, 23, com.facebook.ads.sdk.Event$APIRequestGetPosts, DEFAULT)" : {
      "startLine" : 1435,
      "endLine" : 1435,
      "startCol" : 7,
      "endCol" : 37
    },
    "Stmt(RETURN, 24, com.facebook.ads.sdk.Event$APIRequestGetPosts, DEFAULT)" : {
      "startLine" : 1436,
      "endLine" : 1436,
      "startCol" : 7,
      "endCol" : 18
    },
    "Stmt(RETURN, 24, com.facebook.ads.sdk.Event$APIRequestGetPosts, NON_DEFAULT)" : {
      "startLine" : 1436,
      "endLine" : 1436,
      "startCol" : 7,
      "endCol" : 18
    },
    "Stmt(EXPRESSION, 25, com.facebook.ads.sdk.Event$APIRequestGetPosts, DEFAULT)" : {
      "startLine" : 1441,
      "endLine" : 1441,
      "startCol" : 7,
      "endCol" : 46
    },
    "Stmt(RETURN, 26, com.facebook.ads.sdk.Event$APIRequestGetPosts, DEFAULT)" : {
      "startLine" : 1442,
      "endLine" : 1442,
      "startCol" : 7,
      "endCol" : 18
    },
    "Stmt(RETURN, 26, com.facebook.ads.sdk.Event$APIRequestGetPosts, NON_DEFAULT)" : {
      "startLine" : 1442,
      "endLine" : 1442,
      "startCol" : 7,
      "endCol" : 18
    }
  }
}