{
  "fileName" : "src/main/java/com/facebook/ads/sdk/Event.java",
  "packageName" : "com.facebook.ads.sdk",
  "className" : "Event$APIRequestGetPicture",
  "coverageElementPositions" : {
    "Stmt(RETURN, 0, com.facebook.ads.sdk.Event$APIRequestGetPicture, DEFAULT)" : {
      "startLine" : 1242,
      "endLine" : 1242,
      "startCol" : 7,
      "endCol" : 26
    },
    "Stmt(RETURN, 0, com.facebook.ads.sdk.Event$APIRequestGetPicture, NON_DEFAULT)" : {
      "startLine" : 1242,
      "endLine" : 1242,
      "startCol" : 7,
      "endCol" : 26
    },
    "Stmt(RETURN, 1, com.facebook.ads.sdk.Event$APIRequestGetPicture, DEFAULT)" : {
      "startLine" : 1252,
      "endLine" : 1252,
      "startCol" : 7,
      "endCol" : 74
    },
    "Stmt(RETURN, 1, com.facebook.ads.sdk.Event$APIRequestGetPicture, NON_DEFAULT)" : {
      "startLine" : 1252,
      "endLine" : 1252,
      "startCol" : 7,
      "endCol" : 74
    },
    "Stmt(RETURN, 2, com.facebook.ads.sdk.Event$APIRequestGetPicture, DEFAULT)" : {
      "startLine" : 1257,
      "endLine" : 1257,
      "startCol" : 7,
      "endCol" : 52
    },
    "Stmt(RETURN, 2, com.facebook.ads.sdk.Event$APIRequestGetPicture, NON_DEFAULT)" : {
      "startLine" : 1257,
      "endLine" : 1257,
      "startCol" : 7,
      "endCol" : 52
    },
    "Stmt(EXPRESSION, 3, com.facebook.ads.sdk.Event$APIRequestGetPicture, DEFAULT)" : {
      "startLine" : 1263,
      "endLine" : 1263,
      "startCol" : 7,
      "endCol" : 64
    },
    "Stmt(RETURN, 4, com.facebook.ads.sdk.Event$APIRequestGetPicture, DEFAULT)" : {
      "startLine" : 1264,
      "endLine" : 1264,
      "startCol" : 7,
      "endCol" : 26
    },
    "Stmt(RETURN, 4, com.facebook.ads.sdk.Event$APIRequestGetPicture, NON_DEFAULT)" : {
      "startLine" : 1264,
      "endLine" : 1264,
      "startCol" : 7,
      "endCol" : 26
    },
    "Stmt(VARIABLE_DECLARATION, 5, com.facebook.ads.sdk.Event$APIRequestGetPicture, DEFAULT)" : {
      "startLine" : 1262,
      "endLine" : 1262,
      "startCol" : 23,
      "endCol" : 55
    },
    "Stmt(RETURN, 6, com.facebook.ads.sdk.Event$APIRequestGetPicture, DEFAULT)" : {
      "startLine" : 1268,
      "endLine" : 1268,
      "startCol" : 7,
      "endCol" : 57
    },
    "Stmt(RETURN, 6, com.facebook.ads.sdk.Event$APIRequestGetPicture, NON_DEFAULT)" : {
      "startLine" : 1268,
      "endLine" : 1268,
      "startCol" : 7,
      "endCol" : 57
    },
    "Stmt(TRY, 7, com.facebook.ads.sdk.Event$APIRequestGetPicture, DEFAULT)" : {
      "startLine" : 1276,
      "endLine" : 1280,
      "startCol" : 14,
      "endCol" : 14
    },
    "Stmt(THROW, 8, com.facebook.ads.sdk.Event$APIRequestGetPicture, DEFAULT)" : {
      "startLine" : 1279,
      "endLine" : 1279,
      "startCol" : 16,
      "endCol" : 45
    },
    "Stmt(RETURN, 9, com.facebook.ads.sdk.Event$APIRequestGetPicture, DEFAULT)" : {
      "startLine" : 1277,
      "endLine" : 1277,
      "startCol" : 16,
      "endCol" : 100
    },
    "Stmt(RETURN, 9, com.facebook.ads.sdk.Event$APIRequestGetPicture, NON_DEFAULT)" : {
      "startLine" : 1277,
      "endLine" : 1277,
      "startCol" : 16,
      "endCol" : 100
    },
    "Stmt(INNER_CLASS_RETURN, 10, com.facebook.ads.sdk.Event$APIRequestGetPicture, DEFAULT)" : {
      "startLine" : 1272,
      "endLine" : 1284,
      "startCol" : 7,
      "endCol" : 8
    },
    "Stmt(EXPRESSION, 11, com.facebook.ads.sdk.Event$APIRequestGetPicture, DEFAULT)" : {
      "startLine" : 1293,
      "endLine" : 1293,
      "startCol" : 7,
      "endCol" : 37
    },
    "Stmt(RETURN, 12, com.facebook.ads.sdk.Event$APIRequestGetPicture, DEFAULT)" : {
      "startLine" : 1294,
      "endLine" : 1294,
      "startCol" : 7,
      "endCol" : 18
    },
    "Stmt(RETURN, 12, com.facebook.ads.sdk.Event$APIRequestGetPicture, NON_DEFAULT)" : {
      "startLine" : 1294,
      "endLine" : 1294,
      "startCol" : 7,
      "endCol" : 18
    },
    "Stmt(EXPRESSION, 13, com.facebook.ads.sdk.Event$APIRequestGetPicture, DEFAULT)" : {
      "startLine" : 1299,
      "endLine" : 1299,
      "startCol" : 7,
      "endCol" : 32
    },
    "Stmt(RETURN, 14, com.facebook.ads.sdk.Event$APIRequestGetPicture, DEFAULT)" : {
      "startLine" : 1300,
      "endLine" : 1300,
      "startCol" : 7,
      "endCol" : 18
    },
    "Stmt(RETURN, 14, com.facebook.ads.sdk.Event$APIRequestGetPicture, NON_DEFAULT)" : {
      "startLine" : 1300,
      "endLine" : 1300,
      "startCol" : 7,
      "endCol" : 18
    },
    "Stmt(RETURN, 15, com.facebook.ads.sdk.Event$APIRequestGetPicture, DEFAULT)" : {
      "startLine" : 1305,
      "endLine" : 1305,
      "startCol" : 7,
      "endCol" : 41
    },
    "Stmt(RETURN, 15, com.facebook.ads.sdk.Event$APIRequestGetPicture, NON_DEFAULT)" : {
      "startLine" : 1305,
      "endLine" : 1305,
      "startCol" : 7,
      "endCol" : 41
    },
    "Stmt(FOR_EACH, 16, com.facebook.ads.sdk.Event$APIRequestGetPicture, DEFAULT)" : {
      "startLine" : 1309,
      "endLine" : 1311,
      "startCol" : 7,
      "endCol" : 7
    },
    "Stmt(EXPRESSION, 17, com.facebook.ads.sdk.Event$APIRequestGetPicture, DEFAULT)" : {
      "startLine" : 1310,
      "endLine" : 1310,
      "startCol" : 9,
      "endCol" : 40
    },
    "Stmt(RETURN, 18, com.facebook.ads.sdk.Event$APIRequestGetPicture, DEFAULT)" : {
      "startLine" : 1312,
      "endLine" : 1312,
      "startCol" : 7,
      "endCol" : 18
    },
    "Stmt(RETURN, 18, com.facebook.ads.sdk.Event$APIRequestGetPicture, NON_DEFAULT)" : {
      "startLine" : 1312,
      "endLine" : 1312,
      "startCol" : 7,
      "endCol" : 18
    },
    "Stmt(RETURN, 19, com.facebook.ads.sdk.Event$APIRequestGetPicture, DEFAULT)" : {
      "startLine" : 1317,
      "endLine" : 1317,
      "startCol" : 7,
      "endCol" : 46
    },
    "Stmt(RETURN, 19, com.facebook.ads.sdk.Event$APIRequestGetPicture, NON_DEFAULT)" : {
      "startLine" : 1317,
      "endLine" : 1317,
      "startCol" : 7,
      "endCol" : 46
    },
    "Stmt(FOR_EACH, 20, com.facebook.ads.sdk.Event$APIRequestGetPicture, DEFAULT)" : {
      "startLine" : 1322,
      "endLine" : 1324,
      "startCol" : 7,
      "endCol" : 7
    },
    "Stmt(EXPRESSION, 21, com.facebook.ads.sdk.Event$APIRequestGetPicture, DEFAULT)" : {
      "startLine" : 1323,
      "endLine" : 1323,
      "startCol" : 9,
      "endCol" : 40
    },
    "Stmt(RETURN, 22, com.facebook.ads.sdk.Event$APIRequestGetPicture, DEFAULT)" : {
      "startLine" : 1325,
      "endLine" : 1325,
      "startCol" : 7,
      "endCol" : 18
    },
    "Stmt(RETURN, 22, com.facebook.ads.sdk.Event$APIRequestGetPicture, NON_DEFAULT)" : {
      "startLine" : 1325,
      "endLine" : 1325,
      "startCol" : 7,
      "endCol" : 18
    },
    "Stmt(EXPRESSION, 23, com.facebook.ads.sdk.Event$APIRequestGetPicture, DEFAULT)" : {
      "startLine" : 1330,
      "endLine" : 1330,
      "startCol" : 7,
      "endCol" : 37
    },
    "Stmt(RETURN, 24, com.facebook.ads.sdk.Event$APIRequestGetPicture, DEFAULT)" : {
      "startLine" : 1331,
      "endLine" : 1331,
      "startCol" : 7,
      "endCol" : 18
    },
    "Stmt(RETURN, 24, com.facebook.ads.sdk.Event$APIRequestGetPicture, NON_DEFAULT)" : {
      "startLine" : 1331,
      "endLine" : 1331,
      "startCol" : 7,
      "endCol" : 18
    },
    "Stmt(EXPRESSION, 25, com.facebook.ads.sdk.Event$APIRequestGetPicture, DEFAULT)" : {
      "startLine" : 1336,
      "endLine" : 1336,
      "startCol" : 7,
      "endCol" : 46
    },
    "Stmt(RETURN, 26, com.facebook.ads.sdk.Event$APIRequestGetPicture, DEFAULT)" : {
      "startLine" : 1337,
      "endLine" : 1337,
      "startCol" : 7,
      "endCol" : 18
    },
    "Stmt(RETURN, 26, com.facebook.ads.sdk.Event$APIRequestGetPicture, NON_DEFAULT)" : {
      "startLine" : 1337,
      "endLine" : 1337,
      "startCol" : 7,
      "endCol" : 18
    }
  }
}