{
  "fileName" : "src/main/java/com/facebook/ads/sdk/Event.java",
  "packageName" : "com.facebook.ads.sdk",
  "className" : "Event$APIRequestCreateLiveVideo",
  "coverageElementPositions" : {
    "Stmt(RETURN, 0, com.facebook.ads.sdk.Event$APIRequestCreateLiveVideo, DEFAULT)" : {
      "startLine" : 848,
      "endLine" : 848,
      "startCol" : 7,
      "endCol" : 26
    },
    "Stmt(RETURN, 0, com.facebook.ads.sdk.Event$APIRequestCreateLiveVideo, NON_DEFAULT)" : {
      "startLine" : 848,
      "endLine" : 848,
      "startCol" : 7,
      "endCol" : 26
    },
    "Stmt(RETURN, 1, com.facebook.ads.sdk.Event$APIRequestCreateLiveVideo, DEFAULT)" : {
      "startLine" : 878,
      "endLine" : 878,
      "startCol" : 7,
      "endCol" : 82
    },
    "Stmt(RETURN, 1, com.facebook.ads.sdk.Event$APIRequestCreateLiveVideo, NON_DEFAULT)" : {
      "startLine" : 878,
      "endLine" : 878,
      "startCol" : 7,
      "endCol" : 82
    },
    "Stmt(RETURN, 2, com.facebook.ads.sdk.Event$APIRequestCreateLiveVideo, DEFAULT)" : {
      "startLine" : 883,
      "endLine" : 883,
      "startCol" : 7,
      "endCol" : 52
    },
    "Stmt(RETURN, 2, com.facebook.ads.sdk.Event$APIRequestCreateLiveVideo, NON_DEFAULT)" : {
      "startLine" : 883,
      "endLine" : 883,
      "startCol" : 7,
      "endCol" : 52
    },
    "Stmt(EXPRESSION, 3, com.facebook.ads.sdk.Event$APIRequestCreateLiveVideo, DEFAULT)" : {
      "startLine" : 889,
      "endLine" : 889,
      "startCol" : 7,
      "endCol" : 65
    },
    "Stmt(RETURN, 4, com.facebook.ads.sdk.Event$APIRequestCreateLiveVideo, DEFAULT)" : {
      "startLine" : 890,
      "endLine" : 890,
      "startCol" : 7,
      "endCol" : 26
    },
    "Stmt(RETURN, 4, com.facebook.ads.sdk.Event$APIRequestCreateLiveVideo, NON_DEFAULT)" : {
      "startLine" : 890,
      "endLine" : 890,
      "startCol" : 7,
      "endCol" : 26
    },
    "Stmt(VARIABLE_DECLARATION, 5, com.facebook.ads.sdk.Event$APIRequestCreateLiveVideo, DEFAULT)" : {
      "startLine" : 888,
      "endLine" : 888,
      "startCol" : 23,
      "endCol" : 55
    },
    "Stmt(RETURN, 6, com.facebook.ads.sdk.Event$APIRequestCreateLiveVideo, DEFAULT)" : {
      "startLine" : 894,
      "endLine" : 894,
      "startCol" : 7,
      "endCol" : 57
    },
    "Stmt(RETURN, 6, com.facebook.ads.sdk.Event$APIRequestCreateLiveVideo, NON_DEFAULT)" : {
      "startLine" : 894,
      "endLine" : 894,
      "startCol" : 7,
      "endCol" : 57
    },
    "Stmt(TRY, 7, com.facebook.ads.sdk.Event$APIRequestCreateLiveVideo, DEFAULT)" : {
      "startLine" : 902,
      "endLine" : 906,
      "startCol" : 14,
      "endCol" : 14
    },
    "Stmt(THROW, 8, com.facebook.ads.sdk.Event$APIRequestCreateLiveVideo, DEFAULT)" : {
      "startLine" : 905,
      "endLine" : 905,
      "startCol" : 16,
      "endCol" : 45
    },
    "Stmt(RETURN, 9, com.facebook.ads.sdk.Event$APIRequestCreateLiveVideo, DEFAULT)" : {
      "startLine" : 903,
      "endLine" : 903,
      "startCol" : 16,
      "endCol" : 105
    },
    "Stmt(RETURN, 9, com.facebook.ads.sdk.Event$APIRequestCreateLiveVideo, NON_DEFAULT)" : {
      "startLine" : 903,
      "endLine" : 903,
      "startCol" : 16,
      "endCol" : 105
    },
    "Stmt(INNER_CLASS_RETURN, 10, com.facebook.ads.sdk.Event$APIRequestCreateLiveVideo, DEFAULT)" : {
      "startLine" : 898,
      "endLine" : 910,
      "startCol" : 7,
      "endCol" : 8
    },
    "Stmt(EXPRESSION, 11, com.facebook.ads.sdk.Event$APIRequestCreateLiveVideo, DEFAULT)" : {
      "startLine" : 919,
      "endLine" : 919,
      "startCol" : 7,
      "endCol" : 37
    },
    "Stmt(RETURN, 12, com.facebook.ads.sdk.Event$APIRequestCreateLiveVideo, DEFAULT)" : {
      "startLine" : 920,
      "endLine" : 920,
      "startCol" : 7,
      "endCol" : 18
    },
    "Stmt(RETURN, 12, com.facebook.ads.sdk.Event$APIRequestCreateLiveVideo, NON_DEFAULT)" : {
      "startLine" : 920,
      "endLine" : 920,
      "startCol" : 7,
      "endCol" : 18
    },
    "Stmt(EXPRESSION, 13, com.facebook.ads.sdk.Event$APIRequestCreateLiveVideo, DEFAULT)" : {
      "startLine" : 925,
      "endLine" : 925,
      "startCol" : 7,
      "endCol" : 32
    },
    "Stmt(RETURN, 14, com.facebook.ads.sdk.Event$APIRequestCreateLiveVideo, DEFAULT)" : {
      "startLine" : 926,
      "endLine" : 926,
      "startCol" : 7,
      "endCol" : 18
    },
    "Stmt(RETURN, 14, com.facebook.ads.sdk.Event$APIRequestCreateLiveVideo, NON_DEFAULT)" : {
      "startLine" : 926,
      "endLine" : 926,
      "startCol" : 7,
      "endCol" : 18
    },
    "Stmt(EXPRESSION, 15, com.facebook.ads.sdk.Event$APIRequestCreateLiveVideo, DEFAULT)" : {
      "startLine" : 931,
      "endLine" : 931,
      "startCol" : 7,
      "endCol" : 49
    },
    "Stmt(RETURN, 16, com.facebook.ads.sdk.Event$APIRequestCreateLiveVideo, DEFAULT)" : {
      "startLine" : 932,
      "endLine" : 932,
      "startCol" : 7,
      "endCol" : 18
    },
    "Stmt(RETURN, 16, com.facebook.ads.sdk.Event$APIRequestCreateLiveVideo, NON_DEFAULT)" : {
      "startLine" : 932,
      "endLine" : 932,
      "startCol" : 7,
      "endCol" : 18
    },
    "Stmt(EXPRESSION, 17, com.facebook.ads.sdk.Event$APIRequestCreateLiveVideo, DEFAULT)" : {
      "startLine" : 935,
      "endLine" : 935,
      "startCol" : 7,
      "endCol" : 49
    },
    "Stmt(RETURN, 18, com.facebook.ads.sdk.Event$APIRequestCreateLiveVideo, DEFAULT)" : {
      "startLine" : 936,
      "endLine" : 936,
      "startCol" : 7,
      "endCol" : 18
    },
    "Stmt(RETURN, 18, com.facebook.ads.sdk.Event$APIRequestCreateLiveVideo, NON_DEFAULT)" : {
      "startLine" : 936,
      "endLine" : 936,
      "startCol" : 7,
      "endCol" : 18
    },
    "Stmt(EXPRESSION, 19, com.facebook.ads.sdk.Event$APIRequestCreateLiveVideo, DEFAULT)" : {
      "startLine" : 940,
      "endLine" : 940,
      "startCol" : 7,
      "endCol" : 48
    },
    "Stmt(RETURN, 20, com.facebook.ads.sdk.Event$APIRequestCreateLiveVideo, DEFAULT)" : {
      "startLine" : 941,
      "endLine" : 941,
      "startCol" : 7,
      "endCol" : 18
    },
    "Stmt(RETURN, 20, com.facebook.ads.sdk.Event$APIRequestCreateLiveVideo, NON_DEFAULT)" : {
      "startLine" : 941,
      "endLine" : 941,
      "startCol" : 7,
      "endCol" : 18
    },
    "Stmt(EXPRESSION, 21, com.facebook.ads.sdk.Event$APIRequestCreateLiveVideo, DEFAULT)" : {
      "startLine" : 945,
      "endLine" : 945,
      "startCol" : 7,
      "endCol" : 64
    },
    "Stmt(RETURN, 22, com.facebook.ads.sdk.Event$APIRequestCreateLiveVideo, DEFAULT)" : {
      "startLine" : 946,
      "endLine" : 946,
      "startCol" : 7,
      "endCol" : 18
    },
    "Stmt(RETURN, 22, com.facebook.ads.sdk.Event$APIRequestCreateLiveVideo, NON_DEFAULT)" : {
      "startLine" : 946,
      "endLine" : 946,
      "startCol" : 7,
      "endCol" : 18
    },
    "Stmt(EXPRESSION, 23, com.facebook.ads.sdk.Event$APIRequestCreateLiveVideo, DEFAULT)" : {
      "startLine" : 949,
      "endLine" : 949,
      "startCol" : 7,
      "endCol" : 64
    },
    "Stmt(RETURN, 24, com.facebook.ads.sdk.Event$APIRequestCreateLiveVideo, DEFAULT)" : {
      "startLine" : 950,
      "endLine" : 950,
      "startCol" : 7,
      "endCol" : 18
    },
    "Stmt(RETURN, 24, com.facebook.ads.sdk.Event$APIRequestCreateLiveVideo, NON_DEFAULT)" : {
      "startLine" : 950,
      "endLine" : 950,
      "startCol" : 7,
      "endCol" : 18
    },
    "Stmt(EXPRESSION, 25, com.facebook.ads.sdk.Event$APIRequestCreateLiveVideo, DEFAULT)" : {
      "startLine" : 954,
      "endLine" : 954,
      "startCol" : 7,
      "endCol" : 59
    },
    "Stmt(RETURN, 26, com.facebook.ads.sdk.Event$APIRequestCreateLiveVideo, DEFAULT)" : {
      "startLine" : 955,
      "endLine" : 955,
      "startCol" : 7,
      "endCol" : 18
    },
    "Stmt(RETURN, 26, com.facebook.ads.sdk.Event$APIRequestCreateLiveVideo, NON_DEFAULT)" : {
      "startLine" : 955,
      "endLine" : 955,
      "startCol" : 7,
      "endCol" : 18
    },
    "Stmt(EXPRESSION, 27, com.facebook.ads.sdk.Event$APIRequestCreateLiveVideo, DEFAULT)" : {
      "startLine" : 959,
      "endLine" : 959,
      "startCol" : 7,
      "endCol" : 49
    },
    "Stmt(RETURN, 28, com.facebook.ads.sdk.Event$APIRequestCreateLiveVideo, DEFAULT)" : {
      "startLine" : 960,
      "endLine" : 960,
      "startCol" : 7,
      "endCol" : 18
    },
    "Stmt(RETURN, 28, com.facebook.ads.sdk.Event$APIRequestCreateLiveVideo, NON_DEFAULT)" : {
      "startLine" : 960,
      "endLine" : 960,
      "startCol" : 7,
      "endCol" : 18
    },
    "Stmt(EXPRESSION, 29, com.facebook.ads.sdk.Event$APIRequestCreateLiveVideo, DEFAULT)" : {
      "startLine" : 963,
      "endLine" : 963,
      "startCol" : 7,
      "endCol" : 49
    },
    "Stmt(RETURN, 30, com.facebook.ads.sdk.Event$APIRequestCreateLiveVideo, DEFAULT)" : {
      "startLine" : 964,
      "endLine" : 964,
      "startCol" : 7,
      "endCol" : 18
    },
    "Stmt(RETURN, 30, com.facebook.ads.sdk.Event$APIRequestCreateLiveVideo, NON_DEFAULT)" : {
      "startLine" : 964,
      "endLine" : 964,
      "startCol" : 7,
      "endCol" : 18
    },
    "Stmt(EXPRESSION, 31, com.facebook.ads.sdk.Event$APIRequestCreateLiveVideo, DEFAULT)" : {
      "startLine" : 968,
      "endLine" : 968,
      "startCol" : 7,
      "endCol" : 66
    },
    "Stmt(RETURN, 32, com.facebook.ads.sdk.Event$APIRequestCreateLiveVideo, DEFAULT)" : {
      "startLine" : 969,
      "endLine" : 969,
      "startCol" : 7,
      "endCol" : 18
    },
    "Stmt(RETURN, 32, com.facebook.ads.sdk.Event$APIRequestCreateLiveVideo, NON_DEFAULT)" : {
      "startLine" : 969,
      "endLine" : 969,
      "startCol" : 7,
      "endCol" : 18
    },
    "Stmt(EXPRESSION, 33, com.facebook.ads.sdk.Event$APIRequestCreateLiveVideo, DEFAULT)" : {
      "startLine" : 972,
      "endLine" : 972,
      "startCol" : 7,
      "endCol" : 66
    },
    "Stmt(RETURN, 34, com.facebook.ads.sdk.Event$APIRequestCreateLiveVideo, DEFAULT)" : {
      "startLine" : 973,
      "endLine" : 973,
      "startCol" : 7,
      "endCol" : 18
    },
    "Stmt(RETURN, 34, com.facebook.ads.sdk.Event$APIRequestCreateLiveVideo, NON_DEFAULT)" : {
      "startLine" : 973,
      "endLine" : 973,
      "startCol" : 7,
      "endCol" : 18
    },
    "Stmt(EXPRESSION, 35, com.facebook.ads.sdk.Event$APIRequestCreateLiveVideo, DEFAULT)" : {
      "startLine" : 977,
      "endLine" : 977,
      "startCol" : 7,
      "endCol" : 56
    },
    "Stmt(RETURN, 36, com.facebook.ads.sdk.Event$APIRequestCreateLiveVideo, DEFAULT)" : {
      "startLine" : 978,
      "endLine" : 978,
      "startCol" : 7,
      "endCol" : 18
    },
    "Stmt(RETURN, 36, com.facebook.ads.sdk.Event$APIRequestCreateLiveVideo, NON_DEFAULT)" : {
      "startLine" : 978,
      "endLine" : 978,
      "startCol" : 7,
      "endCol" : 18
    },
    "Stmt(EXPRESSION, 37, com.facebook.ads.sdk.Event$APIRequestCreateLiveVideo, DEFAULT)" : {
      "startLine" : 981,
      "endLine" : 981,
      "startCol" : 7,
      "endCol" : 56
    },
    "Stmt(RETURN, 38, com.facebook.ads.sdk.Event$APIRequestCreateLiveVideo, DEFAULT)" : {
      "startLine" : 982,
      "endLine" : 982,
      "startCol" : 7,
      "endCol" : 18
    },
    "Stmt(RETURN, 38, com.facebook.ads.sdk.Event$APIRequestCreateLiveVideo, NON_DEFAULT)" : {
      "startLine" : 982,
      "endLine" : 982,
      "startCol" : 7,
      "endCol" : 18
    },
    "Stmt(EXPRESSION, 39, com.facebook.ads.sdk.Event$APIRequestCreateLiveVideo, DEFAULT)" : {
      "startLine" : 986,
      "endLine" : 986,
      "startCol" : 7,
      "endCol" : 50
    },
    "Stmt(RETURN, 40, com.facebook.ads.sdk.Event$APIRequestCreateLiveVideo, DEFAULT)" : {
      "startLine" : 987,
      "endLine" : 987,
      "startCol" : 7,
      "endCol" : 18
    },
    "Stmt(RETURN, 40, com.facebook.ads.sdk.Event$APIRequestCreateLiveVideo, NON_DEFAULT)" : {
      "startLine" : 987,
      "endLine" : 987,
      "startCol" : 7,
      "endCol" : 18
    },
    "Stmt(EXPRESSION, 41, com.facebook.ads.sdk.Event$APIRequestCreateLiveVideo, DEFAULT)" : {
      "startLine" : 990,
      "endLine" : 990,
      "startCol" : 7,
      "endCol" : 50
    },
    "Stmt(RETURN, 42, com.facebook.ads.sdk.Event$APIRequestCreateLiveVideo, DEFAULT)" : {
      "startLine" : 991,
      "endLine" : 991,
      "startCol" : 7,
      "endCol" : 18
    },
    "Stmt(RETURN, 42, com.facebook.ads.sdk.Event$APIRequestCreateLiveVideo, NON_DEFAULT)" : {
      "startLine" : 991,
      "endLine" : 991,
      "startCol" : 7,
      "endCol" : 18
    },
    "Stmt(EXPRESSION, 43, com.facebook.ads.sdk.Event$APIRequestCreateLiveVideo, DEFAULT)" : {
      "startLine" : 995,
      "endLine" : 995,
      "startCol" : 7,
      "endCol" : 49
    },
    "Stmt(RETURN, 44, com.facebook.ads.sdk.Event$APIRequestCreateLiveVideo, DEFAULT)" : {
      "startLine" : 996,
      "endLine" : 996,
      "startCol" : 7,
      "endCol" : 18
    },
    "Stmt(RETURN, 44, com.facebook.ads.sdk.Event$APIRequestCreateLiveVideo, NON_DEFAULT)" : {
      "startLine" : 996,
      "endLine" : 996,
      "startCol" : 7,
      "endCol" : 18
    },
    "Stmt(EXPRESSION, 45, com.facebook.ads.sdk.Event$APIRequestCreateLiveVideo, DEFAULT)" : {
      "startLine" : 999,
      "endLine" : 999,
      "startCol" : 7,
      "endCol" : 49
    },
    "Stmt(RETURN, 46, com.facebook.ads.sdk.Event$APIRequestCreateLiveVideo, DEFAULT)" : {
      "startLine" : 1000,
      "endLine" : 1000,
      "startCol" : 7,
      "endCol" : 18
    },
    "Stmt(RETURN, 46, com.facebook.ads.sdk.Event$APIRequestCreateLiveVideo, NON_DEFAULT)" : {
      "startLine" : 1000,
      "endLine" : 1000,
      "startCol" : 7,
      "endCol" : 18
    },
    "Stmt(EXPRESSION, 47, com.facebook.ads.sdk.Event$APIRequestCreateLiveVideo, DEFAULT)" : {
      "startLine" : 1004,
      "endLine" : 1004,
      "startCol" : 7,
      "endCol" : 49
    },
    "Stmt(RETURN, 48, com.facebook.ads.sdk.Event$APIRequestCreateLiveVideo, DEFAULT)" : {
      "startLine" : 1005,
      "endLine" : 1005,
      "startCol" : 7,
      "endCol" : 18
    },
    "Stmt(RETURN, 48, com.facebook.ads.sdk.Event$APIRequestCreateLiveVideo, NON_DEFAULT)" : {
      "startLine" : 1005,
      "endLine" : 1005,
      "startCol" : 7,
      "endCol" : 18
    },
    "Stmt(EXPRESSION, 49, com.facebook.ads.sdk.Event$APIRequestCreateLiveVideo, DEFAULT)" : {
      "startLine" : 1008,
      "endLine" : 1008,
      "startCol" : 7,
      "endCol" : 49
    },
    "Stmt(RETURN, 50, com.facebook.ads.sdk.Event$APIRequestCreateLiveVideo, DEFAULT)" : {
      "startLine" : 1009,
      "endLine" : 1009,
      "startCol" : 7,
      "endCol" : 18
    },
    "Stmt(RETURN, 50, com.facebook.ads.sdk.Event$APIRequestCreateLiveVideo, NON_DEFAULT)" : {
      "startLine" : 1009,
      "endLine" : 1009,
      "startCol" : 7,
      "endCol" : 18
    },
    "Stmt(EXPRESSION, 51, com.facebook.ads.sdk.Event$APIRequestCreateLiveVideo, DEFAULT)" : {
      "startLine" : 1013,
      "endLine" : 1013,
      "startCol" : 7,
      "endCol" : 40
    },
    "Stmt(RETURN, 52, com.facebook.ads.sdk.Event$APIRequestCreateLiveVideo, DEFAULT)" : {
      "startLine" : 1014,
      "endLine" : 1014,
      "startCol" : 7,
      "endCol" : 18
    },
    "Stmt(RETURN, 52, com.facebook.ads.sdk.Event$APIRequestCreateLiveVideo, NON_DEFAULT)" : {
      "startLine" : 1014,
      "endLine" : 1014,
      "startCol" : 7,
      "endCol" : 18
    },
    "Stmt(EXPRESSION, 53, com.facebook.ads.sdk.Event$APIRequestCreateLiveVideo, DEFAULT)" : {
      "startLine" : 1018,
      "endLine" : 1018,
      "startCol" : 7,
      "endCol" : 46
    },
    "Stmt(RETURN, 54, com.facebook.ads.sdk.Event$APIRequestCreateLiveVideo, DEFAULT)" : {
      "startLine" : 1019,
      "endLine" : 1019,
      "startCol" : 7,
      "endCol" : 18
    },
    "Stmt(RETURN, 54, com.facebook.ads.sdk.Event$APIRequestCreateLiveVideo, NON_DEFAULT)" : {
      "startLine" : 1019,
      "endLine" : 1019,
      "startCol" : 7,
      "endCol" : 18
    },
    "Stmt(EXPRESSION, 55, com.facebook.ads.sdk.Event$APIRequestCreateLiveVideo, DEFAULT)" : {
      "startLine" : 1022,
      "endLine" : 1022,
      "startCol" : 7,
      "endCol" : 46
    },
    "Stmt(RETURN, 56, com.facebook.ads.sdk.Event$APIRequestCreateLiveVideo, DEFAULT)" : {
      "startLine" : 1023,
      "endLine" : 1023,
      "startCol" : 7,
      "endCol" : 18
    },
    "Stmt(RETURN, 56, com.facebook.ads.sdk.Event$APIRequestCreateLiveVideo, NON_DEFAULT)" : {
      "startLine" : 1023,
      "endLine" : 1023,
      "startCol" : 7,
      "endCol" : 18
    },
    "Stmt(EXPRESSION, 57, com.facebook.ads.sdk.Event$APIRequestCreateLiveVideo, DEFAULT)" : {
      "startLine" : 1027,
      "endLine" : 1027,
      "startCol" : 7,
      "endCol" : 44
    },
    "Stmt(RETURN, 58, com.facebook.ads.sdk.Event$APIRequestCreateLiveVideo, DEFAULT)" : {
      "startLine" : 1028,
      "endLine" : 1028,
      "startCol" : 7,
      "endCol" : 18
    },
    "Stmt(RETURN, 58, com.facebook.ads.sdk.Event$APIRequestCreateLiveVideo, NON_DEFAULT)" : {
      "startLine" : 1028,
      "endLine" : 1028,
      "startCol" : 7,
      "endCol" : 18
    },
    "Stmt(EXPRESSION, 59, com.facebook.ads.sdk.Event$APIRequestCreateLiveVideo, DEFAULT)" : {
      "startLine" : 1031,
      "endLine" : 1031,
      "startCol" : 7,
      "endCol" : 44
    },
    "Stmt(RETURN, 60, com.facebook.ads.sdk.Event$APIRequestCreateLiveVideo, DEFAULT)" : {
      "startLine" : 1032,
      "endLine" : 1032,
      "startCol" : 7,
      "endCol" : 18
    },
    "Stmt(RETURN, 60, com.facebook.ads.sdk.Event$APIRequestCreateLiveVideo, NON_DEFAULT)" : {
      "startLine" : 1032,
      "endLine" : 1032,
      "startCol" : 7,
      "endCol" : 18
    },
    "Stmt(EXPRESSION, 61, com.facebook.ads.sdk.Event$APIRequestCreateLiveVideo, DEFAULT)" : {
      "startLine" : 1036,
      "endLine" : 1036,
      "startCol" : 7,
      "endCol" : 81
    },
    "Stmt(RETURN, 62, com.facebook.ads.sdk.Event$APIRequestCreateLiveVideo, DEFAULT)" : {
      "startLine" : 1037,
      "endLine" : 1037,
      "startCol" : 7,
      "endCol" : 18
    },
    "Stmt(RETURN, 62, com.facebook.ads.sdk.Event$APIRequestCreateLiveVideo, NON_DEFAULT)" : {
      "startLine" : 1037,
      "endLine" : 1037,
      "startCol" : 7,
      "endCol" : 18
    },
    "Stmt(EXPRESSION, 63, com.facebook.ads.sdk.Event$APIRequestCreateLiveVideo, DEFAULT)" : {
      "startLine" : 1040,
      "endLine" : 1040,
      "startCol" : 7,
      "endCol" : 81
    },
    "Stmt(RETURN, 64, com.facebook.ads.sdk.Event$APIRequestCreateLiveVideo, DEFAULT)" : {
      "startLine" : 1041,
      "endLine" : 1041,
      "startCol" : 7,
      "endCol" : 18
    },
    "Stmt(RETURN, 64, com.facebook.ads.sdk.Event$APIRequestCreateLiveVideo, NON_DEFAULT)" : {
      "startLine" : 1041,
      "endLine" : 1041,
      "startCol" : 7,
      "endCol" : 18
    },
    "Stmt(EXPRESSION, 65, com.facebook.ads.sdk.Event$APIRequestCreateLiveVideo, DEFAULT)" : {
      "startLine" : 1045,
      "endLine" : 1045,
      "startCol" : 7,
      "endCol" : 64
    },
    "Stmt(RETURN, 66, com.facebook.ads.sdk.Event$APIRequestCreateLiveVideo, DEFAULT)" : {
      "startLine" : 1046,
      "endLine" : 1046,
      "startCol" : 7,
      "endCol" : 18
    },
    "Stmt(RETURN, 66, com.facebook.ads.sdk.Event$APIRequestCreateLiveVideo, NON_DEFAULT)" : {
      "startLine" : 1046,
      "endLine" : 1046,
      "startCol" : 7,
      "endCol" : 18
    },
    "Stmt(EXPRESSION, 67, com.facebook.ads.sdk.Event$APIRequestCreateLiveVideo, DEFAULT)" : {
      "startLine" : 1049,
      "endLine" : 1049,
      "startCol" : 7,
      "endCol" : 64
    },
    "Stmt(RETURN, 68, com.facebook.ads.sdk.Event$APIRequestCreateLiveVideo, DEFAULT)" : {
      "startLine" : 1050,
      "endLine" : 1050,
      "startCol" : 7,
      "endCol" : 18
    },
    "Stmt(RETURN, 68, com.facebook.ads.sdk.Event$APIRequestCreateLiveVideo, NON_DEFAULT)" : {
      "startLine" : 1050,
      "endLine" : 1050,
      "startCol" : 7,
      "endCol" : 18
    },
    "Stmt(EXPRESSION, 69, com.facebook.ads.sdk.Event$APIRequestCreateLiveVideo, DEFAULT)" : {
      "startLine" : 1054,
      "endLine" : 1054,
      "startCol" : 7,
      "endCol" : 38
    },
    "Stmt(RETURN, 70, com.facebook.ads.sdk.Event$APIRequestCreateLiveVideo, DEFAULT)" : {
      "startLine" : 1055,
      "endLine" : 1055,
      "startCol" : 7,
      "endCol" : 18
    },
    "Stmt(RETURN, 70, com.facebook.ads.sdk.Event$APIRequestCreateLiveVideo, NON_DEFAULT)" : {
      "startLine" : 1055,
      "endLine" : 1055,
      "startCol" : 7,
      "endCol" : 18
    },
    "Stmt(EXPRESSION, 71, com.facebook.ads.sdk.Event$APIRequestCreateLiveVideo, DEFAULT)" : {
      "startLine" : 1058,
      "endLine" : 1058,
      "startCol" : 7,
      "endCol" : 38
    },
    "Stmt(RETURN, 72, com.facebook.ads.sdk.Event$APIRequestCreateLiveVideo, DEFAULT)" : {
      "startLine" : 1059,
      "endLine" : 1059,
      "startCol" : 7,
      "endCol" : 18
    },
    "Stmt(RETURN, 72, com.facebook.ads.sdk.Event$APIRequestCreateLiveVideo, NON_DEFAULT)" : {
      "startLine" : 1059,
      "endLine" : 1059,
      "startCol" : 7,
      "endCol" : 18
    },
    "Stmt(EXPRESSION, 73, com.facebook.ads.sdk.Event$APIRequestCreateLiveVideo, DEFAULT)" : {
      "startLine" : 1063,
      "endLine" : 1063,
      "startCol" : 7,
      "endCol" : 59
    },
    "Stmt(RETURN, 74, com.facebook.ads.sdk.Event$APIRequestCreateLiveVideo, DEFAULT)" : {
      "startLine" : 1064,
      "endLine" : 1064,
      "startCol" : 7,
      "endCol" : 18
    },
    "Stmt(RETURN, 74, com.facebook.ads.sdk.Event$APIRequestCreateLiveVideo, NON_DEFAULT)" : {
      "startLine" : 1064,
      "endLine" : 1064,
      "startCol" : 7,
      "endCol" : 18
    },
    "Stmt(EXPRESSION, 75, com.facebook.ads.sdk.Event$APIRequestCreateLiveVideo, DEFAULT)" : {
      "startLine" : 1067,
      "endLine" : 1067,
      "startCol" : 7,
      "endCol" : 59
    },
    "Stmt(RETURN, 76, com.facebook.ads.sdk.Event$APIRequestCreateLiveVideo, DEFAULT)" : {
      "startLine" : 1068,
      "endLine" : 1068,
      "startCol" : 7,
      "endCol" : 18
    },
    "Stmt(RETURN, 76, com.facebook.ads.sdk.Event$APIRequestCreateLiveVideo, NON_DEFAULT)" : {
      "startLine" : 1068,
      "endLine" : 1068,
      "startCol" : 7,
      "endCol" : 18
    },
    "Stmt(EXPRESSION, 77, com.facebook.ads.sdk.Event$APIRequestCreateLiveVideo, DEFAULT)" : {
      "startLine" : 1072,
      "endLine" : 1072,
      "startCol" : 7,
      "endCol" : 65
    },
    "Stmt(RETURN, 78, com.facebook.ads.sdk.Event$APIRequestCreateLiveVideo, DEFAULT)" : {
      "startLine" : 1073,
      "endLine" : 1073,
      "startCol" : 7,
      "endCol" : 18
    },
    "Stmt(RETURN, 78, com.facebook.ads.sdk.Event$APIRequestCreateLiveVideo, NON_DEFAULT)" : {
      "startLine" : 1073,
      "endLine" : 1073,
      "startCol" : 7,
      "endCol" : 18
    },
    "Stmt(EXPRESSION, 79, com.facebook.ads.sdk.Event$APIRequestCreateLiveVideo, DEFAULT)" : {
      "startLine" : 1076,
      "endLine" : 1076,
      "startCol" : 7,
      "endCol" : 65
    },
    "Stmt(RETURN, 80, com.facebook.ads.sdk.Event$APIRequestCreateLiveVideo, DEFAULT)" : {
      "startLine" : 1077,
      "endLine" : 1077,
      "startCol" : 7,
      "endCol" : 18
    },
    "Stmt(RETURN, 80, com.facebook.ads.sdk.Event$APIRequestCreateLiveVideo, NON_DEFAULT)" : {
      "startLine" : 1077,
      "endLine" : 1077,
      "startCol" : 7,
      "endCol" : 18
    },
    "Stmt(EXPRESSION, 81, com.facebook.ads.sdk.Event$APIRequestCreateLiveVideo, DEFAULT)" : {
      "startLine" : 1081,
      "endLine" : 1081,
      "startCol" : 7,
      "endCol" : 47
    },
    "Stmt(RETURN, 82, com.facebook.ads.sdk.Event$APIRequestCreateLiveVideo, DEFAULT)" : {
      "startLine" : 1082,
      "endLine" : 1082,
      "startCol" : 7,
      "endCol" : 18
    },
    "Stmt(RETURN, 82, com.facebook.ads.sdk.Event$APIRequestCreateLiveVideo, NON_DEFAULT)" : {
      "startLine" : 1082,
      "endLine" : 1082,
      "startCol" : 7,
      "endCol" : 18
    },
    "Stmt(EXPRESSION, 83, com.facebook.ads.sdk.Event$APIRequestCreateLiveVideo, DEFAULT)" : {
      "startLine" : 1085,
      "endLine" : 1085,
      "startCol" : 7,
      "endCol" : 47
    },
    "Stmt(RETURN, 84, com.facebook.ads.sdk.Event$APIRequestCreateLiveVideo, DEFAULT)" : {
      "startLine" : 1086,
      "endLine" : 1086,
      "startCol" : 7,
      "endCol" : 18
    },
    "Stmt(RETURN, 84, com.facebook.ads.sdk.Event$APIRequestCreateLiveVideo, NON_DEFAULT)" : {
      "startLine" : 1086,
      "endLine" : 1086,
      "startCol" : 7,
      "endCol" : 18
    },
    "Stmt(EXPRESSION, 85, com.facebook.ads.sdk.Event$APIRequestCreateLiveVideo, DEFAULT)" : {
      "startLine" : 1090,
      "endLine" : 1090,
      "startCol" : 7,
      "endCol" : 36
    },
    "Stmt(RETURN, 86, com.facebook.ads.sdk.Event$APIRequestCreateLiveVideo, DEFAULT)" : {
      "startLine" : 1091,
      "endLine" : 1091,
      "startCol" : 7,
      "endCol" : 18
    },
    "Stmt(RETURN, 86, com.facebook.ads.sdk.Event$APIRequestCreateLiveVideo, NON_DEFAULT)" : {
      "startLine" : 1091,
      "endLine" : 1091,
      "startCol" : 7,
      "endCol" : 18
    },
    "Stmt(RETURN, 87, com.facebook.ads.sdk.Event$APIRequestCreateLiveVideo, DEFAULT)" : {
      "startLine" : 1095,
      "endLine" : 1095,
      "startCol" : 7,
      "endCol" : 41
    },
    "Stmt(RETURN, 87, com.facebook.ads.sdk.Event$APIRequestCreateLiveVideo, NON_DEFAULT)" : {
      "startLine" : 1095,
      "endLine" : 1095,
      "startCol" : 7,
      "endCol" : 41
    },
    "Stmt(FOR_EACH, 88, com.facebook.ads.sdk.Event$APIRequestCreateLiveVideo, DEFAULT)" : {
      "startLine" : 1099,
      "endLine" : 1101,
      "startCol" : 7,
      "endCol" : 7
    },
    "Stmt(EXPRESSION, 89, com.facebook.ads.sdk.Event$APIRequestCreateLiveVideo, DEFAULT)" : {
      "startLine" : 1100,
      "endLine" : 1100,
      "startCol" : 9,
      "endCol" : 40
    },
    "Stmt(RETURN, 90, com.facebook.ads.sdk.Event$APIRequestCreateLiveVideo, DEFAULT)" : {
      "startLine" : 1102,
      "endLine" : 1102,
      "startCol" : 7,
      "endCol" : 18
    },
    "Stmt(RETURN, 90, com.facebook.ads.sdk.Event$APIRequestCreateLiveVideo, NON_DEFAULT)" : {
      "startLine" : 1102,
      "endLine" : 1102,
      "startCol" : 7,
      "endCol" : 18
    },
    "Stmt(RETURN, 91, com.facebook.ads.sdk.Event$APIRequestCreateLiveVideo, DEFAULT)" : {
      "startLine" : 1107,
      "endLine" : 1107,
      "startCol" : 7,
      "endCol" : 46
    },
    "Stmt(RETURN, 91, com.facebook.ads.sdk.Event$APIRequestCreateLiveVideo, NON_DEFAULT)" : {
      "startLine" : 1107,
      "endLine" : 1107,
      "startCol" : 7,
      "endCol" : 46
    },
    "Stmt(FOR_EACH, 92, com.facebook.ads.sdk.Event$APIRequestCreateLiveVideo, DEFAULT)" : {
      "startLine" : 1112,
      "endLine" : 1114,
      "startCol" : 7,
      "endCol" : 7
    },
    "Stmt(EXPRESSION, 93, com.facebook.ads.sdk.Event$APIRequestCreateLiveVideo, DEFAULT)" : {
      "startLine" : 1113,
      "endLine" : 1113,
      "startCol" : 9,
      "endCol" : 40
    },
    "Stmt(RETURN, 94, com.facebook.ads.sdk.Event$APIRequestCreateLiveVideo, DEFAULT)" : {
      "startLine" : 1115,
      "endLine" : 1115,
      "startCol" : 7,
      "endCol" : 18
    },
    "Stmt(RETURN, 94, com.facebook.ads.sdk.Event$APIRequestCreateLiveVideo, NON_DEFAULT)" : {
      "startLine" : 1115,
      "endLine" : 1115,
      "startCol" : 7,
      "endCol" : 18
    },
    "Stmt(EXPRESSION, 95, com.facebook.ads.sdk.Event$APIRequestCreateLiveVideo, DEFAULT)" : {
      "startLine" : 1120,
      "endLine" : 1120,
      "startCol" : 7,
      "endCol" : 37
    },
    "Stmt(RETURN, 96, com.facebook.ads.sdk.Event$APIRequestCreateLiveVideo, DEFAULT)" : {
      "startLine" : 1121,
      "endLine" : 1121,
      "startCol" : 7,
      "endCol" : 18
    },
    "Stmt(RETURN, 96, com.facebook.ads.sdk.Event$APIRequestCreateLiveVideo, NON_DEFAULT)" : {
      "startLine" : 1121,
      "endLine" : 1121,
      "startCol" : 7,
      "endCol" : 18
    },
    "Stmt(EXPRESSION, 97, com.facebook.ads.sdk.Event$APIRequestCreateLiveVideo, DEFAULT)" : {
      "startLine" : 1126,
      "endLine" : 1126,
      "startCol" : 7,
      "endCol" : 46
    },
    "Stmt(RETURN, 98, com.facebook.ads.sdk.Event$APIRequestCreateLiveVideo, DEFAULT)" : {
      "startLine" : 1127,
      "endLine" : 1127,
      "startCol" : 7,
      "endCol" : 18
    },
    "Stmt(RETURN, 98, com.facebook.ads.sdk.Event$APIRequestCreateLiveVideo, NON_DEFAULT)" : {
      "startLine" : 1127,
      "endLine" : 1127,
      "startCol" : 7,
      "endCol" : 18
    }
  }
}