{
  "fileName" : "src/main/java/com/facebook/ads/sdk/Event.java",
  "packageName" : "com.facebook.ads.sdk",
  "className" : "Event$APIRequestGetLiveVideos",
  "coverageElementPositions" : {
    "Stmt(RETURN, 0, com.facebook.ads.sdk.Event$APIRequestGetLiveVideos, DEFAULT)" : {
      "startLine" : 743,
      "endLine" : 743,
      "startCol" : 7,
      "endCol" : 26
    },
    "Stmt(RETURN, 0, com.facebook.ads.sdk.Event$APIRequestGetLiveVideos, NON_DEFAULT)" : {
      "startLine" : 743,
      "endLine" : 743,
      "startCol" : 7,
      "endCol" : 26
    },
    "Stmt(RETURN, 1, com.facebook.ads.sdk.Event$APIRequestGetLiveVideos, DEFAULT)" : {
      "startLine" : 753,
      "endLine" : 753,
      "startCol" : 7,
      "endCol" : 74
    },
    "Stmt(RETURN, 1, com.facebook.ads.sdk.Event$APIRequestGetLiveVideos, NON_DEFAULT)" : {
      "startLine" : 753,
      "endLine" : 753,
      "startCol" : 7,
      "endCol" : 74
    },
    "Stmt(RETURN, 2, com.facebook.ads.sdk.Event$APIRequestGetLiveVideos, DEFAULT)" : {
      "startLine" : 758,
      "endLine" : 758,
      "startCol" : 7,
      "endCol" : 52
    },
    "Stmt(RETURN, 2, com.facebook.ads.sdk.Event$APIRequestGetLiveVideos, NON_DEFAULT)" : {
      "startLine" : 758,
      "endLine" : 758,
      "startCol" : 7,
      "endCol" : 52
    },
    "Stmt(EXPRESSION, 3, com.facebook.ads.sdk.Event$APIRequestGetLiveVideos, DEFAULT)" : {
      "startLine" : 764,
      "endLine" : 764,
      "startCol" : 7,
      "endCol" : 64
    },
    "Stmt(RETURN, 4, com.facebook.ads.sdk.Event$APIRequestGetLiveVideos, DEFAULT)" : {
      "startLine" : 765,
      "endLine" : 765,
      "startCol" : 7,
      "endCol" : 26
    },
    "Stmt(RETURN, 4, com.facebook.ads.sdk.Event$APIRequestGetLiveVideos, NON_DEFAULT)" : {
      "startLine" : 765,
      "endLine" : 765,
      "startCol" : 7,
      "endCol" : 26
    },
    "Stmt(VARIABLE_DECLARATION, 5, com.facebook.ads.sdk.Event$APIRequestGetLiveVideos, DEFAULT)" : {
      "startLine" : 763,
      "endLine" : 763,
      "startCol" : 23,
      "endCol" : 55
    },
    "Stmt(RETURN, 6, com.facebook.ads.sdk.Event$APIRequestGetLiveVideos, DEFAULT)" : {
      "startLine" : 769,
      "endLine" : 769,
      "startCol" : 7,
      "endCol" : 57
    },
    "Stmt(RETURN, 6, com.facebook.ads.sdk.Event$APIRequestGetLiveVideos, NON_DEFAULT)" : {
      "startLine" : 769,
      "endLine" : 769,
      "startCol" : 7,
      "endCol" : 57
    },
    "Stmt(TRY, 7, com.facebook.ads.sdk.Event$APIRequestGetLiveVideos, DEFAULT)" : {
      "startLine" : 777,
      "endLine" : 781,
      "startCol" : 14,
      "endCol" : 14
    },
    "Stmt(THROW, 8, com.facebook.ads.sdk.Event$APIRequestGetLiveVideos, DEFAULT)" : {
      "startLine" : 780,
      "endLine" : 780,
      "startCol" : 16,
      "endCol" : 45
    },
    "Stmt(RETURN, 9, com.facebook.ads.sdk.Event$APIRequestGetLiveVideos, DEFAULT)" : {
      "startLine" : 778,
      "endLine" : 778,
      "startCol" : 16,
      "endCol" : 103
    },
    "Stmt(RETURN, 9, com.facebook.ads.sdk.Event$APIRequestGetLiveVideos, NON_DEFAULT)" : {
      "startLine" : 778,
      "endLine" : 778,
      "startCol" : 16,
      "endCol" : 103
    },
    "Stmt(INNER_CLASS_RETURN, 10, com.facebook.ads.sdk.Event$APIRequestGetLiveVideos, DEFAULT)" : {
      "startLine" : 773,
      "endLine" : 785,
      "startCol" : 7,
      "endCol" : 8
    },
    "Stmt(EXPRESSION, 11, com.facebook.ads.sdk.Event$APIRequestGetLiveVideos, DEFAULT)" : {
      "startLine" : 794,
      "endLine" : 794,
      "startCol" : 7,
      "endCol" : 37
    },
    "Stmt(RETURN, 12, com.facebook.ads.sdk.Event$APIRequestGetLiveVideos, DEFAULT)" : {
      "startLine" : 795,
      "endLine" : 795,
      "startCol" : 7,
      "endCol" : 18
    },
    "Stmt(RETURN, 12, com.facebook.ads.sdk.Event$APIRequestGetLiveVideos, NON_DEFAULT)" : {
      "startLine" : 795,
      "endLine" : 795,
      "startCol" : 7,
      "endCol" : 18
    },
    "Stmt(EXPRESSION, 13, com.facebook.ads.sdk.Event$APIRequestGetLiveVideos, DEFAULT)" : {
      "startLine" : 800,
      "endLine" : 800,
      "startCol" : 7,
      "endCol" : 32
    },
    "Stmt(RETURN, 14, com.facebook.ads.sdk.Event$APIRequestGetLiveVideos, DEFAULT)" : {
      "startLine" : 801,
      "endLine" : 801,
      "startCol" : 7,
      "endCol" : 18
    },
    "Stmt(RETURN, 14, com.facebook.ads.sdk.Event$APIRequestGetLiveVideos, NON_DEFAULT)" : {
      "startLine" : 801,
      "endLine" : 801,
      "startCol" : 7,
      "endCol" : 18
    },
    "Stmt(RETURN, 15, com.facebook.ads.sdk.Event$APIRequestGetLiveVideos, DEFAULT)" : {
      "startLine" : 806,
      "endLine" : 806,
      "startCol" : 7,
      "endCol" : 41
    },
    "Stmt(RETURN, 15, com.facebook.ads.sdk.Event$APIRequestGetLiveVideos, NON_DEFAULT)" : {
      "startLine" : 806,
      "endLine" : 806,
      "startCol" : 7,
      "endCol" : 41
    },
    "Stmt(FOR_EACH, 16, com.facebook.ads.sdk.Event$APIRequestGetLiveVideos, DEFAULT)" : {
      "startLine" : 810,
      "endLine" : 812,
      "startCol" : 7,
      "endCol" : 7
    },
    "Stmt(EXPRESSION, 17, com.facebook.ads.sdk.Event$APIRequestGetLiveVideos, DEFAULT)" : {
      "startLine" : 811,
      "endLine" : 811,
      "startCol" : 9,
      "endCol" : 40
    },
    "Stmt(RETURN, 18, com.facebook.ads.sdk.Event$APIRequestGetLiveVideos, DEFAULT)" : {
      "startLine" : 813,
      "endLine" : 813,
      "startCol" : 7,
      "endCol" : 18
    },
    "Stmt(RETURN, 18, com.facebook.ads.sdk.Event$APIRequestGetLiveVideos, NON_DEFAULT)" : {
      "startLine" : 813,
      "endLine" : 813,
      "startCol" : 7,
      "endCol" : 18
    },
    "Stmt(RETURN, 19, com.facebook.ads.sdk.Event$APIRequestGetLiveVideos, DEFAULT)" : {
      "startLine" : 818,
      "endLine" : 818,
      "startCol" : 7,
      "endCol" : 46
    },
    "Stmt(RETURN, 19, com.facebook.ads.sdk.Event$APIRequestGetLiveVideos, NON_DEFAULT)" : {
      "startLine" : 818,
      "endLine" : 818,
      "startCol" : 7,
      "endCol" : 46
    },
    "Stmt(FOR_EACH, 20, com.facebook.ads.sdk.Event$APIRequestGetLiveVideos, DEFAULT)" : {
      "startLine" : 823,
      "endLine" : 825,
      "startCol" : 7,
      "endCol" : 7
    },
    "Stmt(EXPRESSION, 21, com.facebook.ads.sdk.Event$APIRequestGetLiveVideos, DEFAULT)" : {
      "startLine" : 824,
      "endLine" : 824,
      "startCol" : 9,
      "endCol" : 40
    },
    "Stmt(RETURN, 22, com.facebook.ads.sdk.Event$APIRequestGetLiveVideos, DEFAULT)" : {
      "startLine" : 826,
      "endLine" : 826,
      "startCol" : 7,
      "endCol" : 18
    },
    "Stmt(RETURN, 22, com.facebook.ads.sdk.Event$APIRequestGetLiveVideos, NON_DEFAULT)" : {
      "startLine" : 826,
      "endLine" : 826,
      "startCol" : 7,
      "endCol" : 18
    },
    "Stmt(EXPRESSION, 23, com.facebook.ads.sdk.Event$APIRequestGetLiveVideos, DEFAULT)" : {
      "startLine" : 831,
      "endLine" : 831,
      "startCol" : 7,
      "endCol" : 37
    },
    "Stmt(RETURN, 24, com.facebook.ads.sdk.Event$APIRequestGetLiveVideos, DEFAULT)" : {
      "startLine" : 832,
      "endLine" : 832,
      "startCol" : 7,
      "endCol" : 18
    },
    "Stmt(RETURN, 24, com.facebook.ads.sdk.Event$APIRequestGetLiveVideos, NON_DEFAULT)" : {
      "startLine" : 832,
      "endLine" : 832,
      "startCol" : 7,
      "endCol" : 18
    },
    "Stmt(EXPRESSION, 25, com.facebook.ads.sdk.Event$APIRequestGetLiveVideos, DEFAULT)" : {
      "startLine" : 837,
      "endLine" : 837,
      "startCol" : 7,
      "endCol" : 46
    },
    "Stmt(RETURN, 26, com.facebook.ads.sdk.Event$APIRequestGetLiveVideos, DEFAULT)" : {
      "startLine" : 838,
      "endLine" : 838,
      "startCol" : 7,
      "endCol" : 18
    },
    "Stmt(RETURN, 26, com.facebook.ads.sdk.Event$APIRequestGetLiveVideos, NON_DEFAULT)" : {
      "startLine" : 838,
      "endLine" : 838,
      "startCol" : 7,
      "endCol" : 18
    }
  }
}