{
  "fileName" : "src/main/java/com/facebook/ads/sdk/Event.java",
  "packageName" : "com.facebook.ads.sdk",
  "className" : "Event$APIRequestGetTicketTiers",
  "coverageElementPositions" : {
    "Stmt(RETURN, 0, com.facebook.ads.sdk.Event$APIRequestGetTicketTiers, DEFAULT)" : {
      "startLine" : 1645,
      "endLine" : 1645,
      "startCol" : 7,
      "endCol" : 26
    },
    "Stmt(RETURN, 0, com.facebook.ads.sdk.Event$APIRequestGetTicketTiers, NON_DEFAULT)" : {
      "startLine" : 1645,
      "endLine" : 1645,
      "startCol" : 7,
      "endCol" : 26
    },
    "Stmt(RETURN, 1, com.facebook.ads.sdk.Event$APIRequestGetTicketTiers, DEFAULT)" : {
      "startLine" : 1673,
      "endLine" : 1673,
      "startCol" : 7,
      "endCol" : 81
    },
    "Stmt(RETURN, 1, com.facebook.ads.sdk.Event$APIRequestGetTicketTiers, NON_DEFAULT)" : {
      "startLine" : 1673,
      "endLine" : 1673,
      "startCol" : 7,
      "endCol" : 81
    },
    "Stmt(RETURN, 2, com.facebook.ads.sdk.Event$APIRequestGetTicketTiers, DEFAULT)" : {
      "startLine" : 1678,
      "endLine" : 1678,
      "startCol" : 7,
      "endCol" : 52
    },
    "Stmt(RETURN, 2, com.facebook.ads.sdk.Event$APIRequestGetTicketTiers, NON_DEFAULT)" : {
      "startLine" : 1678,
      "endLine" : 1678,
      "startCol" : 7,
      "endCol" : 52
    },
    "Stmt(EXPRESSION, 3, com.facebook.ads.sdk.Event$APIRequestGetTicketTiers, DEFAULT)" : {
      "startLine" : 1684,
      "endLine" : 1684,
      "startCol" : 7,
      "endCol" : 64
    },
    "Stmt(RETURN, 4, com.facebook.ads.sdk.Event$APIRequestGetTicketTiers, DEFAULT)" : {
      "startLine" : 1685,
      "endLine" : 1685,
      "startCol" : 7,
      "endCol" : 26
    },
    "Stmt(RETURN, 4, com.facebook.ads.sdk.Event$APIRequestGetTicketTiers, NON_DEFAULT)" : {
      "startLine" : 1685,
      "endLine" : 1685,
      "startCol" : 7,
      "endCol" : 26
    },
    "Stmt(VARIABLE_DECLARATION, 5, com.facebook.ads.sdk.Event$APIRequestGetTicketTiers, DEFAULT)" : {
      "startLine" : 1683,
      "endLine" : 1683,
      "startCol" : 23,
      "endCol" : 55
    },
    "Stmt(RETURN, 6, com.facebook.ads.sdk.Event$APIRequestGetTicketTiers, DEFAULT)" : {
      "startLine" : 1689,
      "endLine" : 1689,
      "startCol" : 7,
      "endCol" : 57
    },
    "Stmt(RETURN, 6, com.facebook.ads.sdk.Event$APIRequestGetTicketTiers, NON_DEFAULT)" : {
      "startLine" : 1689,
      "endLine" : 1689,
      "startCol" : 7,
      "endCol" : 57
    },
    "Stmt(TRY, 7, com.facebook.ads.sdk.Event$APIRequestGetTicketTiers, DEFAULT)" : {
      "startLine" : 1697,
      "endLine" : 1701,
      "startCol" : 14,
      "endCol" : 14
    },
    "Stmt(THROW, 8, com.facebook.ads.sdk.Event$APIRequestGetTicketTiers, DEFAULT)" : {
      "startLine" : 1700,
      "endLine" : 1700,
      "startCol" : 16,
      "endCol" : 45
    },
    "Stmt(RETURN, 9, com.facebook.ads.sdk.Event$APIRequestGetTicketTiers, DEFAULT)" : {
      "startLine" : 1698,
      "endLine" : 1698,
      "startCol" : 16,
      "endCol" : 104
    },
    "Stmt(RETURN, 9, com.facebook.ads.sdk.Event$APIRequestGetTicketTiers, NON_DEFAULT)" : {
      "startLine" : 1698,
      "endLine" : 1698,
      "startCol" : 16,
      "endCol" : 104
    },
    "Stmt(INNER_CLASS_RETURN, 10, com.facebook.ads.sdk.Event$APIRequestGetTicketTiers, DEFAULT)" : {
      "startLine" : 1693,
      "endLine" : 1705,
      "startCol" : 7,
      "endCol" : 8
    },
    "Stmt(EXPRESSION, 11, com.facebook.ads.sdk.Event$APIRequestGetTicketTiers, DEFAULT)" : {
      "startLine" : 1714,
      "endLine" : 1714,
      "startCol" : 7,
      "endCol" : 37
    },
    "Stmt(RETURN, 12, com.facebook.ads.sdk.Event$APIRequestGetTicketTiers, DEFAULT)" : {
      "startLine" : 1715,
      "endLine" : 1715,
      "startCol" : 7,
      "endCol" : 18
    },
    "Stmt(RETURN, 12, com.facebook.ads.sdk.Event$APIRequestGetTicketTiers, NON_DEFAULT)" : {
      "startLine" : 1715,
      "endLine" : 1715,
      "startCol" : 7,
      "endCol" : 18
    },
    "Stmt(EXPRESSION, 13, com.facebook.ads.sdk.Event$APIRequestGetTicketTiers, DEFAULT)" : {
      "startLine" : 1720,
      "endLine" : 1720,
      "startCol" : 7,
      "endCol" : 32
    },
    "Stmt(RETURN, 14, com.facebook.ads.sdk.Event$APIRequestGetTicketTiers, DEFAULT)" : {
      "startLine" : 1721,
      "endLine" : 1721,
      "startCol" : 7,
      "endCol" : 18
    },
    "Stmt(RETURN, 14, com.facebook.ads.sdk.Event$APIRequestGetTicketTiers, NON_DEFAULT)" : {
      "startLine" : 1721,
      "endLine" : 1721,
      "startCol" : 7,
      "endCol" : 18
    },
    "Stmt(RETURN, 15, com.facebook.ads.sdk.Event$APIRequestGetTicketTiers, DEFAULT)" : {
      "startLine" : 1726,
      "endLine" : 1726,
      "startCol" : 7,
      "endCol" : 41
    },
    "Stmt(RETURN, 15, com.facebook.ads.sdk.Event$APIRequestGetTicketTiers, NON_DEFAULT)" : {
      "startLine" : 1726,
      "endLine" : 1726,
      "startCol" : 7,
      "endCol" : 41
    },
    "Stmt(FOR_EACH, 16, com.facebook.ads.sdk.Event$APIRequestGetTicketTiers, DEFAULT)" : {
      "startLine" : 1730,
      "endLine" : 1732,
      "startCol" : 7,
      "endCol" : 7
    },
    "Stmt(EXPRESSION, 17, com.facebook.ads.sdk.Event$APIRequestGetTicketTiers, DEFAULT)" : {
      "startLine" : 1731,
      "endLine" : 1731,
      "startCol" : 9,
      "endCol" : 40
    },
    "Stmt(RETURN, 18, com.facebook.ads.sdk.Event$APIRequestGetTicketTiers, DEFAULT)" : {
      "startLine" : 1733,
      "endLine" : 1733,
      "startCol" : 7,
      "endCol" : 18
    },
    "Stmt(RETURN, 18, com.facebook.ads.sdk.Event$APIRequestGetTicketTiers, NON_DEFAULT)" : {
      "startLine" : 1733,
      "endLine" : 1733,
      "startCol" : 7,
      "endCol" : 18
    },
    "Stmt(RETURN, 19, com.facebook.ads.sdk.Event$APIRequestGetTicketTiers, DEFAULT)" : {
      "startLine" : 1738,
      "endLine" : 1738,
      "startCol" : 7,
      "endCol" : 46
    },
    "Stmt(RETURN, 19, com.facebook.ads.sdk.Event$APIRequestGetTicketTiers, NON_DEFAULT)" : {
      "startLine" : 1738,
      "endLine" : 1738,
      "startCol" : 7,
      "endCol" : 46
    },
    "Stmt(FOR_EACH, 20, com.facebook.ads.sdk.Event$APIRequestGetTicketTiers, DEFAULT)" : {
      "startLine" : 1743,
      "endLine" : 1745,
      "startCol" : 7,
      "endCol" : 7
    },
    "Stmt(EXPRESSION, 21, com.facebook.ads.sdk.Event$APIRequestGetTicketTiers, DEFAULT)" : {
      "startLine" : 1744,
      "endLine" : 1744,
      "startCol" : 9,
      "endCol" : 40
    },
    "Stmt(RETURN, 22, com.facebook.ads.sdk.Event$APIRequestGetTicketTiers, DEFAULT)" : {
      "startLine" : 1746,
      "endLine" : 1746,
      "startCol" : 7,
      "endCol" : 18
    },
    "Stmt(RETURN, 22, com.facebook.ads.sdk.Event$APIRequestGetTicketTiers, NON_DEFAULT)" : {
      "startLine" : 1746,
      "endLine" : 1746,
      "startCol" : 7,
      "endCol" : 18
    },
    "Stmt(EXPRESSION, 23, com.facebook.ads.sdk.Event$APIRequestGetTicketTiers, DEFAULT)" : {
      "startLine" : 1751,
      "endLine" : 1751,
      "startCol" : 7,
      "endCol" : 37
    },
    "Stmt(RETURN, 24, com.facebook.ads.sdk.Event$APIRequestGetTicketTiers, DEFAULT)" : {
      "startLine" : 1752,
      "endLine" : 1752,
      "startCol" : 7,
      "endCol" : 18
    },
    "Stmt(RETURN, 24, com.facebook.ads.sdk.Event$APIRequestGetTicketTiers, NON_DEFAULT)" : {
      "startLine" : 1752,
      "endLine" : 1752,
      "startCol" : 7,
      "endCol" : 18
    },
    "Stmt(EXPRESSION, 25, com.facebook.ads.sdk.Event$APIRequestGetTicketTiers, DEFAULT)" : {
      "startLine" : 1757,
      "endLine" : 1757,
      "startCol" : 7,
      "endCol" : 46
    },
    "Stmt(RETURN, 26, com.facebook.ads.sdk.Event$APIRequestGetTicketTiers, DEFAULT)" : {
      "startLine" : 1758,
      "endLine" : 1758,
      "startCol" : 7,
      "endCol" : 18
    },
    "Stmt(RETURN, 26, com.facebook.ads.sdk.Event$APIRequestGetTicketTiers, NON_DEFAULT)" : {
      "startLine" : 1758,
      "endLine" : 1758,
      "startCol" : 7,
      "endCol" : 18
    },
    "Stmt(RETURN, 27, com.facebook.ads.sdk.Event$APIRequestGetTicketTiers, DEFAULT)" : {
      "startLine" : 1762,
      "endLine" : 1762,
      "startCol" : 7,
      "endCol" : 45
    },
    "Stmt(RETURN, 27, com.facebook.ads.sdk.Event$APIRequestGetTicketTiers, NON_DEFAULT)" : {
      "startLine" : 1762,
      "endLine" : 1762,
      "startCol" : 7,
      "endCol" : 45
    },
    "Stmt(EXPRESSION, 28, com.facebook.ads.sdk.Event$APIRequestGetTicketTiers, DEFAULT)" : {
      "startLine" : 1765,
      "endLine" : 1765,
      "startCol" : 7,
      "endCol" : 43
    },
    "Stmt(RETURN, 29, com.facebook.ads.sdk.Event$APIRequestGetTicketTiers, DEFAULT)" : {
      "startLine" : 1766,
      "endLine" : 1766,
      "startCol" : 7,
      "endCol" : 18
    },
    "Stmt(RETURN, 29, com.facebook.ads.sdk.Event$APIRequestGetTicketTiers, NON_DEFAULT)" : {
      "startLine" : 1766,
      "endLine" : 1766,
      "startCol" : 7,
      "endCol" : 18
    },
    "Stmt(RETURN, 30, com.facebook.ads.sdk.Event$APIRequestGetTicketTiers, DEFAULT)" : {
      "startLine" : 1769,
      "endLine" : 1769,
      "startCol" : 7,
      "endCol" : 48
    },
    "Stmt(RETURN, 30, com.facebook.ads.sdk.Event$APIRequestGetTicketTiers, NON_DEFAULT)" : {
      "startLine" : 1769,
      "endLine" : 1769,
      "startCol" : 7,
      "endCol" : 48
    },
    "Stmt(EXPRESSION, 31, com.facebook.ads.sdk.Event$APIRequestGetTicketTiers, DEFAULT)" : {
      "startLine" : 1772,
      "endLine" : 1772,
      "startCol" : 7,
      "endCol" : 46
    },
    "Stmt(RETURN, 32, com.facebook.ads.sdk.Event$APIRequestGetTicketTiers, DEFAULT)" : {
      "startLine" : 1773,
      "endLine" : 1773,
      "startCol" : 7,
      "endCol" : 18
    },
    "Stmt(RETURN, 32, com.facebook.ads.sdk.Event$APIRequestGetTicketTiers, NON_DEFAULT)" : {
      "startLine" : 1773,
      "endLine" : 1773,
      "startCol" : 7,
      "endCol" : 18
    },
    "Stmt(RETURN, 33, com.facebook.ads.sdk.Event$APIRequestGetTicketTiers, DEFAULT)" : {
      "startLine" : 1776,
      "endLine" : 1776,
      "startCol" : 7,
      "endCol" : 49
    },
    "Stmt(RETURN, 33, com.facebook.ads.sdk.Event$APIRequestGetTicketTiers, NON_DEFAULT)" : {
      "startLine" : 1776,
      "endLine" : 1776,
      "startCol" : 7,
      "endCol" : 49
    },
    "Stmt(EXPRESSION, 34, com.facebook.ads.sdk.Event$APIRequestGetTicketTiers, DEFAULT)" : {
      "startLine" : 1779,
      "endLine" : 1779,
      "startCol" : 7,
      "endCol" : 49
    },
    "Stmt(RETURN, 35, com.facebook.ads.sdk.Event$APIRequestGetTicketTiers, DEFAULT)" : {
      "startLine" : 1780,
      "endLine" : 1780,
      "startCol" : 7,
      "endCol" : 18
    },
    "Stmt(RETURN, 35, com.facebook.ads.sdk.Event$APIRequestGetTicketTiers, NON_DEFAULT)" : {
      "startLine" : 1780,
      "endLine" : 1780,
      "startCol" : 7,
      "endCol" : 18
    },
    "Stmt(RETURN, 36, com.facebook.ads.sdk.Event$APIRequestGetTicketTiers, DEFAULT)" : {
      "startLine" : 1783,
      "endLine" : 1783,
      "startCol" : 7,
      "endCol" : 48
    },
    "Stmt(RETURN, 36, com.facebook.ads.sdk.Event$APIRequestGetTicketTiers, NON_DEFAULT)" : {
      "startLine" : 1783,
      "endLine" : 1783,
      "startCol" : 7,
      "endCol" : 48
    },
    "Stmt(EXPRESSION, 37, com.facebook.ads.sdk.Event$APIRequestGetTicketTiers, DEFAULT)" : {
      "startLine" : 1786,
      "endLine" : 1786,
      "startCol" : 7,
      "endCol" : 48
    },
    "Stmt(RETURN, 38, com.facebook.ads.sdk.Event$APIRequestGetTicketTiers, DEFAULT)" : {
      "startLine" : 1787,
      "endLine" : 1787,
      "startCol" : 7,
      "endCol" : 18
    },
    "Stmt(RETURN, 38, com.facebook.ads.sdk.Event$APIRequestGetTicketTiers, NON_DEFAULT)" : {
      "startLine" : 1787,
      "endLine" : 1787,
      "startCol" : 7,
      "endCol" : 18
    },
    "Stmt(RETURN, 39, com.facebook.ads.sdk.Event$APIRequestGetTicketTiers, DEFAULT)" : {
      "startLine" : 1790,
      "endLine" : 1790,
      "startCol" : 7,
      "endCol" : 48
    },
    "Stmt(RETURN, 39, com.facebook.ads.sdk.Event$APIRequestGetTicketTiers, NON_DEFAULT)" : {
      "startLine" : 1790,
      "endLine" : 1790,
      "startCol" : 7,
      "endCol" : 48
    },
    "Stmt(EXPRESSION, 40, com.facebook.ads.sdk.Event$APIRequestGetTicketTiers, DEFAULT)" : {
      "startLine" : 1793,
      "endLine" : 1793,
      "startCol" : 7,
      "endCol" : 47
    },
    "Stmt(RETURN, 41, com.facebook.ads.sdk.Event$APIRequestGetTicketTiers, DEFAULT)" : {
      "startLine" : 1794,
      "endLine" : 1794,
      "startCol" : 7,
      "endCol" : 18
    },
    "Stmt(RETURN, 41, com.facebook.ads.sdk.Event$APIRequestGetTicketTiers, NON_DEFAULT)" : {
      "startLine" : 1794,
      "endLine" : 1794,
      "startCol" : 7,
      "endCol" : 18
    },
    "Stmt(RETURN, 42, com.facebook.ads.sdk.Event$APIRequestGetTicketTiers, DEFAULT)" : {
      "startLine" : 1797,
      "endLine" : 1797,
      "startCol" : 7,
      "endCol" : 39
    },
    "Stmt(RETURN, 42, com.facebook.ads.sdk.Event$APIRequestGetTicketTiers, NON_DEFAULT)" : {
      "startLine" : 1797,
      "endLine" : 1797,
      "startCol" : 7,
      "endCol" : 39
    },
    "Stmt(EXPRESSION, 43, com.facebook.ads.sdk.Event$APIRequestGetTicketTiers, DEFAULT)" : {
      "startLine" : 1800,
      "endLine" : 1800,
      "startCol" : 7,
      "endCol" : 37
    },
    "Stmt(RETURN, 44, com.facebook.ads.sdk.Event$APIRequestGetTicketTiers, DEFAULT)" : {
      "startLine" : 1801,
      "endLine" : 1801,
      "startCol" : 7,
      "endCol" : 18
    },
    "Stmt(RETURN, 44, com.facebook.ads.sdk.Event$APIRequestGetTicketTiers, NON_DEFAULT)" : {
      "startLine" : 1801,
      "endLine" : 1801,
      "startCol" : 7,
      "endCol" : 18
    },
    "Stmt(RETURN, 45, com.facebook.ads.sdk.Event$APIRequestGetTicketTiers, DEFAULT)" : {
      "startLine" : 1804,
      "endLine" : 1804,
      "startCol" : 7,
      "endCol" : 52
    },
    "Stmt(RETURN, 45, com.facebook.ads.sdk.Event$APIRequestGetTicketTiers, NON_DEFAULT)" : {
      "startLine" : 1804,
      "endLine" : 1804,
      "startCol" : 7,
      "endCol" : 52
    },
    "Stmt(EXPRESSION, 46, com.facebook.ads.sdk.Event$APIRequestGetTicketTiers, DEFAULT)" : {
      "startLine" : 1807,
      "endLine" : 1807,
      "startCol" : 7,
      "endCol" : 51
    },
    "Stmt(RETURN, 47, com.facebook.ads.sdk.Event$APIRequestGetTicketTiers, DEFAULT)" : {
      "startLine" : 1808,
      "endLine" : 1808,
      "startCol" : 7,
      "endCol" : 18
    },
    "Stmt(RETURN, 47, com.facebook.ads.sdk.Event$APIRequestGetTicketTiers, NON_DEFAULT)" : {
      "startLine" : 1808,
      "endLine" : 1808,
      "startCol" : 7,
      "endCol" : 18
    },
    "Stmt(RETURN, 48, com.facebook.ads.sdk.Event$APIRequestGetTicketTiers, DEFAULT)" : {
      "startLine" : 1811,
      "endLine" : 1811,
      "startCol" : 7,
      "endCol" : 45
    },
    "Stmt(RETURN, 48, com.facebook.ads.sdk.Event$APIRequestGetTicketTiers, NON_DEFAULT)" : {
      "startLine" : 1811,
      "endLine" : 1811,
      "startCol" : 7,
      "endCol" : 45
    },
    "Stmt(EXPRESSION, 49, com.facebook.ads.sdk.Event$APIRequestGetTicketTiers, DEFAULT)" : {
      "startLine" : 1814,
      "endLine" : 1814,
      "startCol" : 7,
      "endCol" : 43
    },
    "Stmt(RETURN, 50, com.facebook.ads.sdk.Event$APIRequestGetTicketTiers, DEFAULT)" : {
      "startLine" : 1815,
      "endLine" : 1815,
      "startCol" : 7,
      "endCol" : 18
    },
    "Stmt(RETURN, 50, com.facebook.ads.sdk.Event$APIRequestGetTicketTiers, NON_DEFAULT)" : {
      "startLine" : 1815,
      "endLine" : 1815,
      "startCol" : 7,
      "endCol" : 18
    },
    "Stmt(RETURN, 51, com.facebook.ads.sdk.Event$APIRequestGetTicketTiers, DEFAULT)" : {
      "startLine" : 1818,
      "endLine" : 1818,
      "startCol" : 7,
      "endCol" : 52
    },
    "Stmt(RETURN, 51, com.facebook.ads.sdk.Event$APIRequestGetTicketTiers, NON_DEFAULT)" : {
      "startLine" : 1818,
      "endLine" : 1818,
      "startCol" : 7,
      "endCol" : 52
    },
    "Stmt(EXPRESSION, 52, com.facebook.ads.sdk.Event$APIRequestGetTicketTiers, DEFAULT)" : {
      "startLine" : 1821,
      "endLine" : 1821,
      "startCol" : 7,
      "endCol" : 51
    },
    "Stmt(RETURN, 53, com.facebook.ads.sdk.Event$APIRequestGetTicketTiers, DEFAULT)" : {
      "startLine" : 1822,
      "endLine" : 1822,
      "startCol" : 7,
      "endCol" : 18
    },
    "Stmt(RETURN, 53, com.facebook.ads.sdk.Event$APIRequestGetTicketTiers, NON_DEFAULT)" : {
      "startLine" : 1822,
      "endLine" : 1822,
      "startCol" : 7,
      "endCol" : 18
    },
    "Stmt(RETURN, 54, com.facebook.ads.sdk.Event$APIRequestGetTicketTiers, DEFAULT)" : {
      "startLine" : 1825,
      "endLine" : 1825,
      "startCol" : 7,
      "endCol" : 41
    },
    "Stmt(RETURN, 54, com.facebook.ads.sdk.Event$APIRequestGetTicketTiers, NON_DEFAULT)" : {
      "startLine" : 1825,
      "endLine" : 1825,
      "startCol" : 7,
      "endCol" : 41
    },
    "Stmt(EXPRESSION, 55, com.facebook.ads.sdk.Event$APIRequestGetTicketTiers, DEFAULT)" : {
      "startLine" : 1828,
      "endLine" : 1828,
      "startCol" : 7,
      "endCol" : 39
    },
    "Stmt(RETURN, 56, com.facebook.ads.sdk.Event$APIRequestGetTicketTiers, DEFAULT)" : {
      "startLine" : 1829,
      "endLine" : 1829,
      "startCol" : 7,
      "endCol" : 18
    },
    "Stmt(RETURN, 56, com.facebook.ads.sdk.Event$APIRequestGetTicketTiers, NON_DEFAULT)" : {
      "startLine" : 1829,
      "endLine" : 1829,
      "startCol" : 7,
      "endCol" : 18
    },
    "Stmt(RETURN, 57, com.facebook.ads.sdk.Event$APIRequestGetTicketTiers, DEFAULT)" : {
      "startLine" : 1832,
      "endLine" : 1832,
      "startCol" : 7,
      "endCol" : 42
    },
    "Stmt(RETURN, 57, com.facebook.ads.sdk.Event$APIRequestGetTicketTiers, NON_DEFAULT)" : {
      "startLine" : 1832,
      "endLine" : 1832,
      "startCol" : 7,
      "endCol" : 42
    },
    "Stmt(EXPRESSION, 58, com.facebook.ads.sdk.Event$APIRequestGetTicketTiers, DEFAULT)" : {
      "startLine" : 1835,
      "endLine" : 1835,
      "startCol" : 7,
      "endCol" : 40
    },
    "Stmt(RETURN, 59, com.facebook.ads.sdk.Event$APIRequestGetTicketTiers, DEFAULT)" : {
      "startLine" : 1836,
      "endLine" : 1836,
      "startCol" : 7,
      "endCol" : 18
    },
    "Stmt(RETURN, 59, com.facebook.ads.sdk.Event$APIRequestGetTicketTiers, NON_DEFAULT)" : {
      "startLine" : 1836,
      "endLine" : 1836,
      "startCol" : 7,
      "endCol" : 18
    },
    "Stmt(RETURN, 60, com.facebook.ads.sdk.Event$APIRequestGetTicketTiers, DEFAULT)" : {
      "startLine" : 1839,
      "endLine" : 1839,
      "startCol" : 7,
      "endCol" : 45
    },
    "Stmt(RETURN, 60, com.facebook.ads.sdk.Event$APIRequestGetTicketTiers, NON_DEFAULT)" : {
      "startLine" : 1839,
      "endLine" : 1839,
      "startCol" : 7,
      "endCol" : 45
    },
    "Stmt(EXPRESSION, 61, com.facebook.ads.sdk.Event$APIRequestGetTicketTiers, DEFAULT)" : {
      "startLine" : 1842,
      "endLine" : 1842,
      "startCol" : 7,
      "endCol" : 43
    },
    "Stmt(RETURN, 62, com.facebook.ads.sdk.Event$APIRequestGetTicketTiers, DEFAULT)" : {
      "startLine" : 1843,
      "endLine" : 1843,
      "startCol" : 7,
      "endCol" : 18
    },
    "Stmt(RETURN, 62, com.facebook.ads.sdk.Event$APIRequestGetTicketTiers, NON_DEFAULT)" : {
      "startLine" : 1843,
      "endLine" : 1843,
      "startCol" : 7,
      "endCol" : 18
    },
    "Stmt(RETURN, 63, com.facebook.ads.sdk.Event$APIRequestGetTicketTiers, DEFAULT)" : {
      "startLine" : 1846,
      "endLine" : 1846,
      "startCol" : 7,
      "endCol" : 47
    },
    "Stmt(RETURN, 63, com.facebook.ads.sdk.Event$APIRequestGetTicketTiers, NON_DEFAULT)" : {
      "startLine" : 1846,
      "endLine" : 1846,
      "startCol" : 7,
      "endCol" : 47
    },
    "Stmt(EXPRESSION, 64, com.facebook.ads.sdk.Event$APIRequestGetTicketTiers, DEFAULT)" : {
      "startLine" : 1849,
      "endLine" : 1849,
      "startCol" : 7,
      "endCol" : 46
    },
    "Stmt(RETURN, 65, com.facebook.ads.sdk.Event$APIRequestGetTicketTiers, DEFAULT)" : {
      "startLine" : 1850,
      "endLine" : 1850,
      "startCol" : 7,
      "endCol" : 18
    },
    "Stmt(RETURN, 65, com.facebook.ads.sdk.Event$APIRequestGetTicketTiers, NON_DEFAULT)" : {
      "startLine" : 1850,
      "endLine" : 1850,
      "startCol" : 7,
      "endCol" : 18
    },
    "Stmt(RETURN, 66, com.facebook.ads.sdk.Event$APIRequestGetTicketTiers, DEFAULT)" : {
      "startLine" : 1853,
      "endLine" : 1853,
      "startCol" : 7,
      "endCol" : 55
    },
    "Stmt(RETURN, 66, com.facebook.ads.sdk.Event$APIRequestGetTicketTiers, NON_DEFAULT)" : {
      "startLine" : 1853,
      "endLine" : 1853,
      "startCol" : 7,
      "endCol" : 55
    },
    "Stmt(EXPRESSION, 67, com.facebook.ads.sdk.Event$APIRequestGetTicketTiers, DEFAULT)" : {
      "startLine" : 1856,
      "endLine" : 1856,
      "startCol" : 7,
      "endCol" : 56
    },
    "Stmt(RETURN, 68, com.facebook.ads.sdk.Event$APIRequestGetTicketTiers, DEFAULT)" : {
      "startLine" : 1857,
      "endLine" : 1857,
      "startCol" : 7,
      "endCol" : 18
    },
    "Stmt(RETURN, 68, com.facebook.ads.sdk.Event$APIRequestGetTicketTiers, NON_DEFAULT)" : {
      "startLine" : 1857,
      "endLine" : 1857,
      "startCol" : 7,
      "endCol" : 18
    },
    "Stmt(RETURN, 69, com.facebook.ads.sdk.Event$APIRequestGetTicketTiers, DEFAULT)" : {
      "startLine" : 1860,
      "endLine" : 1860,
      "startCol" : 7,
      "endCol" : 51
    },
    "Stmt(RETURN, 69, com.facebook.ads.sdk.Event$APIRequestGetTicketTiers, NON_DEFAULT)" : {
      "startLine" : 1860,
      "endLine" : 1860,
      "startCol" : 7,
      "endCol" : 51
    },
    "Stmt(EXPRESSION, 70, com.facebook.ads.sdk.Event$APIRequestGetTicketTiers, DEFAULT)" : {
      "startLine" : 1863,
      "endLine" : 1863,
      "startCol" : 7,
      "endCol" : 51
    },
    "Stmt(RETURN, 71, com.facebook.ads.sdk.Event$APIRequestGetTicketTiers, DEFAULT)" : {
      "startLine" : 1864,
      "endLine" : 1864,
      "startCol" : 7,
      "endCol" : 18
    },
    "Stmt(RETURN, 71, com.facebook.ads.sdk.Event$APIRequestGetTicketTiers, NON_DEFAULT)" : {
      "startLine" : 1864,
      "endLine" : 1864,
      "startCol" : 7,
      "endCol" : 18
    },
    "Stmt(RETURN, 72, com.facebook.ads.sdk.Event$APIRequestGetTicketTiers, DEFAULT)" : {
      "startLine" : 1867,
      "endLine" : 1867,
      "startCol" : 7,
      "endCol" : 50
    },
    "Stmt(RETURN, 72, com.facebook.ads.sdk.Event$APIRequestGetTicketTiers, NON_DEFAULT)" : {
      "startLine" : 1867,
      "endLine" : 1867,
      "startCol" : 7,
      "endCol" : 50
    },
    "Stmt(EXPRESSION, 73, com.facebook.ads.sdk.Event$APIRequestGetTicketTiers, DEFAULT)" : {
      "startLine" : 1870,
      "endLine" : 1870,
      "startCol" : 7,
      "endCol" : 50
    },
    "Stmt(RETURN, 74, com.facebook.ads.sdk.Event$APIRequestGetTicketTiers, DEFAULT)" : {
      "startLine" : 1871,
      "endLine" : 1871,
      "startCol" : 7,
      "endCol" : 18
    },
    "Stmt(RETURN, 74, com.facebook.ads.sdk.Event$APIRequestGetTicketTiers, NON_DEFAULT)" : {
      "startLine" : 1871,
      "endLine" : 1871,
      "startCol" : 7,
      "endCol" : 18
    },
    "Stmt(RETURN, 75, com.facebook.ads.sdk.Event$APIRequestGetTicketTiers, DEFAULT)" : {
      "startLine" : 1874,
      "endLine" : 1874,
      "startCol" : 7,
      "endCol" : 43
    },
    "Stmt(RETURN, 75, com.facebook.ads.sdk.Event$APIRequestGetTicketTiers, NON_DEFAULT)" : {
      "startLine" : 1874,
      "endLine" : 1874,
      "startCol" : 7,
      "endCol" : 43
    },
    "Stmt(EXPRESSION, 76, com.facebook.ads.sdk.Event$APIRequestGetTicketTiers, DEFAULT)" : {
      "startLine" : 1877,
      "endLine" : 1877,
      "startCol" : 7,
      "endCol" : 41
    },
    "Stmt(RETURN, 77, com.facebook.ads.sdk.Event$APIRequestGetTicketTiers, DEFAULT)" : {
      "startLine" : 1878,
      "endLine" : 1878,
      "startCol" : 7,
      "endCol" : 18
    },
    "Stmt(RETURN, 77, com.facebook.ads.sdk.Event$APIRequestGetTicketTiers, NON_DEFAULT)" : {
      "startLine" : 1878,
      "endLine" : 1878,
      "startCol" : 7,
      "endCol" : 18
    },
    "Stmt(RETURN, 78, com.facebook.ads.sdk.Event$APIRequestGetTicketTiers, DEFAULT)" : {
      "startLine" : 1881,
      "endLine" : 1881,
      "startCol" : 7,
      "endCol" : 50
    },
    "Stmt(RETURN, 78, com.facebook.ads.sdk.Event$APIRequestGetTicketTiers, NON_DEFAULT)" : {
      "startLine" : 1881,
      "endLine" : 1881,
      "startCol" : 7,
      "endCol" : 50
    },
    "Stmt(EXPRESSION, 79, com.facebook.ads.sdk.Event$APIRequestGetTicketTiers, DEFAULT)" : {
      "startLine" : 1884,
      "endLine" : 1884,
      "startCol" : 7,
      "endCol" : 49
    },
    "Stmt(RETURN, 80, com.facebook.ads.sdk.Event$APIRequestGetTicketTiers, DEFAULT)" : {
      "startLine" : 1885,
      "endLine" : 1885,
      "startCol" : 7,
      "endCol" : 18
    },
    "Stmt(RETURN, 80, com.facebook.ads.sdk.Event$APIRequestGetTicketTiers, NON_DEFAULT)" : {
      "startLine" : 1885,
      "endLine" : 1885,
      "startCol" : 7,
      "endCol" : 18
    }
  }
}