{
  "fileName" : "src/main/java/com/facebook/ads/sdk/Event.java",
  "packageName" : "com.facebook.ads.sdk",
  "className" : "Event$APIRequestGet",
  "coverageElementPositions" : {
    "Stmt(RETURN, 0, com.facebook.ads.sdk.Event$APIRequestGet, DEFAULT)" : {
      "startLine" : 1999,
      "endLine" : 1999,
      "startCol" : 7,
      "endCol" : 26
    },
    "Stmt(RETURN, 0, com.facebook.ads.sdk.Event$APIRequestGet, NON_DEFAULT)" : {
      "startLine" : 1999,
      "endLine" : 1999,
      "startCol" : 7,
      "endCol" : 26
    },
    "Stmt(RETURN, 1, com.facebook.ads.sdk.Event$APIRequestGet, DEFAULT)" : {
      "startLine" : 2045,
      "endLine" : 2045,
      "startCol" : 7,
      "endCol" : 78
    },
    "Stmt(RETURN, 1, com.facebook.ads.sdk.Event$APIRequestGet, NON_DEFAULT)" : {
      "startLine" : 2045,
      "endLine" : 2045,
      "startCol" : 7,
      "endCol" : 78
    },
    "Stmt(RETURN, 2, com.facebook.ads.sdk.Event$APIRequestGet, DEFAULT)" : {
      "startLine" : 2050,
      "endLine" : 2050,
      "startCol" : 7,
      "endCol" : 52
    },
    "Stmt(RETURN, 2, com.facebook.ads.sdk.Event$APIRequestGet, NON_DEFAULT)" : {
      "startLine" : 2050,
      "endLine" : 2050,
      "startCol" : 7,
      "endCol" : 52
    },
    "Stmt(EXPRESSION, 3, com.facebook.ads.sdk.Event$APIRequestGet, DEFAULT)" : {
      "startLine" : 2056,
      "endLine" : 2056,
      "startCol" : 7,
      "endCol" : 65
    },
    "Stmt(RETURN, 4, com.facebook.ads.sdk.Event$APIRequestGet, DEFAULT)" : {
      "startLine" : 2057,
      "endLine" : 2057,
      "startCol" : 7,
      "endCol" : 26
    },
    "Stmt(RETURN, 4, com.facebook.ads.sdk.Event$APIRequestGet, NON_DEFAULT)" : {
      "startLine" : 2057,
      "endLine" : 2057,
      "startCol" : 7,
      "endCol" : 26
    },
    "Stmt(VARIABLE_DECLARATION, 5, com.facebook.ads.sdk.Event$APIRequestGet, DEFAULT)" : {
      "startLine" : 2055,
      "endLine" : 2055,
      "startCol" : 23,
      "endCol" : 55
    },
    "Stmt(RETURN, 6, com.facebook.ads.sdk.Event$APIRequestGet, DEFAULT)" : {
      "startLine" : 2061,
      "endLine" : 2061,
      "startCol" : 7,
      "endCol" : 57
    },
    "Stmt(RETURN, 6, com.facebook.ads.sdk.Event$APIRequestGet, NON_DEFAULT)" : {
      "startLine" : 2061,
      "endLine" : 2061,
      "startCol" : 7,
      "endCol" : 57
    },
    "Stmt(TRY, 7, com.facebook.ads.sdk.Event$APIRequestGet, DEFAULT)" : {
      "startLine" : 2069,
      "endLine" : 2073,
      "startCol" : 14,
      "endCol" : 14
    },
    "Stmt(THROW, 8, com.facebook.ads.sdk.Event$APIRequestGet, DEFAULT)" : {
      "startLine" : 2072,
      "endLine" : 2072,
      "startCol" : 16,
      "endCol" : 45
    },
    "Stmt(RETURN, 9, com.facebook.ads.sdk.Event$APIRequestGet, DEFAULT)" : {
      "startLine" : 2070,
      "endLine" : 2070,
      "startCol" : 16,
      "endCol" : 93
    },
    "Stmt(RETURN, 9, com.facebook.ads.sdk.Event$APIRequestGet, NON_DEFAULT)" : {
      "startLine" : 2070,
      "endLine" : 2070,
      "startCol" : 16,
      "endCol" : 93
    },
    "Stmt(INNER_CLASS_RETURN, 10, com.facebook.ads.sdk.Event$APIRequestGet, DEFAULT)" : {
      "startLine" : 2065,
      "endLine" : 2077,
      "startCol" : 7,
      "endCol" : 8
    },
    "Stmt(EXPRESSION, 11, com.facebook.ads.sdk.Event$APIRequestGet, DEFAULT)" : {
      "startLine" : 2086,
      "endLine" : 2086,
      "startCol" : 7,
      "endCol" : 37
    },
    "Stmt(RETURN, 12, com.facebook.ads.sdk.Event$APIRequestGet, DEFAULT)" : {
      "startLine" : 2087,
      "endLine" : 2087,
      "startCol" : 7,
      "endCol" : 18
    },
    "Stmt(RETURN, 12, com.facebook.ads.sdk.Event$APIRequestGet, NON_DEFAULT)" : {
      "startLine" : 2087,
      "endLine" : 2087,
      "startCol" : 7,
      "endCol" : 18
    },
    "Stmt(EXPRESSION, 13, com.facebook.ads.sdk.Event$APIRequestGet, DEFAULT)" : {
      "startLine" : 2092,
      "endLine" : 2092,
      "startCol" : 7,
      "endCol" : 32
    },
    "Stmt(RETURN, 14, com.facebook.ads.sdk.Event$APIRequestGet, DEFAULT)" : {
      "startLine" : 2093,
      "endLine" : 2093,
      "startCol" : 7,
      "endCol" : 18
    },
    "Stmt(RETURN, 14, com.facebook.ads.sdk.Event$APIRequestGet, NON_DEFAULT)" : {
      "startLine" : 2093,
      "endLine" : 2093,
      "startCol" : 7,
      "endCol" : 18
    },
    "Stmt(RETURN, 15, com.facebook.ads.sdk.Event$APIRequestGet, DEFAULT)" : {
      "startLine" : 2098,
      "endLine" : 2098,
      "startCol" : 7,
      "endCol" : 41
    },
    "Stmt(RETURN, 15, com.facebook.ads.sdk.Event$APIRequestGet, NON_DEFAULT)" : {
      "startLine" : 2098,
      "endLine" : 2098,
      "startCol" : 7,
      "endCol" : 41
    },
    "Stmt(FOR_EACH, 16, com.facebook.ads.sdk.Event$APIRequestGet, DEFAULT)" : {
      "startLine" : 2102,
      "endLine" : 2104,
      "startCol" : 7,
      "endCol" : 7
    },
    "Stmt(EXPRESSION, 17, com.facebook.ads.sdk.Event$APIRequestGet, DEFAULT)" : {
      "startLine" : 2103,
      "endLine" : 2103,
      "startCol" : 9,
      "endCol" : 40
    },
    "Stmt(RETURN, 18, com.facebook.ads.sdk.Event$APIRequestGet, DEFAULT)" : {
      "startLine" : 2105,
      "endLine" : 2105,
      "startCol" : 7,
      "endCol" : 18
    },
    "Stmt(RETURN, 18, com.facebook.ads.sdk.Event$APIRequestGet, NON_DEFAULT)" : {
      "startLine" : 2105,
      "endLine" : 2105,
      "startCol" : 7,
      "endCol" : 18
    },
    "Stmt(RETURN, 19, com.facebook.ads.sdk.Event$APIRequestGet, DEFAULT)" : {
      "startLine" : 2110,
      "endLine" : 2110,
      "startCol" : 7,
      "endCol" : 46
    },
    "Stmt(RETURN, 19, com.facebook.ads.sdk.Event$APIRequestGet, NON_DEFAULT)" : {
      "startLine" : 2110,
      "endLine" : 2110,
      "startCol" : 7,
      "endCol" : 46
    },
    "Stmt(FOR_EACH, 20, com.facebook.ads.sdk.Event$APIRequestGet, DEFAULT)" : {
      "startLine" : 2115,
      "endLine" : 2117,
      "startCol" : 7,
      "endCol" : 7
    },
    "Stmt(EXPRESSION, 21, com.facebook.ads.sdk.Event$APIRequestGet, DEFAULT)" : {
      "startLine" : 2116,
      "endLine" : 2116,
      "startCol" : 9,
      "endCol" : 40
    },
    "Stmt(RETURN, 22, com.facebook.ads.sdk.Event$APIRequestGet, DEFAULT)" : {
      "startLine" : 2118,
      "endLine" : 2118,
      "startCol" : 7,
      "endCol" : 18
    },
    "Stmt(RETURN, 22, com.facebook.ads.sdk.Event$APIRequestGet, NON_DEFAULT)" : {
      "startLine" : 2118,
      "endLine" : 2118,
      "startCol" : 7,
      "endCol" : 18
    },
    "Stmt(EXPRESSION, 23, com.facebook.ads.sdk.Event$APIRequestGet, DEFAULT)" : {
      "startLine" : 2123,
      "endLine" : 2123,
      "startCol" : 7,
      "endCol" : 37
    },
    "Stmt(RETURN, 24, com.facebook.ads.sdk.Event$APIRequestGet, DEFAULT)" : {
      "startLine" : 2124,
      "endLine" : 2124,
      "startCol" : 7,
      "endCol" : 18
    },
    "Stmt(RETURN, 24, com.facebook.ads.sdk.Event$APIRequestGet, NON_DEFAULT)" : {
      "startLine" : 2124,
      "endLine" : 2124,
      "startCol" : 7,
      "endCol" : 18
    },
    "Stmt(EXPRESSION, 25, com.facebook.ads.sdk.Event$APIRequestGet, DEFAULT)" : {
      "startLine" : 2129,
      "endLine" : 2129,
      "startCol" : 7,
      "endCol" : 46
    },
    "Stmt(RETURN, 26, com.facebook.ads.sdk.Event$APIRequestGet, DEFAULT)" : {
      "startLine" : 2130,
      "endLine" : 2130,
      "startCol" : 7,
      "endCol" : 18
    },
    "Stmt(RETURN, 26, com.facebook.ads.sdk.Event$APIRequestGet, NON_DEFAULT)" : {
      "startLine" : 2130,
      "endLine" : 2130,
      "startCol" : 7,
      "endCol" : 18
    },
    "Stmt(RETURN, 27, com.facebook.ads.sdk.Event$APIRequestGet, DEFAULT)" : {
      "startLine" : 2134,
      "endLine" : 2134,
      "startCol" : 7,
      "endCol" : 51
    },
    "Stmt(RETURN, 27, com.facebook.ads.sdk.Event$APIRequestGet, NON_DEFAULT)" : {
      "startLine" : 2134,
      "endLine" : 2134,
      "startCol" : 7,
      "endCol" : 51
    },
    "Stmt(EXPRESSION, 28, com.facebook.ads.sdk.Event$APIRequestGet, DEFAULT)" : {
      "startLine" : 2137,
      "endLine" : 2137,
      "startCol" : 7,
      "endCol" : 50
    },
    "Stmt(RETURN, 29, com.facebook.ads.sdk.Event$APIRequestGet, DEFAULT)" : {
      "startLine" : 2138,
      "endLine" : 2138,
      "startCol" : 7,
      "endCol" : 18
    },
    "Stmt(RETURN, 29, com.facebook.ads.sdk.Event$APIRequestGet, NON_DEFAULT)" : {
      "startLine" : 2138,
      "endLine" : 2138,
      "startCol" : 7,
      "endCol" : 18
    },
    "Stmt(RETURN, 30, com.facebook.ads.sdk.Event$APIRequestGet, DEFAULT)" : {
      "startLine" : 2141,
      "endLine" : 2141,
      "startCol" : 7,
      "endCol" : 52
    },
    "Stmt(RETURN, 30, com.facebook.ads.sdk.Event$APIRequestGet, NON_DEFAULT)" : {
      "startLine" : 2141,
      "endLine" : 2141,
      "startCol" : 7,
      "endCol" : 52
    },
    "Stmt(EXPRESSION, 31, com.facebook.ads.sdk.Event$APIRequestGet, DEFAULT)" : {
      "startLine" : 2144,
      "endLine" : 2144,
      "startCol" : 7,
      "endCol" : 52
    },
    "Stmt(RETURN, 32, com.facebook.ads.sdk.Event$APIRequestGet, DEFAULT)" : {
      "startLine" : 2145,
      "endLine" : 2145,
      "startCol" : 7,
      "endCol" : 18
    },
    "Stmt(RETURN, 32, com.facebook.ads.sdk.Event$APIRequestGet, NON_DEFAULT)" : {
      "startLine" : 2145,
      "endLine" : 2145,
      "startCol" : 7,
      "endCol" : 18
    },
    "Stmt(RETURN, 33, com.facebook.ads.sdk.Event$APIRequestGet, DEFAULT)" : {
      "startLine" : 2148,
      "endLine" : 2148,
      "startCol" : 7,
      "endCol" : 45
    },
    "Stmt(RETURN, 33, com.facebook.ads.sdk.Event$APIRequestGet, NON_DEFAULT)" : {
      "startLine" : 2148,
      "endLine" : 2148,
      "startCol" : 7,
      "endCol" : 45
    },
    "Stmt(EXPRESSION, 34, com.facebook.ads.sdk.Event$APIRequestGet, DEFAULT)" : {
      "startLine" : 2151,
      "endLine" : 2151,
      "startCol" : 7,
      "endCol" : 43
    },
    "Stmt(RETURN, 35, com.facebook.ads.sdk.Event$APIRequestGet, DEFAULT)" : {
      "startLine" : 2152,
      "endLine" : 2152,
      "startCol" : 7,
      "endCol" : 18
    },
    "Stmt(RETURN, 35, com.facebook.ads.sdk.Event$APIRequestGet, NON_DEFAULT)" : {
      "startLine" : 2152,
      "endLine" : 2152,
      "startCol" : 7,
      "endCol" : 18
    },
    "Stmt(RETURN, 36, com.facebook.ads.sdk.Event$APIRequestGet, DEFAULT)" : {
      "startLine" : 2155,
      "endLine" : 2155,
      "startCol" : 7,
      "endCol" : 42
    },
    "Stmt(RETURN, 36, com.facebook.ads.sdk.Event$APIRequestGet, NON_DEFAULT)" : {
      "startLine" : 2155,
      "endLine" : 2155,
      "startCol" : 7,
      "endCol" : 42
    },
    "Stmt(EXPRESSION, 37, com.facebook.ads.sdk.Event$APIRequestGet, DEFAULT)" : {
      "startLine" : 2158,
      "endLine" : 2158,
      "startCol" : 7,
      "endCol" : 40
    },
    "Stmt(RETURN, 38, com.facebook.ads.sdk.Event$APIRequestGet, DEFAULT)" : {
      "startLine" : 2159,
      "endLine" : 2159,
      "startCol" : 7,
      "endCol" : 18
    },
    "Stmt(RETURN, 38, com.facebook.ads.sdk.Event$APIRequestGet, NON_DEFAULT)" : {
      "startLine" : 2159,
      "endLine" : 2159,
      "startCol" : 7,
      "endCol" : 18
    },
    "Stmt(RETURN, 39, com.facebook.ads.sdk.Event$APIRequestGet, DEFAULT)" : {
      "startLine" : 2162,
      "endLine" : 2162,
      "startCol" : 7,
      "endCol" : 48
    },
    "Stmt(RETURN, 39, com.facebook.ads.sdk.Event$APIRequestGet, NON_DEFAULT)" : {
      "startLine" : 2162,
      "endLine" : 2162,
      "startCol" : 7,
      "endCol" : 48
    },
    "Stmt(EXPRESSION, 40, com.facebook.ads.sdk.Event$APIRequestGet, DEFAULT)" : {
      "startLine" : 2165,
      "endLine" : 2165,
      "startCol" : 7,
      "endCol" : 47
    },
    "Stmt(RETURN, 41, com.facebook.ads.sdk.Event$APIRequestGet, DEFAULT)" : {
      "startLine" : 2166,
      "endLine" : 2166,
      "startCol" : 7,
      "endCol" : 18
    },
    "Stmt(RETURN, 41, com.facebook.ads.sdk.Event$APIRequestGet, NON_DEFAULT)" : {
      "startLine" : 2166,
      "endLine" : 2166,
      "startCol" : 7,
      "endCol" : 18
    },
    "Stmt(RETURN, 42, com.facebook.ads.sdk.Event$APIRequestGet, DEFAULT)" : {
      "startLine" : 2169,
      "endLine" : 2169,
      "startCol" : 7,
      "endCol" : 50
    },
    "Stmt(RETURN, 42, com.facebook.ads.sdk.Event$APIRequestGet, NON_DEFAULT)" : {
      "startLine" : 2169,
      "endLine" : 2169,
      "startCol" : 7,
      "endCol" : 50
    },
    "Stmt(EXPRESSION, 43, com.facebook.ads.sdk.Event$APIRequestGet, DEFAULT)" : {
      "startLine" : 2172,
      "endLine" : 2172,
      "startCol" : 7,
      "endCol" : 49
    },
    "Stmt(RETURN, 44, com.facebook.ads.sdk.Event$APIRequestGet, DEFAULT)" : {
      "startLine" : 2173,
      "endLine" : 2173,
      "startCol" : 7,
      "endCol" : 18
    },
    "Stmt(RETURN, 44, com.facebook.ads.sdk.Event$APIRequestGet, NON_DEFAULT)" : {
      "startLine" : 2173,
      "endLine" : 2173,
      "startCol" : 7,
      "endCol" : 18
    },
    "Stmt(RETURN, 45, com.facebook.ads.sdk.Event$APIRequestGet, DEFAULT)" : {
      "startLine" : 2176,
      "endLine" : 2176,
      "startCol" : 7,
      "endCol" : 48
    },
    "Stmt(RETURN, 45, com.facebook.ads.sdk.Event$APIRequestGet, NON_DEFAULT)" : {
      "startLine" : 2176,
      "endLine" : 2176,
      "startCol" : 7,
      "endCol" : 48
    },
    "Stmt(EXPRESSION, 46, com.facebook.ads.sdk.Event$APIRequestGet, DEFAULT)" : {
      "startLine" : 2179,
      "endLine" : 2179,
      "startCol" : 7,
      "endCol" : 46
    },
    "Stmt(RETURN, 47, com.facebook.ads.sdk.Event$APIRequestGet, DEFAULT)" : {
      "startLine" : 2180,
      "endLine" : 2180,
      "startCol" : 7,
      "endCol" : 18
    },
    "Stmt(RETURN, 47, com.facebook.ads.sdk.Event$APIRequestGet, NON_DEFAULT)" : {
      "startLine" : 2180,
      "endLine" : 2180,
      "startCol" : 7,
      "endCol" : 18
    },
    "Stmt(RETURN, 48, com.facebook.ads.sdk.Event$APIRequestGet, DEFAULT)" : {
      "startLine" : 2183,
      "endLine" : 2183,
      "startCol" : 7,
      "endCol" : 56
    },
    "Stmt(RETURN, 48, com.facebook.ads.sdk.Event$APIRequestGet, NON_DEFAULT)" : {
      "startLine" : 2183,
      "endLine" : 2183,
      "startCol" : 7,
      "endCol" : 56
    },
    "Stmt(EXPRESSION, 49, com.facebook.ads.sdk.Event$APIRequestGet, DEFAULT)" : {
      "startLine" : 2186,
      "endLine" : 2186,
      "startCol" : 7,
      "endCol" : 56
    },
    "Stmt(RETURN, 50, com.facebook.ads.sdk.Event$APIRequestGet, DEFAULT)" : {
      "startLine" : 2187,
      "endLine" : 2187,
      "startCol" : 7,
      "endCol" : 18
    },
    "Stmt(RETURN, 50, com.facebook.ads.sdk.Event$APIRequestGet, NON_DEFAULT)" : {
      "startLine" : 2187,
      "endLine" : 2187,
      "startCol" : 7,
      "endCol" : 18
    },
    "Stmt(RETURN, 51, com.facebook.ads.sdk.Event$APIRequestGet, DEFAULT)" : {
      "startLine" : 2190,
      "endLine" : 2190,
      "startCol" : 7,
      "endCol" : 44
    },
    "Stmt(RETURN, 51, com.facebook.ads.sdk.Event$APIRequestGet, NON_DEFAULT)" : {
      "startLine" : 2190,
      "endLine" : 2190,
      "startCol" : 7,
      "endCol" : 44
    },
    "Stmt(EXPRESSION, 52, com.facebook.ads.sdk.Event$APIRequestGet, DEFAULT)" : {
      "startLine" : 2193,
      "endLine" : 2193,
      "startCol" : 7,
      "endCol" : 43
    },
    "Stmt(RETURN, 53, com.facebook.ads.sdk.Event$APIRequestGet, DEFAULT)" : {
      "startLine" : 2194,
      "endLine" : 2194,
      "startCol" : 7,
      "endCol" : 18
    },
    "Stmt(RETURN, 53, com.facebook.ads.sdk.Event$APIRequestGet, NON_DEFAULT)" : {
      "startLine" : 2194,
      "endLine" : 2194,
      "startCol" : 7,
      "endCol" : 18
    },
    "Stmt(RETURN, 54, com.facebook.ads.sdk.Event$APIRequestGet, DEFAULT)" : {
      "startLine" : 2197,
      "endLine" : 2197,
      "startCol" : 7,
      "endCol" : 47
    },
    "Stmt(RETURN, 54, com.facebook.ads.sdk.Event$APIRequestGet, NON_DEFAULT)" : {
      "startLine" : 2197,
      "endLine" : 2197,
      "startCol" : 7,
      "endCol" : 47
    },
    "Stmt(EXPRESSION, 55, com.facebook.ads.sdk.Event$APIRequestGet, DEFAULT)" : {
      "startLine" : 2200,
      "endLine" : 2200,
      "startCol" : 7,
      "endCol" : 46
    },
    "Stmt(RETURN, 56, com.facebook.ads.sdk.Event$APIRequestGet, DEFAULT)" : {
      "startLine" : 2201,
      "endLine" : 2201,
      "startCol" : 7,
      "endCol" : 18
    },
    "Stmt(RETURN, 56, com.facebook.ads.sdk.Event$APIRequestGet, NON_DEFAULT)" : {
      "startLine" : 2201,
      "endLine" : 2201,
      "startCol" : 7,
      "endCol" : 18
    },
    "Stmt(RETURN, 57, com.facebook.ads.sdk.Event$APIRequestGet, DEFAULT)" : {
      "startLine" : 2204,
      "endLine" : 2204,
      "startCol" : 7,
      "endCol" : 53
    },
    "Stmt(RETURN, 57, com.facebook.ads.sdk.Event$APIRequestGet, NON_DEFAULT)" : {
      "startLine" : 2204,
      "endLine" : 2204,
      "startCol" : 7,
      "endCol" : 53
    },
    "Stmt(EXPRESSION, 58, com.facebook.ads.sdk.Event$APIRequestGet, DEFAULT)" : {
      "startLine" : 2207,
      "endLine" : 2207,
      "startCol" : 7,
      "endCol" : 53
    },
    "Stmt(RETURN, 59, com.facebook.ads.sdk.Event$APIRequestGet, DEFAULT)" : {
      "startLine" : 2208,
      "endLine" : 2208,
      "startCol" : 7,
      "endCol" : 18
    },
    "Stmt(RETURN, 59, com.facebook.ads.sdk.Event$APIRequestGet, NON_DEFAULT)" : {
      "startLine" : 2208,
      "endLine" : 2208,
      "startCol" : 7,
      "endCol" : 18
    },
    "Stmt(RETURN, 60, com.facebook.ads.sdk.Event$APIRequestGet, DEFAULT)" : {
      "startLine" : 2211,
      "endLine" : 2211,
      "startCol" : 7,
      "endCol" : 39
    },
    "Stmt(RETURN, 60, com.facebook.ads.sdk.Event$APIRequestGet, NON_DEFAULT)" : {
      "startLine" : 2211,
      "endLine" : 2211,
      "startCol" : 7,
      "endCol" : 39
    },
    "Stmt(EXPRESSION, 61, com.facebook.ads.sdk.Event$APIRequestGet, DEFAULT)" : {
      "startLine" : 2214,
      "endLine" : 2214,
      "startCol" : 7,
      "endCol" : 37
    },
    "Stmt(RETURN, 62, com.facebook.ads.sdk.Event$APIRequestGet, DEFAULT)" : {
      "startLine" : 2215,
      "endLine" : 2215,
      "startCol" : 7,
      "endCol" : 18
    },
    "Stmt(RETURN, 62, com.facebook.ads.sdk.Event$APIRequestGet, NON_DEFAULT)" : {
      "startLine" : 2215,
      "endLine" : 2215,
      "startCol" : 7,
      "endCol" : 18
    },
    "Stmt(RETURN, 63, com.facebook.ads.sdk.Event$APIRequestGet, DEFAULT)" : {
      "startLine" : 2218,
      "endLine" : 2218,
      "startCol" : 7,
      "endCol" : 52
    },
    "Stmt(RETURN, 63, com.facebook.ads.sdk.Event$APIRequestGet, NON_DEFAULT)" : {
      "startLine" : 2218,
      "endLine" : 2218,
      "startCol" : 7,
      "endCol" : 52
    },
    "Stmt(EXPRESSION, 64, com.facebook.ads.sdk.Event$APIRequestGet, DEFAULT)" : {
      "startLine" : 2221,
      "endLine" : 2221,
      "startCol" : 7,
      "endCol" : 51
    },
    "Stmt(RETURN, 65, com.facebook.ads.sdk.Event$APIRequestGet, DEFAULT)" : {
      "startLine" : 2222,
      "endLine" : 2222,
      "startCol" : 7,
      "endCol" : 18
    },
    "Stmt(RETURN, 65, com.facebook.ads.sdk.Event$APIRequestGet, NON_DEFAULT)" : {
      "startLine" : 2222,
      "endLine" : 2222,
      "startCol" : 7,
      "endCol" : 18
    },
    "Stmt(RETURN, 66, com.facebook.ads.sdk.Event$APIRequestGet, DEFAULT)" : {
      "startLine" : 2225,
      "endLine" : 2225,
      "startCol" : 7,
      "endCol" : 47
    },
    "Stmt(RETURN, 66, com.facebook.ads.sdk.Event$APIRequestGet, NON_DEFAULT)" : {
      "startLine" : 2225,
      "endLine" : 2225,
      "startCol" : 7,
      "endCol" : 47
    },
    "Stmt(EXPRESSION, 67, com.facebook.ads.sdk.Event$APIRequestGet, DEFAULT)" : {
      "startLine" : 2228,
      "endLine" : 2228,
      "startCol" : 7,
      "endCol" : 46
    },
    "Stmt(RETURN, 68, com.facebook.ads.sdk.Event$APIRequestGet, DEFAULT)" : {
      "startLine" : 2229,
      "endLine" : 2229,
      "startCol" : 7,
      "endCol" : 18
    },
    "Stmt(RETURN, 68, com.facebook.ads.sdk.Event$APIRequestGet, NON_DEFAULT)" : {
      "startLine" : 2229,
      "endLine" : 2229,
      "startCol" : 7,
      "endCol" : 18
    },
    "Stmt(RETURN, 69, com.facebook.ads.sdk.Event$APIRequestGet, DEFAULT)" : {
      "startLine" : 2232,
      "endLine" : 2232,
      "startCol" : 7,
      "endCol" : 44
    },
    "Stmt(RETURN, 69, com.facebook.ads.sdk.Event$APIRequestGet, NON_DEFAULT)" : {
      "startLine" : 2232,
      "endLine" : 2232,
      "startCol" : 7,
      "endCol" : 44
    },
    "Stmt(EXPRESSION, 70, com.facebook.ads.sdk.Event$APIRequestGet, DEFAULT)" : {
      "startLine" : 2235,
      "endLine" : 2235,
      "startCol" : 7,
      "endCol" : 43
    },
    "Stmt(RETURN, 71, com.facebook.ads.sdk.Event$APIRequestGet, DEFAULT)" : {
      "startLine" : 2236,
      "endLine" : 2236,
      "startCol" : 7,
      "endCol" : 18
    },
    "Stmt(RETURN, 71, com.facebook.ads.sdk.Event$APIRequestGet, NON_DEFAULT)" : {
      "startLine" : 2236,
      "endLine" : 2236,
      "startCol" : 7,
      "endCol" : 18
    },
    "Stmt(RETURN, 72, com.facebook.ads.sdk.Event$APIRequestGet, DEFAULT)" : {
      "startLine" : 2239,
      "endLine" : 2239,
      "startCol" : 7,
      "endCol" : 45
    },
    "Stmt(RETURN, 72, com.facebook.ads.sdk.Event$APIRequestGet, NON_DEFAULT)" : {
      "startLine" : 2239,
      "endLine" : 2239,
      "startCol" : 7,
      "endCol" : 45
    },
    "Stmt(EXPRESSION, 73, com.facebook.ads.sdk.Event$APIRequestGet, DEFAULT)" : {
      "startLine" : 2242,
      "endLine" : 2242,
      "startCol" : 7,
      "endCol" : 44
    },
    "Stmt(RETURN, 74, com.facebook.ads.sdk.Event$APIRequestGet, DEFAULT)" : {
      "startLine" : 2243,
      "endLine" : 2243,
      "startCol" : 7,
      "endCol" : 18
    },
    "Stmt(RETURN, 74, com.facebook.ads.sdk.Event$APIRequestGet, NON_DEFAULT)" : {
      "startLine" : 2243,
      "endLine" : 2243,
      "startCol" : 7,
      "endCol" : 18
    },
    "Stmt(RETURN, 75, com.facebook.ads.sdk.Event$APIRequestGet, DEFAULT)" : {
      "startLine" : 2246,
      "endLine" : 2246,
      "startCol" : 7,
      "endCol" : 48
    },
    "Stmt(RETURN, 75, com.facebook.ads.sdk.Event$APIRequestGet, NON_DEFAULT)" : {
      "startLine" : 2246,
      "endLine" : 2246,
      "startCol" : 7,
      "endCol" : 48
    },
    "Stmt(EXPRESSION, 76, com.facebook.ads.sdk.Event$APIRequestGet, DEFAULT)" : {
      "startLine" : 2249,
      "endLine" : 2249,
      "startCol" : 7,
      "endCol" : 48
    },
    "Stmt(RETURN, 77, com.facebook.ads.sdk.Event$APIRequestGet, DEFAULT)" : {
      "startLine" : 2250,
      "endLine" : 2250,
      "startCol" : 7,
      "endCol" : 18
    },
    "Stmt(RETURN, 77, com.facebook.ads.sdk.Event$APIRequestGet, NON_DEFAULT)" : {
      "startLine" : 2250,
      "endLine" : 2250,
      "startCol" : 7,
      "endCol" : 18
    },
    "Stmt(RETURN, 78, com.facebook.ads.sdk.Event$APIRequestGet, DEFAULT)" : {
      "startLine" : 2253,
      "endLine" : 2253,
      "startCol" : 7,
      "endCol" : 47
    },
    "Stmt(RETURN, 78, com.facebook.ads.sdk.Event$APIRequestGet, NON_DEFAULT)" : {
      "startLine" : 2253,
      "endLine" : 2253,
      "startCol" : 7,
      "endCol" : 47
    },
    "Stmt(EXPRESSION, 79, com.facebook.ads.sdk.Event$APIRequestGet, DEFAULT)" : {
      "startLine" : 2256,
      "endLine" : 2256,
      "startCol" : 7,
      "endCol" : 46
    },
    "Stmt(RETURN, 80, com.facebook.ads.sdk.Event$APIRequestGet, DEFAULT)" : {
      "startLine" : 2257,
      "endLine" : 2257,
      "startCol" : 7,
      "endCol" : 18
    },
    "Stmt(RETURN, 80, com.facebook.ads.sdk.Event$APIRequestGet, NON_DEFAULT)" : {
      "startLine" : 2257,
      "endLine" : 2257,
      "startCol" : 7,
      "endCol" : 18
    },
    "Stmt(RETURN, 81, com.facebook.ads.sdk.Event$APIRequestGet, DEFAULT)" : {
      "startLine" : 2260,
      "endLine" : 2260,
      "startCol" : 7,
      "endCol" : 41
    },
    "Stmt(RETURN, 81, com.facebook.ads.sdk.Event$APIRequestGet, NON_DEFAULT)" : {
      "startLine" : 2260,
      "endLine" : 2260,
      "startCol" : 7,
      "endCol" : 41
    },
    "Stmt(EXPRESSION, 82, com.facebook.ads.sdk.Event$APIRequestGet, DEFAULT)" : {
      "startLine" : 2263,
      "endLine" : 2263,
      "startCol" : 7,
      "endCol" : 39
    },
    "Stmt(RETURN, 83, com.facebook.ads.sdk.Event$APIRequestGet, DEFAULT)" : {
      "startLine" : 2264,
      "endLine" : 2264,
      "startCol" : 7,
      "endCol" : 18
    },
    "Stmt(RETURN, 83, com.facebook.ads.sdk.Event$APIRequestGet, NON_DEFAULT)" : {
      "startLine" : 2264,
      "endLine" : 2264,
      "startCol" : 7,
      "endCol" : 18
    },
    "Stmt(RETURN, 84, com.facebook.ads.sdk.Event$APIRequestGet, DEFAULT)" : {
      "startLine" : 2267,
      "endLine" : 2267,
      "startCol" : 7,
      "endCol" : 49
    },
    "Stmt(RETURN, 84, com.facebook.ads.sdk.Event$APIRequestGet, NON_DEFAULT)" : {
      "startLine" : 2267,
      "endLine" : 2267,
      "startCol" : 7,
      "endCol" : 49
    },
    "Stmt(EXPRESSION, 85, com.facebook.ads.sdk.Event$APIRequestGet, DEFAULT)" : {
      "startLine" : 2270,
      "endLine" : 2270,
      "startCol" : 7,
      "endCol" : 48
    },
    "Stmt(RETURN, 86, com.facebook.ads.sdk.Event$APIRequestGet, DEFAULT)" : {
      "startLine" : 2271,
      "endLine" : 2271,
      "startCol" : 7,
      "endCol" : 18
    },
    "Stmt(RETURN, 86, com.facebook.ads.sdk.Event$APIRequestGet, NON_DEFAULT)" : {
      "startLine" : 2271,
      "endLine" : 2271,
      "startCol" : 7,
      "endCol" : 18
    },
    "Stmt(RETURN, 87, com.facebook.ads.sdk.Event$APIRequestGet, DEFAULT)" : {
      "startLine" : 2274,
      "endLine" : 2274,
      "startCol" : 7,
      "endCol" : 54
    },
    "Stmt(RETURN, 87, com.facebook.ads.sdk.Event$APIRequestGet, NON_DEFAULT)" : {
      "startLine" : 2274,
      "endLine" : 2274,
      "startCol" : 7,
      "endCol" : 54
    },
    "Stmt(EXPRESSION, 88, com.facebook.ads.sdk.Event$APIRequestGet, DEFAULT)" : {
      "startLine" : 2277,
      "endLine" : 2277,
      "startCol" : 7,
      "endCol" : 54
    },
    "Stmt(RETURN, 89, com.facebook.ads.sdk.Event$APIRequestGet, DEFAULT)" : {
      "startLine" : 2278,
      "endLine" : 2278,
      "startCol" : 7,
      "endCol" : 18
    },
    "Stmt(RETURN, 89, com.facebook.ads.sdk.Event$APIRequestGet, NON_DEFAULT)" : {
      "startLine" : 2278,
      "endLine" : 2278,
      "startCol" : 7,
      "endCol" : 18
    },
    "Stmt(RETURN, 90, com.facebook.ads.sdk.Event$APIRequestGet, DEFAULT)" : {
      "startLine" : 2281,
      "endLine" : 2281,
      "startCol" : 7,
      "endCol" : 61
    },
    "Stmt(RETURN, 90, com.facebook.ads.sdk.Event$APIRequestGet, NON_DEFAULT)" : {
      "startLine" : 2281,
      "endLine" : 2281,
      "startCol" : 7,
      "endCol" : 61
    },
    "Stmt(EXPRESSION, 91, com.facebook.ads.sdk.Event$APIRequestGet, DEFAULT)" : {
      "startLine" : 2284,
      "endLine" : 2284,
      "startCol" : 7,
      "endCol" : 63
    },
    "Stmt(RETURN, 92, com.facebook.ads.sdk.Event$APIRequestGet, DEFAULT)" : {
      "startLine" : 2285,
      "endLine" : 2285,
      "startCol" : 7,
      "endCol" : 18
    },
    "Stmt(RETURN, 92, com.facebook.ads.sdk.Event$APIRequestGet, NON_DEFAULT)" : {
      "startLine" : 2285,
      "endLine" : 2285,
      "startCol" : 7,
      "endCol" : 18
    },
    "Stmt(RETURN, 93, com.facebook.ads.sdk.Event$APIRequestGet, DEFAULT)" : {
      "startLine" : 2288,
      "endLine" : 2288,
      "startCol" : 7,
      "endCol" : 42
    },
    "Stmt(RETURN, 93, com.facebook.ads.sdk.Event$APIRequestGet, NON_DEFAULT)" : {
      "startLine" : 2288,
      "endLine" : 2288,
      "startCol" : 7,
      "endCol" : 42
    },
    "Stmt(EXPRESSION, 94, com.facebook.ads.sdk.Event$APIRequestGet, DEFAULT)" : {
      "startLine" : 2291,
      "endLine" : 2291,
      "startCol" : 7,
      "endCol" : 40
    },
    "Stmt(RETURN, 95, com.facebook.ads.sdk.Event$APIRequestGet, DEFAULT)" : {
      "startLine" : 2292,
      "endLine" : 2292,
      "startCol" : 7,
      "endCol" : 18
    },
    "Stmt(RETURN, 95, com.facebook.ads.sdk.Event$APIRequestGet, NON_DEFAULT)" : {
      "startLine" : 2292,
      "endLine" : 2292,
      "startCol" : 7,
      "endCol" : 18
    },
    "Stmt(RETURN, 96, com.facebook.ads.sdk.Event$APIRequestGet, DEFAULT)" : {
      "startLine" : 2295,
      "endLine" : 2295,
      "startCol" : 7,
      "endCol" : 48
    },
    "Stmt(RETURN, 96, com.facebook.ads.sdk.Event$APIRequestGet, NON_DEFAULT)" : {
      "startLine" : 2295,
      "endLine" : 2295,
      "startCol" : 7,
      "endCol" : 48
    },
    "Stmt(EXPRESSION, 97, com.facebook.ads.sdk.Event$APIRequestGet, DEFAULT)" : {
      "startLine" : 2298,
      "endLine" : 2298,
      "startCol" : 7,
      "endCol" : 47
    },
    "Stmt(RETURN, 98, com.facebook.ads.sdk.Event$APIRequestGet, DEFAULT)" : {
      "startLine" : 2299,
      "endLine" : 2299,
      "startCol" : 7,
      "endCol" : 18
    },
    "Stmt(RETURN, 98, com.facebook.ads.sdk.Event$APIRequestGet, NON_DEFAULT)" : {
      "startLine" : 2299,
      "endLine" : 2299,
      "startCol" : 7,
      "endCol" : 18
    },
    "Stmt(RETURN, 99, com.facebook.ads.sdk.Event$APIRequestGet, DEFAULT)" : {
      "startLine" : 2302,
      "endLine" : 2302,
      "startCol" : 7,
      "endCol" : 42
    },
    "Stmt(RETURN, 99, com.facebook.ads.sdk.Event$APIRequestGet, NON_DEFAULT)" : {
      "startLine" : 2302,
      "endLine" : 2302,
      "startCol" : 7,
      "endCol" : 42
    },
    "Stmt(EXPRESSION, 100, com.facebook.ads.sdk.Event$APIRequestGet, DEFAULT)" : {
      "startLine" : 2305,
      "endLine" : 2305,
      "startCol" : 7,
      "endCol" : 40
    },
    "Stmt(RETURN, 101, com.facebook.ads.sdk.Event$APIRequestGet, DEFAULT)" : {
      "startLine" : 2306,
      "endLine" : 2306,
      "startCol" : 7,
      "endCol" : 18
    },
    "Stmt(RETURN, 101, com.facebook.ads.sdk.Event$APIRequestGet, NON_DEFAULT)" : {
      "startLine" : 2306,
      "endLine" : 2306,
      "startCol" : 7,
      "endCol" : 18
    },
    "Stmt(RETURN, 102, com.facebook.ads.sdk.Event$APIRequestGet, DEFAULT)" : {
      "startLine" : 2309,
      "endLine" : 2309,
      "startCol" : 7,
      "endCol" : 56
    },
    "Stmt(RETURN, 102, com.facebook.ads.sdk.Event$APIRequestGet, NON_DEFAULT)" : {
      "startLine" : 2309,
      "endLine" : 2309,
      "startCol" : 7,
      "endCol" : 56
    },
    "Stmt(EXPRESSION, 103, com.facebook.ads.sdk.Event$APIRequestGet, DEFAULT)" : {
      "startLine" : 2312,
      "endLine" : 2312,
      "startCol" : 7,
      "endCol" : 55
    },
    "Stmt(RETURN, 104, com.facebook.ads.sdk.Event$APIRequestGet, DEFAULT)" : {
      "startLine" : 2313,
      "endLine" : 2313,
      "startCol" : 7,
      "endCol" : 18
    },
    "Stmt(RETURN, 104, com.facebook.ads.sdk.Event$APIRequestGet, NON_DEFAULT)" : {
      "startLine" : 2313,
      "endLine" : 2313,
      "startCol" : 7,
      "endCol" : 18
    },
    "Stmt(RETURN, 105, com.facebook.ads.sdk.Event$APIRequestGet, DEFAULT)" : {
      "startLine" : 2316,
      "endLine" : 2316,
      "startCol" : 7,
      "endCol" : 57
    },
    "Stmt(RETURN, 105, com.facebook.ads.sdk.Event$APIRequestGet, NON_DEFAULT)" : {
      "startLine" : 2316,
      "endLine" : 2316,
      "startCol" : 7,
      "endCol" : 57
    },
    "Stmt(EXPRESSION, 106, com.facebook.ads.sdk.Event$APIRequestGet, DEFAULT)" : {
      "startLine" : 2319,
      "endLine" : 2319,
      "startCol" : 7,
      "endCol" : 57
    },
    "Stmt(RETURN, 107, com.facebook.ads.sdk.Event$APIRequestGet, DEFAULT)" : {
      "startLine" : 2320,
      "endLine" : 2320,
      "startCol" : 7,
      "endCol" : 18
    },
    "Stmt(RETURN, 107, com.facebook.ads.sdk.Event$APIRequestGet, NON_DEFAULT)" : {
      "startLine" : 2320,
      "endLine" : 2320,
      "startCol" : 7,
      "endCol" : 18
    },
    "Stmt(RETURN, 108, com.facebook.ads.sdk.Event$APIRequestGet, DEFAULT)" : {
      "startLine" : 2323,
      "endLine" : 2323,
      "startCol" : 7,
      "endCol" : 46
    },
    "Stmt(RETURN, 108, com.facebook.ads.sdk.Event$APIRequestGet, NON_DEFAULT)" : {
      "startLine" : 2323,
      "endLine" : 2323,
      "startCol" : 7,
      "endCol" : 46
    },
    "Stmt(EXPRESSION, 109, com.facebook.ads.sdk.Event$APIRequestGet, DEFAULT)" : {
      "startLine" : 2326,
      "endLine" : 2326,
      "startCol" : 7,
      "endCol" : 45
    },
    "Stmt(RETURN, 110, com.facebook.ads.sdk.Event$APIRequestGet, DEFAULT)" : {
      "startLine" : 2327,
      "endLine" : 2327,
      "startCol" : 7,
      "endCol" : 18
    },
    "Stmt(RETURN, 110, com.facebook.ads.sdk.Event$APIRequestGet, NON_DEFAULT)" : {
      "startLine" : 2327,
      "endLine" : 2327,
      "startCol" : 7,
      "endCol" : 18
    },
    "Stmt(RETURN, 111, com.facebook.ads.sdk.Event$APIRequestGet, DEFAULT)" : {
      "startLine" : 2330,
      "endLine" : 2330,
      "startCol" : 7,
      "endCol" : 50
    },
    "Stmt(RETURN, 111, com.facebook.ads.sdk.Event$APIRequestGet, NON_DEFAULT)" : {
      "startLine" : 2330,
      "endLine" : 2330,
      "startCol" : 7,
      "endCol" : 50
    },
    "Stmt(EXPRESSION, 112, com.facebook.ads.sdk.Event$APIRequestGet, DEFAULT)" : {
      "startLine" : 2333,
      "endLine" : 2333,
      "startCol" : 7,
      "endCol" : 49
    },
    "Stmt(RETURN, 113, com.facebook.ads.sdk.Event$APIRequestGet, DEFAULT)" : {
      "startLine" : 2334,
      "endLine" : 2334,
      "startCol" : 7,
      "endCol" : 18
    },
    "Stmt(RETURN, 113, com.facebook.ads.sdk.Event$APIRequestGet, NON_DEFAULT)" : {
      "startLine" : 2334,
      "endLine" : 2334,
      "startCol" : 7,
      "endCol" : 18
    },
    "Stmt(RETURN, 114, com.facebook.ads.sdk.Event$APIRequestGet, DEFAULT)" : {
      "startLine" : 2337,
      "endLine" : 2337,
      "startCol" : 7,
      "endCol" : 46
    },
    "Stmt(RETURN, 114, com.facebook.ads.sdk.Event$APIRequestGet, NON_DEFAULT)" : {
      "startLine" : 2337,
      "endLine" : 2337,
      "startCol" : 7,
      "endCol" : 46
    },
    "Stmt(EXPRESSION, 115, com.facebook.ads.sdk.Event$APIRequestGet, DEFAULT)" : {
      "startLine" : 2340,
      "endLine" : 2340,
      "startCol" : 7,
      "endCol" : 45
    },
    "Stmt(RETURN, 116, com.facebook.ads.sdk.Event$APIRequestGet, DEFAULT)" : {
      "startLine" : 2341,
      "endLine" : 2341,
      "startCol" : 7,
      "endCol" : 18
    },
    "Stmt(RETURN, 116, com.facebook.ads.sdk.Event$APIRequestGet, NON_DEFAULT)" : {
      "startLine" : 2341,
      "endLine" : 2341,
      "startCol" : 7,
      "endCol" : 18
    },
    "Stmt(RETURN, 117, com.facebook.ads.sdk.Event$APIRequestGet, DEFAULT)" : {
      "startLine" : 2344,
      "endLine" : 2344,
      "startCol" : 7,
      "endCol" : 60
    },
    "Stmt(RETURN, 117, com.facebook.ads.sdk.Event$APIRequestGet, NON_DEFAULT)" : {
      "startLine" : 2344,
      "endLine" : 2344,
      "startCol" : 7,
      "endCol" : 60
    },
    "Stmt(EXPRESSION, 118, com.facebook.ads.sdk.Event$APIRequestGet, DEFAULT)" : {
      "startLine" : 2347,
      "endLine" : 2347,
      "startCol" : 7,
      "endCol" : 62
    },
    "Stmt(RETURN, 119, com.facebook.ads.sdk.Event$APIRequestGet, DEFAULT)" : {
      "startLine" : 2348,
      "endLine" : 2348,
      "startCol" : 7,
      "endCol" : 18
    },
    "Stmt(RETURN, 119, com.facebook.ads.sdk.Event$APIRequestGet, NON_DEFAULT)" : {
      "startLine" : 2348,
      "endLine" : 2348,
      "startCol" : 7,
      "endCol" : 18
    },
    "Stmt(RETURN, 120, com.facebook.ads.sdk.Event$APIRequestGet, DEFAULT)" : {
      "startLine" : 2351,
      "endLine" : 2351,
      "startCol" : 7,
      "endCol" : 56
    },
    "Stmt(RETURN, 120, com.facebook.ads.sdk.Event$APIRequestGet, NON_DEFAULT)" : {
      "startLine" : 2351,
      "endLine" : 2351,
      "startCol" : 7,
      "endCol" : 56
    },
    "Stmt(EXPRESSION, 121, com.facebook.ads.sdk.Event$APIRequestGet, DEFAULT)" : {
      "startLine" : 2354,
      "endLine" : 2354,
      "startCol" : 7,
      "endCol" : 56
    },
    "Stmt(RETURN, 122, com.facebook.ads.sdk.Event$APIRequestGet, DEFAULT)" : {
      "startLine" : 2355,
      "endLine" : 2355,
      "startCol" : 7,
      "endCol" : 18
    },
    "Stmt(RETURN, 122, com.facebook.ads.sdk.Event$APIRequestGet, NON_DEFAULT)" : {
      "startLine" : 2355,
      "endLine" : 2355,
      "startCol" : 7,
      "endCol" : 18
    },
    "Stmt(RETURN, 123, com.facebook.ads.sdk.Event$APIRequestGet, DEFAULT)" : {
      "startLine" : 2358,
      "endLine" : 2358,
      "startCol" : 7,
      "endCol" : 54
    },
    "Stmt(RETURN, 123, com.facebook.ads.sdk.Event$APIRequestGet, NON_DEFAULT)" : {
      "startLine" : 2358,
      "endLine" : 2358,
      "startCol" : 7,
      "endCol" : 54
    },
    "Stmt(EXPRESSION, 124, com.facebook.ads.sdk.Event$APIRequestGet, DEFAULT)" : {
      "startLine" : 2361,
      "endLine" : 2361,
      "startCol" : 7,
      "endCol" : 54
    },
    "Stmt(RETURN, 125, com.facebook.ads.sdk.Event$APIRequestGet, DEFAULT)" : {
      "startLine" : 2362,
      "endLine" : 2362,
      "startCol" : 7,
      "endCol" : 18
    },
    "Stmt(RETURN, 125, com.facebook.ads.sdk.Event$APIRequestGet, NON_DEFAULT)" : {
      "startLine" : 2362,
      "endLine" : 2362,
      "startCol" : 7,
      "endCol" : 18
    },
    "Stmt(RETURN, 126, com.facebook.ads.sdk.Event$APIRequestGet, DEFAULT)" : {
      "startLine" : 2365,
      "endLine" : 2365,
      "startCol" : 7,
      "endCol" : 45
    },
    "Stmt(RETURN, 126, com.facebook.ads.sdk.Event$APIRequestGet, NON_DEFAULT)" : {
      "startLine" : 2365,
      "endLine" : 2365,
      "startCol" : 7,
      "endCol" : 45
    },
    "Stmt(EXPRESSION, 127, com.facebook.ads.sdk.Event$APIRequestGet, DEFAULT)" : {
      "startLine" : 2368,
      "endLine" : 2368,
      "startCol" : 7,
      "endCol" : 43
    },
    "Stmt(RETURN, 128, com.facebook.ads.sdk.Event$APIRequestGet, DEFAULT)" : {
      "startLine" : 2369,
      "endLine" : 2369,
      "startCol" : 7,
      "endCol" : 18
    },
    "Stmt(RETURN, 128, com.facebook.ads.sdk.Event$APIRequestGet, NON_DEFAULT)" : {
      "startLine" : 2369,
      "endLine" : 2369,
      "startCol" : 7,
      "endCol" : 18
    },
    "Stmt(RETURN, 129, com.facebook.ads.sdk.Event$APIRequestGet, DEFAULT)" : {
      "startLine" : 2372,
      "endLine" : 2372,
      "startCol" : 7,
      "endCol" : 41
    },
    "Stmt(RETURN, 129, com.facebook.ads.sdk.Event$APIRequestGet, NON_DEFAULT)" : {
      "startLine" : 2372,
      "endLine" : 2372,
      "startCol" : 7,
      "endCol" : 41
    },
    "Stmt(EXPRESSION, 130, com.facebook.ads.sdk.Event$APIRequestGet, DEFAULT)" : {
      "startLine" : 2375,
      "endLine" : 2375,
      "startCol" : 7,
      "endCol" : 39
    },
    "Stmt(RETURN, 131, com.facebook.ads.sdk.Event$APIRequestGet, DEFAULT)" : {
      "startLine" : 2376,
      "endLine" : 2376,
      "startCol" : 7,
      "endCol" : 18
    },
    "Stmt(RETURN, 131, com.facebook.ads.sdk.Event$APIRequestGet, NON_DEFAULT)" : {
      "startLine" : 2376,
      "endLine" : 2376,
      "startCol" : 7,
      "endCol" : 18
    },
    "Stmt(RETURN, 132, com.facebook.ads.sdk.Event$APIRequestGet, DEFAULT)" : {
      "startLine" : 2379,
      "endLine" : 2379,
      "startCol" : 7,
      "endCol" : 48
    },
    "Stmt(RETURN, 132, com.facebook.ads.sdk.Event$APIRequestGet, NON_DEFAULT)" : {
      "startLine" : 2379,
      "endLine" : 2379,
      "startCol" : 7,
      "endCol" : 48
    },
    "Stmt(EXPRESSION, 133, com.facebook.ads.sdk.Event$APIRequestGet, DEFAULT)" : {
      "startLine" : 2382,
      "endLine" : 2382,
      "startCol" : 7,
      "endCol" : 47
    },
    "Stmt(RETURN, 134, com.facebook.ads.sdk.Event$APIRequestGet, DEFAULT)" : {
      "startLine" : 2383,
      "endLine" : 2383,
      "startCol" : 7,
      "endCol" : 18
    },
    "Stmt(RETURN, 134, com.facebook.ads.sdk.Event$APIRequestGet, NON_DEFAULT)" : {
      "startLine" : 2383,
      "endLine" : 2383,
      "startCol" : 7,
      "endCol" : 18
    }
  }
}