{
  "fileName" : "src/main/java/com/facebook/ads/sdk/Event.java",
  "packageName" : "com.facebook.ads.sdk",
  "className" : "Event$APIRequestGetComments",
  "coverageElementPositions" : {
    "Stmt(RETURN, 0, com.facebook.ads.sdk.Event$APIRequestGetComments, DEFAULT)" : {
      "startLine" : 533,
      "endLine" : 533,
      "startCol" : 7,
      "endCol" : 26
    },
    "Stmt(RETURN, 0, com.facebook.ads.sdk.Event$APIRequestGetComments, NON_DEFAULT)" : {
      "startLine" : 533,
      "endLine" : 533,
      "startCol" : 7,
      "endCol" : 26
    },
    "Stmt(RETURN, 1, com.facebook.ads.sdk.Event$APIRequestGetComments, DEFAULT)" : {
      "startLine" : 543,
      "endLine" : 543,
      "startCol" : 7,
      "endCol" : 74
    },
    "Stmt(RETURN, 1, com.facebook.ads.sdk.Event$APIRequestGetComments, NON_DEFAULT)" : {
      "startLine" : 543,
      "endLine" : 543,
      "startCol" : 7,
      "endCol" : 74
    },
    "Stmt(RETURN, 2, com.facebook.ads.sdk.Event$APIRequestGetComments, DEFAULT)" : {
      "startLine" : 548,
      "endLine" : 548,
      "startCol" : 7,
      "endCol" : 52
    },
    "Stmt(RETURN, 2, com.facebook.ads.sdk.Event$APIRequestGetComments, NON_DEFAULT)" : {
      "startLine" : 548,
      "endLine" : 548,
      "startCol" : 7,
      "endCol" : 52
    },
    "Stmt(EXPRESSION, 3, com.facebook.ads.sdk.Event$APIRequestGetComments, DEFAULT)" : {
      "startLine" : 554,
      "endLine" : 554,
      "startCol" : 7,
      "endCol" : 64
    },
    "Stmt(RETURN, 4, com.facebook.ads.sdk.Event$APIRequestGetComments, DEFAULT)" : {
      "startLine" : 555,
      "endLine" : 555,
      "startCol" : 7,
      "endCol" : 26
    },
    "Stmt(RETURN, 4, com.facebook.ads.sdk.Event$APIRequestGetComments, NON_DEFAULT)" : {
      "startLine" : 555,
      "endLine" : 555,
      "startCol" : 7,
      "endCol" : 26
    },
    "Stmt(VARIABLE_DECLARATION, 5, com.facebook.ads.sdk.Event$APIRequestGetComments, DEFAULT)" : {
      "startLine" : 553,
      "endLine" : 553,
      "startCol" : 23,
      "endCol" : 55
    },
    "Stmt(RETURN, 6, com.facebook.ads.sdk.Event$APIRequestGetComments, DEFAULT)" : {
      "startLine" : 559,
      "endLine" : 559,
      "startCol" : 7,
      "endCol" : 57
    },
    "Stmt(RETURN, 6, com.facebook.ads.sdk.Event$APIRequestGetComments, NON_DEFAULT)" : {
      "startLine" : 559,
      "endLine" : 559,
      "startCol" : 7,
      "endCol" : 57
    },
    "Stmt(TRY, 7, com.facebook.ads.sdk.Event$APIRequestGetComments, DEFAULT)" : {
      "startLine" : 567,
      "endLine" : 571,
      "startCol" : 14,
      "endCol" : 14
    },
    "Stmt(THROW, 8, com.facebook.ads.sdk.Event$APIRequestGetComments, DEFAULT)" : {
      "startLine" : 570,
      "endLine" : 570,
      "startCol" : 16,
      "endCol" : 45
    },
    "Stmt(RETURN, 9, com.facebook.ads.sdk.Event$APIRequestGetComments, DEFAULT)" : {
      "startLine" : 568,
      "endLine" : 568,
      "startCol" : 16,
      "endCol" : 101
    },
    "Stmt(RETURN, 9, com.facebook.ads.sdk.Event$APIRequestGetComments, NON_DEFAULT)" : {
      "startLine" : 568,
      "endLine" : 568,
      "startCol" : 16,
      "endCol" : 101
    },
    "Stmt(INNER_CLASS_RETURN, 10, com.facebook.ads.sdk.Event$APIRequestGetComments, DEFAULT)" : {
      "startLine" : 563,
      "endLine" : 575,
      "startCol" : 7,
      "endCol" : 8
    },
    "Stmt(EXPRESSION, 11, com.facebook.ads.sdk.Event$APIRequestGetComments, DEFAULT)" : {
      "startLine" : 584,
      "endLine" : 584,
      "startCol" : 7,
      "endCol" : 37
    },
    "Stmt(RETURN, 12, com.facebook.ads.sdk.Event$APIRequestGetComments, DEFAULT)" : {
      "startLine" : 585,
      "endLine" : 585,
      "startCol" : 7,
      "endCol" : 18
    },
    "Stmt(RETURN, 12, com.facebook.ads.sdk.Event$APIRequestGetComments, NON_DEFAULT)" : {
      "startLine" : 585,
      "endLine" : 585,
      "startCol" : 7,
      "endCol" : 18
    },
    "Stmt(EXPRESSION, 13, com.facebook.ads.sdk.Event$APIRequestGetComments, DEFAULT)" : {
      "startLine" : 590,
      "endLine" : 590,
      "startCol" : 7,
      "endCol" : 32
    },
    "Stmt(RETURN, 14, com.facebook.ads.sdk.Event$APIRequestGetComments, DEFAULT)" : {
      "startLine" : 591,
      "endLine" : 591,
      "startCol" : 7,
      "endCol" : 18
    },
    "Stmt(RETURN, 14, com.facebook.ads.sdk.Event$APIRequestGetComments, NON_DEFAULT)" : {
      "startLine" : 591,
      "endLine" : 591,
      "startCol" : 7,
      "endCol" : 18
    },
    "Stmt(RETURN, 15, com.facebook.ads.sdk.Event$APIRequestGetComments, DEFAULT)" : {
      "startLine" : 596,
      "endLine" : 596,
      "startCol" : 7,
      "endCol" : 41
    },
    "Stmt(RETURN, 15, com.facebook.ads.sdk.Event$APIRequestGetComments, NON_DEFAULT)" : {
      "startLine" : 596,
      "endLine" : 596,
      "startCol" : 7,
      "endCol" : 41
    },
    "Stmt(FOR_EACH, 16, com.facebook.ads.sdk.Event$APIRequestGetComments, DEFAULT)" : {
      "startLine" : 600,
      "endLine" : 602,
      "startCol" : 7,
      "endCol" : 7
    },
    "Stmt(EXPRESSION, 17, com.facebook.ads.sdk.Event$APIRequestGetComments, DEFAULT)" : {
      "startLine" : 601,
      "endLine" : 601,
      "startCol" : 9,
      "endCol" : 40
    },
    "Stmt(RETURN, 18, com.facebook.ads.sdk.Event$APIRequestGetComments, DEFAULT)" : {
      "startLine" : 603,
      "endLine" : 603,
      "startCol" : 7,
      "endCol" : 18
    },
    "Stmt(RETURN, 18, com.facebook.ads.sdk.Event$APIRequestGetComments, NON_DEFAULT)" : {
      "startLine" : 603,
      "endLine" : 603,
      "startCol" : 7,
      "endCol" : 18
    },
    "Stmt(RETURN, 19, com.facebook.ads.sdk.Event$APIRequestGetComments, DEFAULT)" : {
      "startLine" : 608,
      "endLine" : 608,
      "startCol" : 7,
      "endCol" : 46
    },
    "Stmt(RETURN, 19, com.facebook.ads.sdk.Event$APIRequestGetComments, NON_DEFAULT)" : {
      "startLine" : 608,
      "endLine" : 608,
      "startCol" : 7,
      "endCol" : 46
    },
    "Stmt(FOR_EACH, 20, com.facebook.ads.sdk.Event$APIRequestGetComments, DEFAULT)" : {
      "startLine" : 613,
      "endLine" : 615,
      "startCol" : 7,
      "endCol" : 7
    },
    "Stmt(EXPRESSION, 21, com.facebook.ads.sdk.Event$APIRequestGetComments, DEFAULT)" : {
      "startLine" : 614,
      "endLine" : 614,
      "startCol" : 9,
      "endCol" : 40
    },
    "Stmt(RETURN, 22, com.facebook.ads.sdk.Event$APIRequestGetComments, DEFAULT)" : {
      "startLine" : 616,
      "endLine" : 616,
      "startCol" : 7,
      "endCol" : 18
    },
    "Stmt(RETURN, 22, com.facebook.ads.sdk.Event$APIRequestGetComments, NON_DEFAULT)" : {
      "startLine" : 616,
      "endLine" : 616,
      "startCol" : 7,
      "endCol" : 18
    },
    "Stmt(EXPRESSION, 23, com.facebook.ads.sdk.Event$APIRequestGetComments, DEFAULT)" : {
      "startLine" : 621,
      "endLine" : 621,
      "startCol" : 7,
      "endCol" : 37
    },
    "Stmt(RETURN, 24, com.facebook.ads.sdk.Event$APIRequestGetComments, DEFAULT)" : {
      "startLine" : 622,
      "endLine" : 622,
      "startCol" : 7,
      "endCol" : 18
    },
    "Stmt(RETURN, 24, com.facebook.ads.sdk.Event$APIRequestGetComments, NON_DEFAULT)" : {
      "startLine" : 622,
      "endLine" : 622,
      "startCol" : 7,
      "endCol" : 18
    },
    "Stmt(EXPRESSION, 25, com.facebook.ads.sdk.Event$APIRequestGetComments, DEFAULT)" : {
      "startLine" : 627,
      "endLine" : 627,
      "startCol" : 7,
      "endCol" : 46
    },
    "Stmt(RETURN, 26, com.facebook.ads.sdk.Event$APIRequestGetComments, DEFAULT)" : {
      "startLine" : 628,
      "endLine" : 628,
      "startCol" : 7,
      "endCol" : 18
    },
    "Stmt(RETURN, 26, com.facebook.ads.sdk.Event$APIRequestGetComments, NON_DEFAULT)" : {
      "startLine" : 628,
      "endLine" : 628,
      "startCol" : 7,
      "endCol" : 18
    }
  }
}