{
  "testClassName" : "technology.tabula.TestLine",
  "testMethodName" : "testToString",
  "testOutcomes" : [ "PASSED(510)", "PASSED(1)", "PASSED(1)" ],
  "coverageElementTestOutcomes" : {
    "Decision(false, IF, 0, technology.tabula.Line)" : [ "THREW_EXCEPTION(1, java.lang.IllegalArgumentException: i can't be less than 0 <technology.tabula.Line.addTextChunk(Line.java:31)>)" ],
    "Decision(true, IF, 1, technology.tabula.Line)" : [ "THREW_EXCEPTION(1, java.lang.IndexOutOfBoundsException: Index 0 out of bounds for length 0 <java.base/jdk.internal.util.Preconditions.outOfBounds(Preconditions.java:64)>)" ],
    "Decision(false, IF, 1, technology.tabula.Line)" : [ "THREW_EXCEPTION(1, java.lang.IndexOutOfBoundsException: Index 0 out of bounds for length 0 <java.base/jdk.internal.util.Preconditions.outOfBounds(Preconditions.java:64)>)" ],
    "Decision(true, LOOP, 2, technology.tabula.Line)" : [ "THREW_EXCEPTION(1, java.lang.IndexOutOfBoundsException: Index 0 out of bounds for length 0 <java.base/jdk.internal.util.Preconditions.outOfBounds(Preconditions.java:64)>)" ],
    "Decision(false, LOOP, 2, technology.tabula.Line)" : [ "THREW_EXCEPTION(0, java.lang.IndexOutOfBoundsException: Index 0 out of bounds for length 0 <java.base/jdk.internal.util.Preconditions.outOfBounds(Preconditions.java:64)>)" ],
    "Stmt(IF, 2, technology.tabula.Line, DEFAULT)" : [ "THREW_EXCEPTION(0, java.lang.IndexOutOfBoundsException: Index 0 out of bounds for length 0 <java.base/jdk.internal.util.Preconditions.outOfBounds(Preconditions.java:64)>)" ],
    "Stmt(IF, 2, technology.tabula.Line, NON_DEFAULT)" : [ "THREW_EXCEPTION(0, java.lang.IndexOutOfBoundsException: Index 0 out of bounds for length 0 <java.base/jdk.internal.util.Preconditions.outOfBounds(Preconditions.java:64)>)" ],
    "Stmt(IF, 4, technology.tabula.Line, DEFAULT)" : [ "THREW_EXCEPTION(0, org.junit.ComparisonFailure: expected:<...ght=0.000000,chunks=['testtest', ]]> but was:<...ght=0.000000,chunks=[]]> <org.junit.Assert.assertEquals(Assert.java:117)>)" ],
    "Stmt(IF, 4, technology.tabula.Line, NON_DEFAULT)" : [ "THREW_EXCEPTION(0, org.junit.ComparisonFailure: expected:<...ght=0.000000,chunks=['testtest', ]]> but was:<...ght=0.000000,chunks=[]]> <org.junit.Assert.assertEquals(Assert.java:117)>)" ],
    "Stmt(EXPRESSION, 5, technology.tabula.Line, DEFAULT)" : [ "THREW_EXCEPTION(0, org.junit.ComparisonFailure: expected:<...ght=0.000000,chunks=['testtest', ]]> but was:<...ght=0.000000,chunks=[]]> <org.junit.Assert.assertEquals(Assert.java:117)>)" ],
    "Stmt(EXPRESSION, 5, technology.tabula.Line, NON_DEFAULT)" : [ "THREW_EXCEPTION(1, org.junit.ComparisonFailure: expected:<...ght=0.000000,chunks=['testtest', ]]> but was:<...ght=0.000000,chunks=[]]> <org.junit.Assert.assertEquals(Assert.java:117)>)" ],
    "Stmt(FOR, 6, technology.tabula.Line, DEFAULT)" : [ "THREW_EXCEPTION(0, java.lang.IndexOutOfBoundsException: Index 0 out of bounds for length 0 <java.base/jdk.internal.util.Preconditions.outOfBounds(Preconditions.java:64)>)" ],
    "Stmt(FOR, 6, technology.tabula.Line, NON_DEFAULT)" : [ "THREW_EXCEPTION(0, java.lang.IndexOutOfBoundsException: Index 0 out of bounds for length 0 <java.base/jdk.internal.util.Preconditions.outOfBounds(Preconditions.java:64)>)" ],
    "Stmt(EXPRESSION, 7, technology.tabula.Line, DEFAULT)" : [ "THREW_EXCEPTION(0, java.lang.IndexOutOfBoundsException: Index 0 out of bounds for length 0 <java.base/jdk.internal.util.Preconditions.outOfBounds(Preconditions.java:64)>)" ],
    "Stmt(EXPRESSION, 7, technology.tabula.Line, NON_DEFAULT)" : [ "THREW_EXCEPTION(0, java.lang.IndexOutOfBoundsException: Index 0 out of bounds for length 0 <java.base/jdk.internal.util.Preconditions.outOfBounds(Preconditions.java:64)>)" ],
    "Stmt(EXPRESSION, 8, technology.tabula.Line, DEFAULT)" : [ "THREW_EXCEPTION(0, java.lang.IndexOutOfBoundsException: Index 0 out of bounds for length 0 <java.base/jdk.internal.util.Preconditions.outOfBounds(Preconditions.java:64)>)" ],
    "Stmt(EXPRESSION, 8, technology.tabula.Line, NON_DEFAULT)" : [ "THREW_EXCEPTION(0, java.lang.IndexOutOfBoundsException: Index 0 out of bounds for length 0 <java.base/jdk.internal.util.Preconditions.outOfBounds(Preconditions.java:64)>)" ],
    "Stmt(EXPRESSION, 9, technology.tabula.Line, DEFAULT)" : [ "THREW_EXCEPTION(0, java.lang.IndexOutOfBoundsException: Index 0 out of bounds for length 0 <java.base/jdk.internal.util.Preconditions.outOfBounds(Preconditions.java:64)>)" ],
    "Stmt(EXPRESSION, 9, technology.tabula.Line, NON_DEFAULT)" : [ "THREW_EXCEPTION(0, java.lang.IndexOutOfBoundsException: Index 0 out of bounds for length 0 <java.base/jdk.internal.util.Preconditions.outOfBounds(Preconditions.java:64)>)" ],
    "Stmt(VARIABLE_DECLARATION, 10, technology.tabula.Line, DEFAULT)" : [ "THREW_EXCEPTION(1, java.lang.IndexOutOfBoundsException: Index 0 out of bounds for length 0 <java.base/jdk.internal.util.Preconditions.outOfBounds(Preconditions.java:64)>)" ],
    "Stmt(VARIABLE_DECLARATION, 10, technology.tabula.Line, NON_DEFAULT)" : [ "THREW_EXCEPTION(0, java.lang.IndexOutOfBoundsException: Index 0 out of bounds for length 0 <java.base/jdk.internal.util.Preconditions.outOfBounds(Preconditions.java:64)>)" ],
    "Stmt(EXPRESSION, 15, technology.tabula.Line, DEFAULT)" : [ "THREW_EXCEPTION(1, java.lang.IndexOutOfBoundsException: Index 0 out of bounds for length 0 <java.base/jdk.internal.util.Preconditions.outOfBounds(Preconditions.java:64)>)" ],
    "Stmt(EXPRESSION, 15, technology.tabula.Line, NON_DEFAULT)" : [ "THREW_EXCEPTION(0, java.lang.IndexOutOfBoundsException: Index 0 out of bounds for length 0 <java.base/jdk.internal.util.Preconditions.outOfBounds(Preconditions.java:64)>)" ],
    "Stmt(EXPRESSION, 16, technology.tabula.Line, DEFAULT)" : [ "THREW_EXCEPTION(0, java.lang.IndexOutOfBoundsException: Index 0 out of bounds for length 0 <java.base/jdk.internal.util.Preconditions.outOfBounds(Preconditions.java:64)>)" ],
    "Stmt(EXPRESSION, 16, technology.tabula.Line, NON_DEFAULT)" : [ "THREW_EXCEPTION(1, java.lang.IndexOutOfBoundsException: Index 0 out of bounds for length 0 <java.base/jdk.internal.util.Preconditions.outOfBounds(Preconditions.java:64)>)" ],
    "Stmt(FOR_EACH, 17, technology.tabula.Line, DEFAULT)" : [ "THREW_EXCEPTION(0, java.lang.IndexOutOfBoundsException: Index 0 out of bounds for length 0 <java.base/jdk.internal.util.Preconditions.outOfBounds(Preconditions.java:64)>)" ],
    "Stmt(FOR_EACH, 17, technology.tabula.Line, NON_DEFAULT)" : [ "THREW_EXCEPTION(0, java.lang.IndexOutOfBoundsException: Index 0 out of bounds for length 0 <java.base/jdk.internal.util.Preconditions.outOfBounds(Preconditions.java:64)>)" ],
    "Stmt(EXPRESSION, 18, technology.tabula.Line, DEFAULT)" : [ "THREW_EXCEPTION(0, java.lang.IndexOutOfBoundsException: Index 0 out of bounds for length 0 <java.base/jdk.internal.util.Preconditions.outOfBounds(Preconditions.java:64)>)" ],
    "Stmt(EXPRESSION, 18, technology.tabula.Line, NON_DEFAULT)" : [ "THREW_EXCEPTION(0, java.lang.IndexOutOfBoundsException: Index 0 out of bounds for length 0 <java.base/jdk.internal.util.Preconditions.outOfBounds(Preconditions.java:64)>)" ],
    "Stmt(EXPRESSION, 19, technology.tabula.Line, DEFAULT)" : [ "THREW_EXCEPTION(0, java.lang.IndexOutOfBoundsException: Index 0 out of bounds for length 0 <java.base/jdk.internal.util.Preconditions.outOfBounds(Preconditions.java:64)>)" ],
    "Stmt(EXPRESSION, 19, technology.tabula.Line, NON_DEFAULT)" : [ "THREW_EXCEPTION(0, java.lang.IndexOutOfBoundsException: Index 0 out of bounds for length 0 <java.base/jdk.internal.util.Preconditions.outOfBounds(Preconditions.java:64)>)" ],
    "Stmt(RETURN, 20, technology.tabula.Line, DEFAULT)" : [ "THREW_EXCEPTION(0, java.lang.IndexOutOfBoundsException: Index 0 out of bounds for length 0 <java.base/jdk.internal.util.Preconditions.outOfBounds(Preconditions.java:64)>)" ],
    "Stmt(RETURN, 20, technology.tabula.Line, NON_DEFAULT)" : [ "THREW_EXCEPTION(1, java.lang.IndexOutOfBoundsException: Index 0 out of bounds for length 0 <java.base/jdk.internal.util.Preconditions.outOfBounds(Preconditions.java:64)>)" ],
    "Stmt(VARIABLE_DECLARATION, 21, technology.tabula.Line, DEFAULT)" : [ "THREW_EXCEPTION(0, java.lang.IndexOutOfBoundsException: Index 0 out of bounds for length 0 <java.base/jdk.internal.util.Preconditions.outOfBounds(Preconditions.java:64)>)" ],
    "Stmt(VARIABLE_DECLARATION, 21, technology.tabula.Line, NON_DEFAULT)" : [ "THREW_EXCEPTION(0, java.lang.IndexOutOfBoundsException: Index 0 out of bounds for length 0 <java.base/jdk.internal.util.Preconditions.outOfBounds(Preconditions.java:64)>)" ],
    "Stmt(VARIABLE_DECLARATION, 22, technology.tabula.Line, DEFAULT)" : [ "THREW_EXCEPTION(0, java.lang.IndexOutOfBoundsException: Index 0 out of bounds for length 0 <java.base/jdk.internal.util.Preconditions.outOfBounds(Preconditions.java:64)>)" ],
    "Stmt(VARIABLE_DECLARATION, 22, technology.tabula.Line, NON_DEFAULT)" : [ "THREW_EXCEPTION(0, java.lang.IndexOutOfBoundsException: Index 0 out of bounds for length 0 <java.base/jdk.internal.util.Preconditions.outOfBounds(Preconditions.java:64)>)" ]
  },
  "timeTaken" : 625
}