{
  "fileName" : "src/main/java/com/facebook/ads/sdk/serverside/BatchProcessor.java",
  "packageName" : "com.facebook.ads.sdk.serverside",
  "className" : "BatchProcessor$EventIterator",
  "typeMetricsHashMap" : {
    "INNER_CLASS_RETURN" : {
      "elementCount" : 0,
      "coveredCount" : 0,
      "effectualCount" : 0,
      "coverageGap" : [ ],
      "coverageGapSize" : 0,
      "coveredPercentage" : 0.0,
      "effectualPercentage" : 0.0,
      "coverageGapPercentage" : 0.0
    },
    "CONTINUE" : {
      "elementCount" : 0,
      "coveredCount" : 0,
      "effectualCount" : 0,
      "coverageGap" : [ ],
      "coverageGapSize" : 0,
      "coveredPercentage" : 0.0,
      "effectualPercentage" : 0.0,
      "coverageGapPercentage" : 0.0
    },
    "INNER_CLASS" : {
      "elementCount" : 0,
      "coveredCount" : 0,
      "effectualCount" : 0,
      "coverageGap" : [ ],
      "coverageGapSize" : 0,
      "coveredPercentage" : 0.0,
      "effectualPercentage" : 0.0,
      "coverageGapPercentage" : 0.0
    },
    "BREAK" : {
      "elementCount" : 0,
      "coveredCount" : 0,
      "effectualCount" : 0,
      "coverageGap" : [ ],
      "coverageGapSize" : 0,
      "coveredPercentage" : 0.0,
      "effectualPercentage" : 0.0,
      "coverageGapPercentage" : 0.0
    },
    "EXPRESSION" : {
      "elementCount" : 10,
      "coveredCount" : 9,
      "effectualCount" : 9,
      "coverageGap" : [ ],
      "coverageGapSize" : 0,
      "coveredPercentage" : 90.0,
      "effectualPercentage" : 90.0,
      "coverageGapPercentage" : 0.0
    },
    "THROW" : {
      "elementCount" : 0,
      "coveredCount" : 0,
      "effectualCount" : 0,
      "coverageGap" : [ ],
      "coverageGapSize" : 0,
      "coveredPercentage" : 0.0,
      "effectualPercentage" : 0.0,
      "coverageGapPercentage" : 0.0
    },
    "DECISION" : {
      "elementCount" : 1,
      "coveredCount" : 1,
      "effectualCount" : 1,
      "coverageGap" : [ ],
      "coverageGapSize" : 0,
      "coveredPercentage" : 100.0,
      "effectualPercentage" : 100.0,
      "coverageGapPercentage" : 0.0
    },
    "WHILE" : {
      "elementCount" : 1,
      "coveredCount" : 1,
      "effectualCount" : 1,
      "coverageGap" : [ ],
      "coverageGapSize" : 0,
      "coveredPercentage" : 100.0,
      "effectualPercentage" : 100.0,
      "coverageGapPercentage" : 0.0
    },
    "LAMBDA" : {
      "elementCount" : 0,
      "coveredCount" : 0,
      "effectualCount" : 0,
      "coverageGap" : [ ],
      "coverageGapSize" : 0,
      "coveredPercentage" : 0.0,
      "effectualPercentage" : 0.0,
      "coverageGapPercentage" : 0.0
    },
    "IF" : {
      "elementCount" : 0,
      "coveredCount" : 0,
      "effectualCount" : 0,
      "coverageGap" : [ ],
      "coverageGapSize" : 0,
      "coveredPercentage" : 0.0,
      "effectualPercentage" : 0.0,
      "coverageGapPercentage" : 0.0
    },
    "VARIABLE_DECLARATION" : {
      "elementCount" : 4,
      "coveredCount" : 4,
      "effectualCount" : 4,
      "coverageGap" : [ ],
      "coverageGapSize" : 0,
      "coveredPercentage" : 100.0,
      "effectualPercentage" : 100.0,
      "coverageGapPercentage" : 0.0
    },
    "SWITCH_ENTRY_ASSIGNMENT" : {
      "elementCount" : 0,
      "coveredCount" : 0,
      "effectualCount" : 0,
      "coverageGap" : [ ],
      "coverageGapSize" : 0,
      "coveredPercentage" : 0.0,
      "effectualPercentage" : 0.0,
      "coverageGapPercentage" : 0.0
    },
    "FOR" : {
      "elementCount" : 0,
      "coveredCount" : 0,
      "effectualCount" : 0,
      "coverageGap" : [ ],
      "coverageGapSize" : 0,
      "coveredPercentage" : 0.0,
      "effectualPercentage" : 0.0,
      "coverageGapPercentage" : 0.0
    },
    "RETURN" : {
      "elementCount" : 4,
      "coveredCount" : 4,
      "effectualCount" : 4,
      "coverageGap" : [ ],
      "coverageGapSize" : 0,
      "coveredPercentage" : 100.0,
      "effectualPercentage" : 100.0,
      "coverageGapPercentage" : 0.0
    },
    "DO" : {
      "elementCount" : 0,
      "coveredCount" : 0,
      "effectualCount" : 0,
      "coverageGap" : [ ],
      "coverageGapSize" : 0,
      "coveredPercentage" : 0.0,
      "effectualPercentage" : 0.0,
      "coverageGapPercentage" : 0.0
    },
    "FOR_EACH" : {
      "elementCount" : 0,
      "coveredCount" : 0,
      "effectualCount" : 0,
      "coverageGap" : [ ],
      "coverageGapSize" : 0,
      "coveredPercentage" : 0.0,
      "effectualPercentage" : 0.0,
      "coverageGapPercentage" : 0.0
    },
    "TRY" : {
      "elementCount" : 1,
      "coveredCount" : 1,
      "effectualCount" : 1,
      "coverageGap" : [ ],
      "coverageGapSize" : 0,
      "coveredPercentage" : 100.0,
      "effectualPercentage" : 100.0,
      "coverageGapPercentage" : 0.0
    },
    "LAMBDA_RETURN" : {
      "elementCount" : 0,
      "coveredCount" : 0,
      "effectualCount" : 0,
      "coverageGap" : [ ],
      "coverageGapSize" : 0,
      "coveredPercentage" : 0.0,
      "effectualPercentage" : 0.0,
      "coverageGapPercentage" : 0.0
    },
    "SWITCH" : {
      "elementCount" : 0,
      "coveredCount" : 0,
      "effectualCount" : 0,
      "coverageGap" : [ ],
      "coverageGapSize" : 0,
      "coveredPercentage" : 0.0,
      "effectualPercentage" : 0.0,
      "coverageGapPercentage" : 0.0
    }
  },
  "covered" : [ "Decision(true, LOOP, 0, com.facebook.ads.sdk.serverside.BatchProcessor$EventIterator)", "Stmt(VARIABLE_DECLARATION, 17, com.facebook.ads.sdk.serverside.BatchProcessor$EventIterator, DEFAULT)", "Stmt(VARIABLE_DECLARATION, 16, com.facebook.ads.sdk.serverside.BatchProcessor$EventIterator, DEFAULT)", "Stmt(EXPRESSION, 11, com.facebook.ads.sdk.serverside.BatchProcessor$EventIterator, DEFAULT)", "Stmt(EXPRESSION, 10, com.facebook.ads.sdk.serverside.BatchProcessor$EventIterator, DEFAULT)", "Stmt(TRY, 8, com.facebook.ads.sdk.serverside.BatchProcessor$EventIterator, DEFAULT)", "Stmt(RETURN, 15, com.facebook.ads.sdk.serverside.BatchProcessor$EventIterator, DEFAULT)", "Stmt(RETURN, 15, com.facebook.ads.sdk.serverside.BatchProcessor$EventIterator, NON_DEFAULT)", "Stmt(EXPRESSION, 14, com.facebook.ads.sdk.serverside.BatchProcessor$EventIterator, DEFAULT)", "Stmt(VARIABLE_DECLARATION, 13, com.facebook.ads.sdk.serverside.BatchProcessor$EventIterator, DEFAULT)", "Stmt(VARIABLE_DECLARATION, 12, com.facebook.ads.sdk.serverside.BatchProcessor$EventIterator, DEFAULT)", "Stmt(EXPRESSION, 3, com.facebook.ads.sdk.serverside.BatchProcessor$EventIterator, DEFAULT)", "Stmt(EXPRESSION, 2, com.facebook.ads.sdk.serverside.BatchProcessor$EventIterator, DEFAULT)", "Stmt(EXPRESSION, 1, com.facebook.ads.sdk.serverside.BatchProcessor$EventIterator, DEFAULT)", "Stmt(EXPRESSION, 0, com.facebook.ads.sdk.serverside.BatchProcessor$EventIterator, DEFAULT)", "Stmt(EXPRESSION, 7, com.facebook.ads.sdk.serverside.BatchProcessor$EventIterator, DEFAULT)", "Stmt(WHILE, 6, com.facebook.ads.sdk.serverside.BatchProcessor$EventIterator, DEFAULT)", "Stmt(RETURN, 5, com.facebook.ads.sdk.serverside.BatchProcessor$EventIterator, DEFAULT)", "Stmt(RETURN, 5, com.facebook.ads.sdk.serverside.BatchProcessor$EventIterator, NON_DEFAULT)", "Stmt(EXPRESSION, 4, com.facebook.ads.sdk.serverside.BatchProcessor$EventIterator, DEFAULT)" ],
  "effectualCovered" : [ "Decision(true, LOOP, 0, com.facebook.ads.sdk.serverside.BatchProcessor$EventIterator)", "Stmt(VARIABLE_DECLARATION, 17, com.facebook.ads.sdk.serverside.BatchProcessor$EventIterator, DEFAULT)", "Stmt(VARIABLE_DECLARATION, 16, com.facebook.ads.sdk.serverside.BatchProcessor$EventIterator, DEFAULT)", "Stmt(EXPRESSION, 11, com.facebook.ads.sdk.serverside.BatchProcessor$EventIterator, DEFAULT)", "Stmt(EXPRESSION, 10, com.facebook.ads.sdk.serverside.BatchProcessor$EventIterator, DEFAULT)", "Stmt(TRY, 8, com.facebook.ads.sdk.serverside.BatchProcessor$EventIterator, DEFAULT)", "Stmt(RETURN, 15, com.facebook.ads.sdk.serverside.BatchProcessor$EventIterator, DEFAULT)", "Stmt(RETURN, 15, com.facebook.ads.sdk.serverside.BatchProcessor$EventIterator, NON_DEFAULT)", "Stmt(EXPRESSION, 14, com.facebook.ads.sdk.serverside.BatchProcessor$EventIterator, DEFAULT)", "Stmt(VARIABLE_DECLARATION, 13, com.facebook.ads.sdk.serverside.BatchProcessor$EventIterator, DEFAULT)", "Stmt(VARIABLE_DECLARATION, 12, com.facebook.ads.sdk.serverside.BatchProcessor$EventIterator, DEFAULT)", "Stmt(EXPRESSION, 3, com.facebook.ads.sdk.serverside.BatchProcessor$EventIterator, DEFAULT)", "Stmt(EXPRESSION, 2, com.facebook.ads.sdk.serverside.BatchProcessor$EventIterator, DEFAULT)", "Stmt(EXPRESSION, 1, com.facebook.ads.sdk.serverside.BatchProcessor$EventIterator, DEFAULT)", "Stmt(EXPRESSION, 0, com.facebook.ads.sdk.serverside.BatchProcessor$EventIterator, DEFAULT)", "Stmt(EXPRESSION, 7, com.facebook.ads.sdk.serverside.BatchProcessor$EventIterator, DEFAULT)", "Stmt(WHILE, 6, com.facebook.ads.sdk.serverside.BatchProcessor$EventIterator, DEFAULT)", "Stmt(RETURN, 5, com.facebook.ads.sdk.serverside.BatchProcessor$EventIterator, DEFAULT)", "Stmt(RETURN, 5, com.facebook.ads.sdk.serverside.BatchProcessor$EventIterator, NON_DEFAULT)", "Stmt(EXPRESSION, 4, com.facebook.ads.sdk.serverside.BatchProcessor$EventIterator, DEFAULT)" ],
  "totalElementCount" : 21,
  "totalCoveredCount" : 20,
  "totalEffectualCount" : 20,
  "totalCoverageGap" : 0
}