{
  "fileName" : "src/main/java/com/facebook/ads/sdk/serverside/BatchProcessor.java",
  "packageName" : "com.facebook.ads.sdk.serverside",
  "className" : "BatchProcessor$EventRequestIterator",
  "typeMetricsHashMap" : {
    "INNER_CLASS_RETURN" : {
      "elementCount" : 0,
      "coveredCount" : 0,
      "effectualCount" : 0,
      "coverageGap" : [ ],
      "coverageGapSize" : 0,
      "coveredPercentage" : 0.0,
      "effectualPercentage" : 0.0,
      "coverageGapPercentage" : 0.0
    },
    "CONTINUE" : {
      "elementCount" : 0,
      "coveredCount" : 0,
      "effectualCount" : 0,
      "coverageGap" : [ ],
      "coverageGapSize" : 0,
      "coveredPercentage" : 0.0,
      "effectualPercentage" : 0.0,
      "coverageGapPercentage" : 0.0
    },
    "INNER_CLASS" : {
      "elementCount" : 0,
      "coveredCount" : 0,
      "effectualCount" : 0,
      "coverageGap" : [ ],
      "coverageGapSize" : 0,
      "coveredPercentage" : 0.0,
      "effectualPercentage" : 0.0,
      "coverageGapPercentage" : 0.0
    },
    "BREAK" : {
      "elementCount" : 0,
      "coveredCount" : 0,
      "effectualCount" : 0,
      "coverageGap" : [ ],
      "coverageGapSize" : 0,
      "coveredPercentage" : 0.0,
      "effectualPercentage" : 0.0,
      "coverageGapPercentage" : 0.0
    },
    "EXPRESSION" : {
      "elementCount" : 7,
      "coveredCount" : 6,
      "effectualCount" : 6,
      "coverageGap" : [ ],
      "coverageGapSize" : 0,
      "coveredPercentage" : 85.71,
      "effectualPercentage" : 85.71,
      "coverageGapPercentage" : 0.0
    },
    "THROW" : {
      "elementCount" : 0,
      "coveredCount" : 0,
      "effectualCount" : 0,
      "coverageGap" : [ ],
      "coverageGapSize" : 0,
      "coveredPercentage" : 0.0,
      "effectualPercentage" : 0.0,
      "coverageGapPercentage" : 0.0
    },
    "DECISION" : {
      "elementCount" : 1,
      "coveredCount" : 1,
      "effectualCount" : 1,
      "coverageGap" : [ ],
      "coverageGapSize" : 0,
      "coveredPercentage" : 100.0,
      "effectualPercentage" : 100.0,
      "coverageGapPercentage" : 0.0
    },
    "WHILE" : {
      "elementCount" : 1,
      "coveredCount" : 1,
      "effectualCount" : 1,
      "coverageGap" : [ ],
      "coverageGapSize" : 0,
      "coveredPercentage" : 100.0,
      "effectualPercentage" : 100.0,
      "coverageGapPercentage" : 0.0
    },
    "LAMBDA" : {
      "elementCount" : 0,
      "coveredCount" : 0,
      "effectualCount" : 0,
      "coverageGap" : [ ],
      "coverageGapSize" : 0,
      "coveredPercentage" : 0.0,
      "effectualPercentage" : 0.0,
      "coverageGapPercentage" : 0.0
    },
    "IF" : {
      "elementCount" : 0,
      "coveredCount" : 0,
      "effectualCount" : 0,
      "coverageGap" : [ ],
      "coverageGapSize" : 0,
      "coveredPercentage" : 0.0,
      "effectualPercentage" : 0.0,
      "coverageGapPercentage" : 0.0
    },
    "VARIABLE_DECLARATION" : {
      "elementCount" : 2,
      "coveredCount" : 2,
      "effectualCount" : 2,
      "coverageGap" : [ ],
      "coverageGapSize" : 0,
      "coveredPercentage" : 100.0,
      "effectualPercentage" : 100.0,
      "coverageGapPercentage" : 0.0
    },
    "SWITCH_ENTRY_ASSIGNMENT" : {
      "elementCount" : 0,
      "coveredCount" : 0,
      "effectualCount" : 0,
      "coverageGap" : [ ],
      "coverageGapSize" : 0,
      "coveredPercentage" : 0.0,
      "effectualPercentage" : 0.0,
      "coverageGapPercentage" : 0.0
    },
    "FOR" : {
      "elementCount" : 0,
      "coveredCount" : 0,
      "effectualCount" : 0,
      "coverageGap" : [ ],
      "coverageGapSize" : 0,
      "coveredPercentage" : 0.0,
      "effectualPercentage" : 0.0,
      "coverageGapPercentage" : 0.0
    },
    "RETURN" : {
      "elementCount" : 4,
      "coveredCount" : 4,
      "effectualCount" : 4,
      "coverageGap" : [ ],
      "coverageGapSize" : 0,
      "coveredPercentage" : 100.0,
      "effectualPercentage" : 100.0,
      "coverageGapPercentage" : 0.0
    },
    "DO" : {
      "elementCount" : 0,
      "coveredCount" : 0,
      "effectualCount" : 0,
      "coverageGap" : [ ],
      "coverageGapSize" : 0,
      "coveredPercentage" : 0.0,
      "effectualPercentage" : 0.0,
      "coverageGapPercentage" : 0.0
    },
    "FOR_EACH" : {
      "elementCount" : 0,
      "coveredCount" : 0,
      "effectualCount" : 0,
      "coverageGap" : [ ],
      "coverageGapSize" : 0,
      "coveredPercentage" : 0.0,
      "effectualPercentage" : 0.0,
      "coverageGapPercentage" : 0.0
    },
    "TRY" : {
      "elementCount" : 1,
      "coveredCount" : 1,
      "effectualCount" : 1,
      "coverageGap" : [ ],
      "coverageGapSize" : 0,
      "coveredPercentage" : 100.0,
      "effectualPercentage" : 100.0,
      "coverageGapPercentage" : 0.0
    },
    "LAMBDA_RETURN" : {
      "elementCount" : 0,
      "coveredCount" : 0,
      "effectualCount" : 0,
      "coverageGap" : [ ],
      "coverageGapSize" : 0,
      "coveredPercentage" : 0.0,
      "effectualPercentage" : 0.0,
      "coverageGapPercentage" : 0.0
    },
    "SWITCH" : {
      "elementCount" : 0,
      "coveredCount" : 0,
      "effectualCount" : 0,
      "coverageGap" : [ ],
      "coverageGapSize" : 0,
      "coveredPercentage" : 0.0,
      "effectualPercentage" : 0.0,
      "coverageGapPercentage" : 0.0
    }
  },
  "covered" : [ "Decision(true, LOOP, 0, com.facebook.ads.sdk.serverside.BatchProcessor$EventRequestIterator)", "Stmt(EXPRESSION, 0, com.facebook.ads.sdk.serverside.BatchProcessor$EventRequestIterator, DEFAULT)", "Stmt(EXPRESSION, 1, com.facebook.ads.sdk.serverside.BatchProcessor$EventRequestIterator, DEFAULT)", "Stmt(EXPRESSION, 2, com.facebook.ads.sdk.serverside.BatchProcessor$EventRequestIterator, DEFAULT)", "Stmt(RETURN, 3, com.facebook.ads.sdk.serverside.BatchProcessor$EventRequestIterator, DEFAULT)", "Stmt(RETURN, 3, com.facebook.ads.sdk.serverside.BatchProcessor$EventRequestIterator, NON_DEFAULT)", "Stmt(WHILE, 4, com.facebook.ads.sdk.serverside.BatchProcessor$EventRequestIterator, DEFAULT)", "Stmt(TRY, 5, com.facebook.ads.sdk.serverside.BatchProcessor$EventRequestIterator, DEFAULT)", "Stmt(EXPRESSION, 7, com.facebook.ads.sdk.serverside.BatchProcessor$EventRequestIterator, DEFAULT)", "Stmt(EXPRESSION, 8, com.facebook.ads.sdk.serverside.BatchProcessor$EventRequestIterator, DEFAULT)", "Stmt(EXPRESSION, 9, com.facebook.ads.sdk.serverside.BatchProcessor$EventRequestIterator, DEFAULT)", "Stmt(RETURN, 10, com.facebook.ads.sdk.serverside.BatchProcessor$EventRequestIterator, DEFAULT)", "Stmt(RETURN, 10, com.facebook.ads.sdk.serverside.BatchProcessor$EventRequestIterator, NON_DEFAULT)", "Stmt(VARIABLE_DECLARATION, 11, com.facebook.ads.sdk.serverside.BatchProcessor$EventRequestIterator, DEFAULT)", "Stmt(VARIABLE_DECLARATION, 12, com.facebook.ads.sdk.serverside.BatchProcessor$EventRequestIterator, DEFAULT)" ],
  "effectualCovered" : [ "Decision(true, LOOP, 0, com.facebook.ads.sdk.serverside.BatchProcessor$EventRequestIterator)", "Stmt(EXPRESSION, 0, com.facebook.ads.sdk.serverside.BatchProcessor$EventRequestIterator, DEFAULT)", "Stmt(EXPRESSION, 1, com.facebook.ads.sdk.serverside.BatchProcessor$EventRequestIterator, DEFAULT)", "Stmt(EXPRESSION, 2, com.facebook.ads.sdk.serverside.BatchProcessor$EventRequestIterator, DEFAULT)", "Stmt(RETURN, 3, com.facebook.ads.sdk.serverside.BatchProcessor$EventRequestIterator, DEFAULT)", "Stmt(RETURN, 3, com.facebook.ads.sdk.serverside.BatchProcessor$EventRequestIterator, NON_DEFAULT)", "Stmt(WHILE, 4, com.facebook.ads.sdk.serverside.BatchProcessor$EventRequestIterator, DEFAULT)", "Stmt(TRY, 5, com.facebook.ads.sdk.serverside.BatchProcessor$EventRequestIterator, DEFAULT)", "Stmt(EXPRESSION, 7, com.facebook.ads.sdk.serverside.BatchProcessor$EventRequestIterator, DEFAULT)", "Stmt(EXPRESSION, 8, com.facebook.ads.sdk.serverside.BatchProcessor$EventRequestIterator, DEFAULT)", "Stmt(EXPRESSION, 9, com.facebook.ads.sdk.serverside.BatchProcessor$EventRequestIterator, DEFAULT)", "Stmt(RETURN, 10, com.facebook.ads.sdk.serverside.BatchProcessor$EventRequestIterator, DEFAULT)", "Stmt(RETURN, 10, com.facebook.ads.sdk.serverside.BatchProcessor$EventRequestIterator, NON_DEFAULT)", "Stmt(VARIABLE_DECLARATION, 11, com.facebook.ads.sdk.serverside.BatchProcessor$EventRequestIterator, DEFAULT)", "Stmt(VARIABLE_DECLARATION, 12, com.facebook.ads.sdk.serverside.BatchProcessor$EventRequestIterator, DEFAULT)" ],
  "totalElementCount" : 16,
  "totalCoveredCount" : 15,
  "totalEffectualCount" : 15,
  "totalCoverageGap" : 0
}