{
  "testClassName" : "technology.tabula.TableTest",
  "testMethodName" : "testRowColCounts",
  "testOutcomes" : [ "PASSED(11)", "PASSED(1)", "PASSED(1)" ],
  "coverageElementTestOutcomes" : {
    "Decision(false, IF, 0, technology.tabula.Table)" : [ "THREW_EXCEPTION(0, java.lang.NullPointerException: Cannot invoke \"technology.tabula.Rectangle.getBottom()\" because \"other\" is null <technology.tabula.Rectangle.verticalOverlap(Rectangle.java:58)>)" ],
    "Stmt(EXPRESSION, 0, technology.tabula.CellPosition, DEFAULT)" : [ "PASSED(0)", "PASSED(0)", "PASSED(1)" ],
    "Stmt(EXPRESSION, 0, technology.tabula.CellPosition, NON_DEFAULT)" : [ "PASSED(0)", "PASSED(0)", "PASSED(1)" ],
    "Stmt(EXPRESSION, 1, technology.tabula.CellPosition, DEFAULT)" : [ "PASSED(0)", "PASSED(1)", "PASSED(0)" ],
    "Stmt(EXPRESSION, 1, technology.tabula.CellPosition, NON_DEFAULT)" : [ "PASSED(1)", "PASSED(1)", "PASSED(1)" ],
    "Stmt(RETURN, 11, technology.tabula.CellPosition, DEFAULT)" : [ "PASSED(1)", "PASSED(1)", "PASSED(1)" ],
    "Stmt(RETURN, 11, technology.tabula.CellPosition, NON_DEFAULT)" : [ "PASSED(1)", "PASSED(1)", "PASSED(0)" ],
    "Stmt(VARIABLE_DECLARATION, 12, technology.tabula.CellPosition, DEFAULT)" : [ "PASSED(0)", "PASSED(0)", "PASSED(0)" ],
    "Stmt(VARIABLE_DECLARATION, 12, technology.tabula.CellPosition, NON_DEFAULT)" : [ "PASSED(1)", "PASSED(0)", "PASSED(0)" ],
    "Stmt(RETURN, 0, technology.tabula.Table, DEFAULT)" : [ "THREW_EXCEPTION(1, java.lang.NullPointerException: Cannot invoke \"technology.tabula.Table.getRowCount()\" because \"table\" is null <technology.tabula.TableTest.testRowColCounts(TableTest.java:31)>)" ],
    "Stmt(RETURN, 0, technology.tabula.Table, NON_DEFAULT)" : [ "THREW_EXCEPTION(0, java.lang.NullPointerException: Cannot invoke \"technology.tabula.Table.getRowCount()\" because \"table\" is null <technology.tabula.TableTest.testRowColCounts(TableTest.java:31)>)" ],
    "Stmt(EXPRESSION, 1, technology.tabula.Table, DEFAULT)" : [ "PASSED(0)", "PASSED(0)", "PASSED(0)" ],
    "Stmt(EXPRESSION, 1, technology.tabula.Table, NON_DEFAULT)" : [ "PASSED(0)", "PASSED(0)", "PASSED(1)" ],
    "Stmt(RETURN, 2, technology.tabula.Table, DEFAULT)" : [ "FAILED(2)" ],
    "Stmt(RETURN, 2, technology.tabula.Table, NON_DEFAULT)" : [ "FAILED(1)" ],
    "Stmt(RETURN, 3, technology.tabula.Table, DEFAULT)" : [ "FAILED(0)" ],
    "Stmt(RETURN, 3, technology.tabula.Table, NON_DEFAULT)" : [ "FAILED(1)" ],
    "Stmt(EXPRESSION, 7, technology.tabula.Table, DEFAULT)" : [ "PASSED(0)", "PASSED(0)", "PASSED(0)" ],
    "Stmt(EXPRESSION, 7, technology.tabula.Table, NON_DEFAULT)" : [ "PASSED(0)", "PASSED(0)", "PASSED(0)" ],
    "Stmt(EXPRESSION, 8, technology.tabula.Table, DEFAULT)" : [ "FAILED(0)" ],
    "Stmt(EXPRESSION, 8, technology.tabula.Table, NON_DEFAULT)" : [ "FAILED(1)" ],
    "Stmt(EXPRESSION, 9, technology.tabula.Table, DEFAULT)" : [ "FAILED(0)" ],
    "Stmt(EXPRESSION, 9, technology.tabula.Table, NON_DEFAULT)" : [ "FAILED(1)" ],
    "Stmt(IF, 10, technology.tabula.Table, DEFAULT)" : [ "PASSED(0)", "PASSED(0)", "PASSED(0)" ],
    "Stmt(IF, 10, technology.tabula.Table, NON_DEFAULT)" : [ "PASSED(0)", "PASSED(1)", "PASSED(0)" ],
    "Stmt(EXPRESSION, 12, technology.tabula.Table, DEFAULT)" : [ "PASSED(0)", "PASSED(0)", "PASSED(0)" ],
    "Stmt(EXPRESSION, 12, technology.tabula.Table, NON_DEFAULT)" : [ "PASSED(0)", "PASSED(0)", "PASSED(1)" ],
    "Stmt(EXPRESSION, 13, technology.tabula.Table, DEFAULT)" : [ "PASSED(1)", "PASSED(1)", "PASSED(0)" ],
    "Stmt(EXPRESSION, 13, technology.tabula.Table, NON_DEFAULT)" : [ "PASSED(0)", "PASSED(0)", "PASSED(0)" ],
    "Stmt(VARIABLE_DECLARATION, 14, technology.tabula.Table, DEFAULT)" : [ "THREW_EXCEPTION(1, java.lang.NullPointerException <java.base/java.util.Objects.requireNonNull(Objects.java:208)>)" ],
    "Stmt(VARIABLE_DECLARATION, 14, technology.tabula.Table, NON_DEFAULT)" : [ "THREW_EXCEPTION(1, java.lang.NullPointerException <java.base/java.util.Objects.requireNonNull(Objects.java:208)>)" ],
    "Stmt(VARIABLE_DECLARATION, 15, technology.tabula.Table, DEFAULT)" : [ "PASSED(0)", "PASSED(0)", "PASSED(1)" ],
    "Stmt(VARIABLE_DECLARATION, 15, technology.tabula.Table, NON_DEFAULT)" : [ "PASSED(1)", "PASSED(0)", "PASSED(0)" ]
  },
  "timeTaken" : 263
}