{
  "fileName" : "src/main/java/org/brunocvcunha/inutils4j/MyNumberUtils.java",
  "packageName" : "org.brunocvcunha.inutils4j",
  "className" : "MyNumberUtils",
  "typeMetricsHashMap" : {
    "WHILE" : {
      "elementCount" : 0,
      "coveredCount" : 0,
      "effectualCount" : 0,
      "coverageGap" : [ ],
      "coverageGapSize" : 0,
      "coveredPercentage" : 0.0,
      "effectualPercentage" : 0.0,
      "coverageGapPercentage" : 0.0
    },
    "IF" : {
      "elementCount" : 0,
      "coveredCount" : 0,
      "effectualCount" : 0,
      "coverageGap" : [ ],
      "coverageGapSize" : 0,
      "coveredPercentage" : 0.0,
      "effectualPercentage" : 0.0,
      "coverageGapPercentage" : 0.0
    },
    "LAMBDA" : {
      "elementCount" : 0,
      "coveredCount" : 0,
      "effectualCount" : 0,
      "coverageGap" : [ ],
      "coverageGapSize" : 0,
      "coveredPercentage" : 0.0,
      "effectualPercentage" : 0.0,
      "coverageGapPercentage" : 0.0
    },
    "DO" : {
      "elementCount" : 0,
      "coveredCount" : 0,
      "effectualCount" : 0,
      "coverageGap" : [ ],
      "coverageGapSize" : 0,
      "coveredPercentage" : 0.0,
      "effectualPercentage" : 0.0,
      "coverageGapPercentage" : 0.0
    },
    "FOR_EACH" : {
      "elementCount" : 0,
      "coveredCount" : 0,
      "effectualCount" : 0,
      "coverageGap" : [ ],
      "coverageGapSize" : 0,
      "coveredPercentage" : 0.0,
      "effectualPercentage" : 0.0,
      "coverageGapPercentage" : 0.0
    },
    "VARIABLE_DECLARATION" : {
      "elementCount" : 2,
      "coveredCount" : 2,
      "effectualCount" : 2,
      "coverageGap" : [ ],
      "coverageGapSize" : 0,
      "coveredPercentage" : 100.0,
      "effectualPercentage" : 100.0,
      "coverageGapPercentage" : 0.0
    },
    "INNER_CLASS_RETURN" : {
      "elementCount" : 0,
      "coveredCount" : 0,
      "effectualCount" : 0,
      "coverageGap" : [ ],
      "coverageGapSize" : 0,
      "coveredPercentage" : 0.0,
      "effectualPercentage" : 0.0,
      "coverageGapPercentage" : 0.0
    },
    "SWITCH" : {
      "elementCount" : 0,
      "coveredCount" : 0,
      "effectualCount" : 0,
      "coverageGap" : [ ],
      "coverageGapSize" : 0,
      "coveredPercentage" : 0.0,
      "effectualPercentage" : 0.0,
      "coverageGapPercentage" : 0.0
    },
    "BREAK" : {
      "elementCount" : 0,
      "coveredCount" : 0,
      "effectualCount" : 0,
      "coverageGap" : [ ],
      "coverageGapSize" : 0,
      "coveredPercentage" : 0.0,
      "effectualPercentage" : 0.0,
      "coverageGapPercentage" : 0.0
    },
    "DECISION" : {
      "elementCount" : 0,
      "coveredCount" : 0,
      "effectualCount" : 0,
      "coverageGap" : [ ],
      "coverageGapSize" : 0,
      "coveredPercentage" : 0.0,
      "effectualPercentage" : 0.0,
      "coverageGapPercentage" : 0.0
    },
    "LAMBDA_RETURN" : {
      "elementCount" : 0,
      "coveredCount" : 0,
      "effectualCount" : 0,
      "coverageGap" : [ ],
      "coverageGapSize" : 0,
      "coveredPercentage" : 0.0,
      "effectualPercentage" : 0.0,
      "coverageGapPercentage" : 0.0
    },
    "CONTINUE" : {
      "elementCount" : 0,
      "coveredCount" : 0,
      "effectualCount" : 0,
      "coverageGap" : [ ],
      "coverageGapSize" : 0,
      "coveredPercentage" : 0.0,
      "effectualPercentage" : 0.0,
      "coverageGapPercentage" : 0.0
    },
    "TRY" : {
      "elementCount" : 0,
      "coveredCount" : 0,
      "effectualCount" : 0,
      "coverageGap" : [ ],
      "coverageGapSize" : 0,
      "coveredPercentage" : 0.0,
      "effectualPercentage" : 0.0,
      "coverageGapPercentage" : 0.0
    },
    "INNER_CLASS" : {
      "elementCount" : 0,
      "coveredCount" : 0,
      "effectualCount" : 0,
      "coverageGap" : [ ],
      "coverageGapSize" : 0,
      "coveredPercentage" : 0.0,
      "effectualPercentage" : 0.0,
      "coverageGapPercentage" : 0.0
    },
    "FOR" : {
      "elementCount" : 0,
      "coveredCount" : 0,
      "effectualCount" : 0,
      "coverageGap" : [ ],
      "coverageGapSize" : 0,
      "coveredPercentage" : 0.0,
      "effectualPercentage" : 0.0,
      "coverageGapPercentage" : 0.0
    },
    "SWITCH_ENTRY_ASSIGNMENT" : {
      "elementCount" : 0,
      "coveredCount" : 0,
      "effectualCount" : 0,
      "coverageGap" : [ ],
      "coverageGapSize" : 0,
      "coveredPercentage" : 0.0,
      "effectualPercentage" : 0.0,
      "coverageGapPercentage" : 0.0
    },
    "EXPRESSION" : {
      "elementCount" : 0,
      "coveredCount" : 0,
      "effectualCount" : 0,
      "coverageGap" : [ ],
      "coverageGapSize" : 0,
      "coveredPercentage" : 0.0,
      "effectualPercentage" : 0.0,
      "coverageGapPercentage" : 0.0
    },
    "RETURN" : {
      "elementCount" : 6,
      "coveredCount" : 4,
      "effectualCount" : 2,
      "coverageGap" : [ "Stmt(RETURN, 0, org.brunocvcunha.inutils4j.MyNumberUtils, DEFAULT)", "Stmt(RETURN, 0, org.brunocvcunha.inutils4j.MyNumberUtils, NON_DEFAULT)" ],
      "coverageGapSize" : 2,
      "coveredPercentage" : 66.67,
      "effectualPercentage" : 33.33,
      "coverageGapPercentage" : 33.33
    },
    "THROW" : {
      "elementCount" : 0,
      "coveredCount" : 0,
      "effectualCount" : 0,
      "coverageGap" : [ ],
      "coverageGapSize" : 0,
      "coveredPercentage" : 0.0,
      "effectualPercentage" : 0.0,
      "coverageGapPercentage" : 0.0
    }
  },
  "covered" : [ "Stmt(VARIABLE_DECLARATION, 3, org.brunocvcunha.inutils4j.MyNumberUtils, DEFAULT)", "Stmt(RETURN, 2, org.brunocvcunha.inutils4j.MyNumberUtils, DEFAULT)", "Stmt(RETURN, 2, org.brunocvcunha.inutils4j.MyNumberUtils, NON_DEFAULT)", "Stmt(VARIABLE_DECLARATION, 1, org.brunocvcunha.inutils4j.MyNumberUtils, DEFAULT)", "Stmt(RETURN, 0, org.brunocvcunha.inutils4j.MyNumberUtils, DEFAULT)", "Stmt(RETURN, 0, org.brunocvcunha.inutils4j.MyNumberUtils, NON_DEFAULT)" ],
  "effectualCovered" : [ "Stmt(VARIABLE_DECLARATION, 3, org.brunocvcunha.inutils4j.MyNumberUtils, DEFAULT)", "Stmt(RETURN, 2, org.brunocvcunha.inutils4j.MyNumberUtils, DEFAULT)", "Stmt(RETURN, 2, org.brunocvcunha.inutils4j.MyNumberUtils, NON_DEFAULT)", "Stmt(VARIABLE_DECLARATION, 1, org.brunocvcunha.inutils4j.MyNumberUtils, DEFAULT)" ],
  "totalElementCount" : 8,
  "totalCoveredCount" : 6,
  "totalEffectualCount" : 4,
  "totalCoverageGap" : 2
}