{
  "fileName" : "src/main/java/com/amihaiemil/eoyaml/WellIndented.java",
  "packageName" : "com.amihaiemil.eoyaml",
  "className" : "WellIndented",
  "typeMetricsHashMap" : {
    "IF" : {
      "elementCount" : 9,
      "coveredCount" : 8,
      "effectualCount" : 8,
      "coverageGap" : [ ],
      "coverageGapSize" : 0,
      "coveredPercentage" : 88.89,
      "effectualPercentage" : 88.89,
      "coverageGapPercentage" : 0.0
    },
    "VARIABLE_DECLARATION" : {
      "elementCount" : 4,
      "coveredCount" : 4,
      "effectualCount" : 4,
      "coverageGap" : [ ],
      "coverageGapSize" : 0,
      "coveredPercentage" : 100.0,
      "effectualPercentage" : 100.0,
      "coverageGapPercentage" : 0.0
    },
    "FOR_EACH" : {
      "elementCount" : 0,
      "coveredCount" : 0,
      "effectualCount" : 0,
      "coverageGap" : [ ],
      "coverageGapSize" : 0,
      "coveredPercentage" : 0.0,
      "effectualPercentage" : 0.0,
      "coverageGapPercentage" : 0.0
    },
    "DECISION" : {
      "elementCount" : 10,
      "coveredCount" : 6,
      "effectualCount" : 6,
      "coverageGap" : [ ],
      "coverageGapSize" : 0,
      "coveredPercentage" : 60.0,
      "effectualPercentage" : 60.0,
      "coverageGapPercentage" : 0.0
    },
    "SWITCH" : {
      "elementCount" : 0,
      "coveredCount" : 0,
      "effectualCount" : 0,
      "coverageGap" : [ ],
      "coverageGapSize" : 0,
      "coveredPercentage" : 0.0,
      "effectualPercentage" : 0.0,
      "coverageGapPercentage" : 0.0
    },
    "BREAK" : {
      "elementCount" : 0,
      "coveredCount" : 0,
      "effectualCount" : 0,
      "coverageGap" : [ ],
      "coverageGapSize" : 0,
      "coveredPercentage" : 0.0,
      "effectualPercentage" : 0.0,
      "coverageGapPercentage" : 0.0
    },
    "TRY" : {
      "elementCount" : 0,
      "coveredCount" : 0,
      "effectualCount" : 0,
      "coverageGap" : [ ],
      "coverageGapSize" : 0,
      "coveredPercentage" : 0.0,
      "effectualPercentage" : 0.0,
      "coverageGapPercentage" : 0.0
    },
    "INNER_CLASS" : {
      "elementCount" : 0,
      "coveredCount" : 0,
      "effectualCount" : 0,
      "coverageGap" : [ ],
      "coverageGapSize" : 0,
      "coveredPercentage" : 0.0,
      "effectualPercentage" : 0.0,
      "coverageGapPercentage" : 0.0
    },
    "FOR" : {
      "elementCount" : 0,
      "coveredCount" : 0,
      "effectualCount" : 0,
      "coverageGap" : [ ],
      "coverageGapSize" : 0,
      "coveredPercentage" : 0.0,
      "effectualPercentage" : 0.0,
      "coverageGapPercentage" : 0.0
    },
    "THROW" : {
      "elementCount" : 2,
      "coveredCount" : 1,
      "effectualCount" : 1,
      "coverageGap" : [ ],
      "coverageGapSize" : 0,
      "coveredPercentage" : 50.0,
      "effectualPercentage" : 50.0,
      "coverageGapPercentage" : 0.0
    },
    "RETURN" : {
      "elementCount" : 4,
      "coveredCount" : 4,
      "effectualCount" : 4,
      "coverageGap" : [ ],
      "coverageGapSize" : 0,
      "coveredPercentage" : 100.0,
      "effectualPercentage" : 100.0,
      "coverageGapPercentage" : 0.0
    },
    "DO" : {
      "elementCount" : 0,
      "coveredCount" : 0,
      "effectualCount" : 0,
      "coverageGap" : [ ],
      "coverageGapSize" : 0,
      "coveredPercentage" : 0.0,
      "effectualPercentage" : 0.0,
      "coverageGapPercentage" : 0.0
    },
    "LAMBDA" : {
      "elementCount" : 0,
      "coveredCount" : 0,
      "effectualCount" : 0,
      "coverageGap" : [ ],
      "coverageGapSize" : 0,
      "coveredPercentage" : 0.0,
      "effectualPercentage" : 0.0,
      "coverageGapPercentage" : 0.0
    },
    "CONTINUE" : {
      "elementCount" : 0,
      "coveredCount" : 0,
      "effectualCount" : 0,
      "coverageGap" : [ ],
      "coverageGapSize" : 0,
      "coveredPercentage" : 0.0,
      "effectualPercentage" : 0.0,
      "coverageGapPercentage" : 0.0
    },
    "WHILE" : {
      "elementCount" : 1,
      "coveredCount" : 1,
      "effectualCount" : 1,
      "coverageGap" : [ ],
      "coverageGapSize" : 0,
      "coveredPercentage" : 100.0,
      "effectualPercentage" : 100.0,
      "coverageGapPercentage" : 0.0
    },
    "EXPRESSION" : {
      "elementCount" : 8,
      "coveredCount" : 5,
      "effectualCount" : 5,
      "coverageGap" : [ ],
      "coverageGapSize" : 0,
      "coveredPercentage" : 62.5,
      "effectualPercentage" : 62.5,
      "coverageGapPercentage" : 0.0
    },
    "SWITCH_ENTRY_ASSIGNMENT" : {
      "elementCount" : 0,
      "coveredCount" : 0,
      "effectualCount" : 0,
      "coverageGap" : [ ],
      "coverageGapSize" : 0,
      "coveredPercentage" : 0.0,
      "effectualPercentage" : 0.0,
      "coverageGapPercentage" : 0.0
    },
    "INNER_CLASS_RETURN" : {
      "elementCount" : 0,
      "coveredCount" : 0,
      "effectualCount" : 0,
      "coverageGap" : [ ],
      "coverageGapSize" : 0,
      "coveredPercentage" : 0.0,
      "effectualPercentage" : 0.0,
      "coverageGapPercentage" : 0.0
    },
    "LAMBDA_RETURN" : {
      "elementCount" : 0,
      "coveredCount" : 0,
      "effectualCount" : 0,
      "coverageGap" : [ ],
      "coverageGapSize" : 0,
      "coveredPercentage" : 0.0,
      "effectualPercentage" : 0.0,
      "coverageGapPercentage" : 0.0
    }
  },
  "covered" : [ "Stmt(IF, 6, com.amihaiemil.eoyaml.WellIndented, DEFAULT)", "Stmt(WHILE, 4, com.amihaiemil.eoyaml.WellIndented, DEFAULT)", "Stmt(EXPRESSION, 2, com.amihaiemil.eoyaml.WellIndented, DEFAULT)", "Stmt(EXPRESSION, 0, com.amihaiemil.eoyaml.WellIndented, DEFAULT)", "Decision(true, IF, 2, com.amihaiemil.eoyaml.WellIndented)", "Stmt(IF, 14, com.amihaiemil.eoyaml.WellIndented, DEFAULT)", "Stmt(IF, 12, com.amihaiemil.eoyaml.WellIndented, DEFAULT)", "Decision(true, IF, 8, com.amihaiemil.eoyaml.WellIndented)", "Stmt(IF, 8, com.amihaiemil.eoyaml.WellIndented, DEFAULT)", "Stmt(RETURN, 23, com.amihaiemil.eoyaml.WellIndented, DEFAULT)", "Stmt(RETURN, 23, com.amihaiemil.eoyaml.WellIndented, NON_DEFAULT)", "Stmt(EXPRESSION, 21, com.amihaiemil.eoyaml.WellIndented, DEFAULT)", "Stmt(VARIABLE_DECLARATION, 19, com.amihaiemil.eoyaml.WellIndented, DEFAULT)", "Stmt(RETURN, 25, com.amihaiemil.eoyaml.WellIndented, DEFAULT)", "Stmt(RETURN, 25, com.amihaiemil.eoyaml.WellIndented, NON_DEFAULT)", "Stmt(IF, 5, com.amihaiemil.eoyaml.WellIndented, DEFAULT)", "Stmt(EXPRESSION, 3, com.amihaiemil.eoyaml.WellIndented, DEFAULT)", "Stmt(IF, 1, com.amihaiemil.eoyaml.WellIndented, DEFAULT)", "Decision(true, LOOP, 1, com.amihaiemil.eoyaml.WellIndented)", "Stmt(THROW, 15, com.amihaiemil.eoyaml.WellIndented, DEFAULT)", "Stmt(IF, 13, com.amihaiemil.eoyaml.WellIndented, DEFAULT)", "Decision(true, IF, 5, com.amihaiemil.eoyaml.WellIndented)", "Stmt(IF, 11, com.amihaiemil.eoyaml.WellIndented, DEFAULT)", "Decision(true, IF, 7, com.amihaiemil.eoyaml.WellIndented)", "Stmt(VARIABLE_DECLARATION, 22, com.amihaiemil.eoyaml.WellIndented, DEFAULT)", "Stmt(EXPRESSION, 20, com.amihaiemil.eoyaml.WellIndented, DEFAULT)", "Stmt(VARIABLE_DECLARATION, 18, com.amihaiemil.eoyaml.WellIndented, DEFAULT)", "Decision(true, IF, 0, com.amihaiemil.eoyaml.WellIndented)", "Stmt(VARIABLE_DECLARATION, 24, com.amihaiemil.eoyaml.WellIndented, DEFAULT)" ],
  "effectualCovered" : [ "Stmt(IF, 6, com.amihaiemil.eoyaml.WellIndented, DEFAULT)", "Stmt(WHILE, 4, com.amihaiemil.eoyaml.WellIndented, DEFAULT)", "Stmt(EXPRESSION, 2, com.amihaiemil.eoyaml.WellIndented, DEFAULT)", "Stmt(EXPRESSION, 0, com.amihaiemil.eoyaml.WellIndented, DEFAULT)", "Decision(true, IF, 2, com.amihaiemil.eoyaml.WellIndented)", "Stmt(IF, 14, com.amihaiemil.eoyaml.WellIndented, DEFAULT)", "Stmt(IF, 12, com.amihaiemil.eoyaml.WellIndented, DEFAULT)", "Decision(true, IF, 8, com.amihaiemil.eoyaml.WellIndented)", "Stmt(IF, 8, com.amihaiemil.eoyaml.WellIndented, DEFAULT)", "Stmt(RETURN, 23, com.amihaiemil.eoyaml.WellIndented, DEFAULT)", "Stmt(RETURN, 23, com.amihaiemil.eoyaml.WellIndented, NON_DEFAULT)", "Stmt(EXPRESSION, 21, com.amihaiemil.eoyaml.WellIndented, DEFAULT)", "Stmt(VARIABLE_DECLARATION, 19, com.amihaiemil.eoyaml.WellIndented, DEFAULT)", "Stmt(RETURN, 25, com.amihaiemil.eoyaml.WellIndented, DEFAULT)", "Stmt(RETURN, 25, com.amihaiemil.eoyaml.WellIndented, NON_DEFAULT)", "Stmt(IF, 5, com.amihaiemil.eoyaml.WellIndented, DEFAULT)", "Stmt(EXPRESSION, 3, com.amihaiemil.eoyaml.WellIndented, DEFAULT)", "Stmt(IF, 1, com.amihaiemil.eoyaml.WellIndented, DEFAULT)", "Decision(true, LOOP, 1, com.amihaiemil.eoyaml.WellIndented)", "Stmt(THROW, 15, com.amihaiemil.eoyaml.WellIndented, DEFAULT)", "Stmt(IF, 13, com.amihaiemil.eoyaml.WellIndented, DEFAULT)", "Decision(true, IF, 5, com.amihaiemil.eoyaml.WellIndented)", "Stmt(IF, 11, com.amihaiemil.eoyaml.WellIndented, DEFAULT)", "Decision(true, IF, 7, com.amihaiemil.eoyaml.WellIndented)", "Stmt(VARIABLE_DECLARATION, 22, com.amihaiemil.eoyaml.WellIndented, DEFAULT)", "Stmt(EXPRESSION, 20, com.amihaiemil.eoyaml.WellIndented, DEFAULT)", "Stmt(VARIABLE_DECLARATION, 18, com.amihaiemil.eoyaml.WellIndented, DEFAULT)", "Decision(true, IF, 0, com.amihaiemil.eoyaml.WellIndented)", "Stmt(VARIABLE_DECLARATION, 24, com.amihaiemil.eoyaml.WellIndented, DEFAULT)" ],
  "totalElementCount" : 38,
  "totalCoveredCount" : 29,
  "totalEffectualCount" : 29,
  "totalCoverageGap" : 0
}