{
  "fileName" : "src/main/java/info/debatty/java/stringsimilarity/RatcliffObershelp.java",
  "packageName" : "info.debatty.java.stringsimilarity",
  "className" : "RatcliffObershelp",
  "typeMetricsHashMap" : {
    "SWITCH" : {
      "elementCount" : 0,
      "coveredCount" : 0,
      "effectualCount" : 0,
      "coverageGap" : [ ],
      "coverageGapSize" : 0,
      "coveredPercentage" : 0.0,
      "effectualPercentage" : 0.0,
      "coverageGapPercentage" : 0.0
    },
    "DECISION" : {
      "elementCount" : 7,
      "coveredCount" : 7,
      "effectualCount" : 7,
      "coverageGap" : [ ],
      "coverageGapSize" : 0,
      "coveredPercentage" : 100.0,
      "effectualPercentage" : 100.0,
      "coverageGapPercentage" : 0.0
    },
    "FOR" : {
      "elementCount" : 2,
      "coveredCount" : 2,
      "effectualCount" : 2,
      "coverageGap" : [ ],
      "coverageGapSize" : 0,
      "coveredPercentage" : 100.0,
      "effectualPercentage" : 100.0,
      "coverageGapPercentage" : 0.0
    },
    "CONTINUE" : {
      "elementCount" : 0,
      "coveredCount" : 0,
      "effectualCount" : 0,
      "coverageGap" : [ ],
      "coverageGapSize" : 0,
      "coveredPercentage" : 0.0,
      "effectualPercentage" : 0.0,
      "coverageGapPercentage" : 0.0
    },
    "RETURN" : {
      "elementCount" : 10,
      "coveredCount" : 10,
      "effectualCount" : 10,
      "coverageGap" : [ ],
      "coverageGapSize" : 0,
      "coveredPercentage" : 100.0,
      "effectualPercentage" : 100.0,
      "coverageGapPercentage" : 0.0
    },
    "EXPRESSION" : {
      "elementCount" : 6,
      "coveredCount" : 6,
      "effectualCount" : 6,
      "coverageGap" : [ ],
      "coverageGapSize" : 0,
      "coveredPercentage" : 100.0,
      "effectualPercentage" : 100.0,
      "coverageGapPercentage" : 0.0
    },
    "INNER_CLASS" : {
      "elementCount" : 0,
      "coveredCount" : 0,
      "effectualCount" : 0,
      "coverageGap" : [ ],
      "coverageGapSize" : 0,
      "coveredPercentage" : 0.0,
      "effectualPercentage" : 0.0,
      "coverageGapPercentage" : 0.0
    },
    "FOR_EACH" : {
      "elementCount" : 1,
      "coveredCount" : 1,
      "effectualCount" : 1,
      "coverageGap" : [ ],
      "coverageGapSize" : 0,
      "coveredPercentage" : 100.0,
      "effectualPercentage" : 100.0,
      "coverageGapPercentage" : 0.0
    },
    "SWITCH_ENTRY_ASSIGNMENT" : {
      "elementCount" : 0,
      "coveredCount" : 0,
      "effectualCount" : 0,
      "coverageGap" : [ ],
      "coverageGapSize" : 0,
      "coveredPercentage" : 0.0,
      "effectualPercentage" : 0.0,
      "coverageGapPercentage" : 0.0
    },
    "LAMBDA_RETURN" : {
      "elementCount" : 0,
      "coveredCount" : 0,
      "effectualCount" : 0,
      "coverageGap" : [ ],
      "coverageGapSize" : 0,
      "coveredPercentage" : 0.0,
      "effectualPercentage" : 0.0,
      "coverageGapPercentage" : 0.0
    },
    "DO" : {
      "elementCount" : 0,
      "coveredCount" : 0,
      "effectualCount" : 0,
      "coverageGap" : [ ],
      "coverageGapSize" : 0,
      "coveredPercentage" : 0.0,
      "effectualPercentage" : 0.0,
      "coverageGapPercentage" : 0.0
    },
    "BREAK" : {
      "elementCount" : 0,
      "coveredCount" : 0,
      "effectualCount" : 0,
      "coverageGap" : [ ],
      "coverageGapSize" : 0,
      "coveredPercentage" : 0.0,
      "effectualPercentage" : 0.0,
      "coverageGapPercentage" : 0.0
    },
    "WHILE" : {
      "elementCount" : 0,
      "coveredCount" : 0,
      "effectualCount" : 0,
      "coverageGap" : [ ],
      "coverageGapSize" : 0,
      "coveredPercentage" : 0.0,
      "effectualPercentage" : 0.0,
      "coverageGapPercentage" : 0.0
    },
    "INNER_CLASS_RETURN" : {
      "elementCount" : 0,
      "coveredCount" : 0,
      "effectualCount" : 0,
      "coverageGap" : [ ],
      "coverageGapSize" : 0,
      "coveredPercentage" : 0.0,
      "effectualPercentage" : 0.0,
      "coverageGapPercentage" : 0.0
    },
    "TRY" : {
      "elementCount" : 0,
      "coveredCount" : 0,
      "effectualCount" : 0,
      "coverageGap" : [ ],
      "coverageGapSize" : 0,
      "coveredPercentage" : 0.0,
      "effectualPercentage" : 0.0,
      "coverageGapPercentage" : 0.0
    },
    "IF" : {
      "elementCount" : 5,
      "coveredCount" : 5,
      "effectualCount" : 5,
      "coverageGap" : [ ],
      "coverageGapSize" : 0,
      "coveredPercentage" : 100.0,
      "effectualPercentage" : 100.0,
      "coverageGapPercentage" : 0.0
    },
    "LAMBDA" : {
      "elementCount" : 0,
      "coveredCount" : 0,
      "effectualCount" : 0,
      "coverageGap" : [ ],
      "coverageGapSize" : 0,
      "coveredPercentage" : 0.0,
      "effectualPercentage" : 0.0,
      "coverageGapPercentage" : 0.0
    },
    "THROW" : {
      "elementCount" : 2,
      "coveredCount" : 2,
      "effectualCount" : 2,
      "coverageGap" : [ ],
      "coverageGapSize" : 0,
      "coveredPercentage" : 100.0,
      "effectualPercentage" : 100.0,
      "coverageGapPercentage" : 0.0
    },
    "VARIABLE_DECLARATION" : {
      "elementCount" : 13,
      "coveredCount" : 13,
      "effectualCount" : 13,
      "coverageGap" : [ ],
      "coverageGapSize" : 0,
      "coveredPercentage" : 100.0,
      "effectualPercentage" : 100.0,
      "coverageGapPercentage" : 0.0
    }
  },
  "covered" : [ "Stmt(EXPRESSION, 14, info.debatty.java.stringsimilarity.RatcliffObershelp, DEFAULT)", "Stmt(IF, 12, info.debatty.java.stringsimilarity.RatcliffObershelp, DEFAULT)", "Stmt(VARIABLE_DECLARATION, 18, info.debatty.java.stringsimilarity.RatcliffObershelp, DEFAULT)", "Stmt(VARIABLE_DECLARATION, 16, info.debatty.java.stringsimilarity.RatcliffObershelp, DEFAULT)", "Stmt(FOR_EACH, 6, info.debatty.java.stringsimilarity.RatcliffObershelp, DEFAULT)", "Stmt(IF, 4, info.debatty.java.stringsimilarity.RatcliffObershelp, DEFAULT)", "Decision(true, LOOP, 4, info.debatty.java.stringsimilarity.RatcliffObershelp)", "Stmt(VARIABLE_DECLARATION, 10, info.debatty.java.stringsimilarity.RatcliffObershelp, DEFAULT)", "Decision(true, IF, 6, info.debatty.java.stringsimilarity.RatcliffObershelp)", "Stmt(RETURN, 8, info.debatty.java.stringsimilarity.RatcliffObershelp, DEFAULT)", "Stmt(RETURN, 8, info.debatty.java.stringsimilarity.RatcliffObershelp, NON_DEFAULT)", "Decision(true, IF, 1, info.debatty.java.stringsimilarity.RatcliffObershelp)", "Stmt(EXPRESSION, 29, info.debatty.java.stringsimilarity.RatcliffObershelp, DEFAULT)", "Decision(true, IF, 3, info.debatty.java.stringsimilarity.RatcliffObershelp)", "Stmt(IF, 27, info.debatty.java.stringsimilarity.RatcliffObershelp, DEFAULT)", "Stmt(VARIABLE_DECLARATION, 33, info.debatty.java.stringsimilarity.RatcliffObershelp, DEFAULT)", "Stmt(IF, 2, info.debatty.java.stringsimilarity.RatcliffObershelp, DEFAULT)", "Stmt(RETURN, 31, info.debatty.java.stringsimilarity.RatcliffObershelp, DEFAULT)", "Stmt(RETURN, 31, info.debatty.java.stringsimilarity.RatcliffObershelp, NON_DEFAULT)", "Stmt(IF, 0, info.debatty.java.stringsimilarity.RatcliffObershelp, DEFAULT)", "Stmt(VARIABLE_DECLARATION, 21, info.debatty.java.stringsimilarity.RatcliffObershelp, DEFAULT)", "Stmt(VARIABLE_DECLARATION, 19, info.debatty.java.stringsimilarity.RatcliffObershelp, DEFAULT)", "Stmt(FOR, 25, info.debatty.java.stringsimilarity.RatcliffObershelp, DEFAULT)", "Stmt(VARIABLE_DECLARATION, 23, info.debatty.java.stringsimilarity.RatcliffObershelp, DEFAULT)", "Stmt(EXPRESSION, 13, info.debatty.java.stringsimilarity.RatcliffObershelp, DEFAULT)", "Stmt(RETURN, 11, info.debatty.java.stringsimilarity.RatcliffObershelp, DEFAULT)", "Stmt(RETURN, 11, info.debatty.java.stringsimilarity.RatcliffObershelp, NON_DEFAULT)", "Stmt(VARIABLE_DECLARATION, 17, info.debatty.java.stringsimilarity.RatcliffObershelp, DEFAULT)", "Stmt(EXPRESSION, 15, info.debatty.java.stringsimilarity.RatcliffObershelp, DEFAULT)", "Stmt(RETURN, 5, info.debatty.java.stringsimilarity.RatcliffObershelp, DEFAULT)", "Stmt(RETURN, 5, info.debatty.java.stringsimilarity.RatcliffObershelp, NON_DEFAULT)", "Stmt(THROW, 3, info.debatty.java.stringsimilarity.RatcliffObershelp, DEFAULT)", "Decision(true, LOOP, 5, info.debatty.java.stringsimilarity.RatcliffObershelp)", "Stmt(VARIABLE_DECLARATION, 9, info.debatty.java.stringsimilarity.RatcliffObershelp, DEFAULT)", "Stmt(EXPRESSION, 7, info.debatty.java.stringsimilarity.RatcliffObershelp, DEFAULT)", "Decision(true, IF, 0, info.debatty.java.stringsimilarity.RatcliffObershelp)", "Stmt(VARIABLE_DECLARATION, 30, info.debatty.java.stringsimilarity.RatcliffObershelp, DEFAULT)", "Decision(true, IF, 2, info.debatty.java.stringsimilarity.RatcliffObershelp)", "Stmt(EXPRESSION, 28, info.debatty.java.stringsimilarity.RatcliffObershelp, DEFAULT)", "Stmt(THROW, 1, info.debatty.java.stringsimilarity.RatcliffObershelp, DEFAULT)", "Stmt(VARIABLE_DECLARATION, 32, info.debatty.java.stringsimilarity.RatcliffObershelp, DEFAULT)", "Stmt(RETURN, 22, info.debatty.java.stringsimilarity.RatcliffObershelp, DEFAULT)", "Stmt(RETURN, 22, info.debatty.java.stringsimilarity.RatcliffObershelp, NON_DEFAULT)", "Stmt(VARIABLE_DECLARATION, 20, info.debatty.java.stringsimilarity.RatcliffObershelp, DEFAULT)", "Stmt(FOR, 26, info.debatty.java.stringsimilarity.RatcliffObershelp, DEFAULT)", "Stmt(VARIABLE_DECLARATION, 24, info.debatty.java.stringsimilarity.RatcliffObershelp, DEFAULT)" ],
  "effectualCovered" : [ "Stmt(EXPRESSION, 14, info.debatty.java.stringsimilarity.RatcliffObershelp, DEFAULT)", "Stmt(IF, 12, info.debatty.java.stringsimilarity.RatcliffObershelp, DEFAULT)", "Stmt(VARIABLE_DECLARATION, 18, info.debatty.java.stringsimilarity.RatcliffObershelp, DEFAULT)", "Stmt(VARIABLE_DECLARATION, 16, info.debatty.java.stringsimilarity.RatcliffObershelp, DEFAULT)", "Stmt(FOR_EACH, 6, info.debatty.java.stringsimilarity.RatcliffObershelp, DEFAULT)", "Stmt(IF, 4, info.debatty.java.stringsimilarity.RatcliffObershelp, DEFAULT)", "Decision(true, LOOP, 4, info.debatty.java.stringsimilarity.RatcliffObershelp)", "Stmt(VARIABLE_DECLARATION, 10, info.debatty.java.stringsimilarity.RatcliffObershelp, DEFAULT)", "Decision(true, IF, 6, info.debatty.java.stringsimilarity.RatcliffObershelp)", "Stmt(RETURN, 8, info.debatty.java.stringsimilarity.RatcliffObershelp, DEFAULT)", "Stmt(RETURN, 8, info.debatty.java.stringsimilarity.RatcliffObershelp, NON_DEFAULT)", "Decision(true, IF, 1, info.debatty.java.stringsimilarity.RatcliffObershelp)", "Stmt(EXPRESSION, 29, info.debatty.java.stringsimilarity.RatcliffObershelp, DEFAULT)", "Decision(true, IF, 3, info.debatty.java.stringsimilarity.RatcliffObershelp)", "Stmt(IF, 27, info.debatty.java.stringsimilarity.RatcliffObershelp, DEFAULT)", "Stmt(VARIABLE_DECLARATION, 33, info.debatty.java.stringsimilarity.RatcliffObershelp, DEFAULT)", "Stmt(IF, 2, info.debatty.java.stringsimilarity.RatcliffObershelp, DEFAULT)", "Stmt(RETURN, 31, info.debatty.java.stringsimilarity.RatcliffObershelp, DEFAULT)", "Stmt(RETURN, 31, info.debatty.java.stringsimilarity.RatcliffObershelp, NON_DEFAULT)", "Stmt(IF, 0, info.debatty.java.stringsimilarity.RatcliffObershelp, DEFAULT)", "Stmt(VARIABLE_DECLARATION, 21, info.debatty.java.stringsimilarity.RatcliffObershelp, DEFAULT)", "Stmt(VARIABLE_DECLARATION, 19, info.debatty.java.stringsimilarity.RatcliffObershelp, DEFAULT)", "Stmt(FOR, 25, info.debatty.java.stringsimilarity.RatcliffObershelp, DEFAULT)", "Stmt(VARIABLE_DECLARATION, 23, info.debatty.java.stringsimilarity.RatcliffObershelp, DEFAULT)", "Stmt(EXPRESSION, 13, info.debatty.java.stringsimilarity.RatcliffObershelp, DEFAULT)", "Stmt(RETURN, 11, info.debatty.java.stringsimilarity.RatcliffObershelp, DEFAULT)", "Stmt(RETURN, 11, info.debatty.java.stringsimilarity.RatcliffObershelp, NON_DEFAULT)", "Stmt(VARIABLE_DECLARATION, 17, info.debatty.java.stringsimilarity.RatcliffObershelp, DEFAULT)", "Stmt(EXPRESSION, 15, info.debatty.java.stringsimilarity.RatcliffObershelp, DEFAULT)", "Stmt(RETURN, 5, info.debatty.java.stringsimilarity.RatcliffObershelp, DEFAULT)", "Stmt(RETURN, 5, info.debatty.java.stringsimilarity.RatcliffObershelp, NON_DEFAULT)", "Stmt(THROW, 3, info.debatty.java.stringsimilarity.RatcliffObershelp, DEFAULT)", "Decision(true, LOOP, 5, info.debatty.java.stringsimilarity.RatcliffObershelp)", "Stmt(VARIABLE_DECLARATION, 9, info.debatty.java.stringsimilarity.RatcliffObershelp, DEFAULT)", "Stmt(EXPRESSION, 7, info.debatty.java.stringsimilarity.RatcliffObershelp, DEFAULT)", "Decision(true, IF, 0, info.debatty.java.stringsimilarity.RatcliffObershelp)", "Stmt(VARIABLE_DECLARATION, 30, info.debatty.java.stringsimilarity.RatcliffObershelp, DEFAULT)", "Decision(true, IF, 2, info.debatty.java.stringsimilarity.RatcliffObershelp)", "Stmt(EXPRESSION, 28, info.debatty.java.stringsimilarity.RatcliffObershelp, DEFAULT)", "Stmt(THROW, 1, info.debatty.java.stringsimilarity.RatcliffObershelp, DEFAULT)", "Stmt(VARIABLE_DECLARATION, 32, info.debatty.java.stringsimilarity.RatcliffObershelp, DEFAULT)", "Stmt(RETURN, 22, info.debatty.java.stringsimilarity.RatcliffObershelp, DEFAULT)", "Stmt(RETURN, 22, info.debatty.java.stringsimilarity.RatcliffObershelp, NON_DEFAULT)", "Stmt(VARIABLE_DECLARATION, 20, info.debatty.java.stringsimilarity.RatcliffObershelp, DEFAULT)", "Stmt(FOR, 26, info.debatty.java.stringsimilarity.RatcliffObershelp, DEFAULT)", "Stmt(VARIABLE_DECLARATION, 24, info.debatty.java.stringsimilarity.RatcliffObershelp, DEFAULT)" ],
  "totalElementCount" : 46,
  "totalCoveredCount" : 46,
  "totalEffectualCount" : 46,
  "totalCoverageGap" : 0
}