{
  "testClassName" : "info.debatty.java.stringsimilarity.SorensenDiceTest",
  "testMethodName" : "testSimilarity",
  "testOutcomes" : [ "PASSED(7)", "PASSED(1)", "PASSED(1)" ],
  "coverageElementTestOutcomes" : {
    "Decision(true, IF, 0, info.debatty.java.stringsimilarity.SorensenDice)" : [ "FAILED(1)" ],
    "Decision(false, IF, 0, info.debatty.java.stringsimilarity.SorensenDice)" : [ "THREW_EXCEPTION(0, java.lang.NullPointerException: s1 must not be null <info.debatty.java.stringsimilarity.SorensenDice.similarity(SorensenDice.java:82)>)" ],
    "Decision(true, IF, 1, info.debatty.java.stringsimilarity.SorensenDice)" : [ "FAILED(0)" ],
    "Decision(false, IF, 1, info.debatty.java.stringsimilarity.SorensenDice)" : [ "THREW_EXCEPTION(0, java.lang.NullPointerException: s2 must not be null <info.debatty.java.stringsimilarity.SorensenDice.similarity(SorensenDice.java:89)>)" ],
    "Decision(true, IF, 2, info.debatty.java.stringsimilarity.SorensenDice)" : [ "FAILED(1)" ],
    "Decision(false, IF, 2, info.debatty.java.stringsimilarity.SorensenDice)" : [ "FAILED(0)" ],
    "Decision(true, IF, 3, info.debatty.java.stringsimilarity.SorensenDice)" : [ "FAILED(0)" ],
    "Decision(false, IF, 3, info.debatty.java.stringsimilarity.SorensenDice)" : [ "FAILED(0)" ],
    "Stmt(IF, 0, info.debatty.java.stringsimilarity.SorensenDice, DEFAULT)" : [ "FAILED(0)" ],
    "Stmt(IF, 0, info.debatty.java.stringsimilarity.SorensenDice, NON_DEFAULT)" : [ "FAILED(0)" ],
    "Stmt(THROW, 1, info.debatty.java.stringsimilarity.SorensenDice, DEFAULT)" : [ "FAILED(0)" ],
    "Stmt(THROW, 1, info.debatty.java.stringsimilarity.SorensenDice, NON_DEFAULT)" : [ "FAILED(1)" ],
    "Stmt(IF, 2, info.debatty.java.stringsimilarity.SorensenDice, DEFAULT)" : [ "FAILED(0)" ],
    "Stmt(IF, 2, info.debatty.java.stringsimilarity.SorensenDice, NON_DEFAULT)" : [ "FAILED(0)" ],
    "Stmt(THROW, 3, info.debatty.java.stringsimilarity.SorensenDice, DEFAULT)" : [ "FAILED(0)" ],
    "Stmt(THROW, 3, info.debatty.java.stringsimilarity.SorensenDice, NON_DEFAULT)" : [ "FAILED(1)" ],
    "Stmt(IF, 4, info.debatty.java.stringsimilarity.SorensenDice, DEFAULT)" : [ "FAILED(0)" ],
    "Stmt(IF, 4, info.debatty.java.stringsimilarity.SorensenDice, NON_DEFAULT)" : [ "FAILED(0)" ],
    "Stmt(RETURN, 5, info.debatty.java.stringsimilarity.SorensenDice, DEFAULT)" : [ "FAILED(0)" ],
    "Stmt(RETURN, 5, info.debatty.java.stringsimilarity.SorensenDice, NON_DEFAULT)" : [ "FAILED(0)" ],
    "Stmt(EXPRESSION, 6, info.debatty.java.stringsimilarity.SorensenDice, DEFAULT)" : [ "FAILED(0)" ],
    "Stmt(EXPRESSION, 6, info.debatty.java.stringsimilarity.SorensenDice, NON_DEFAULT)" : [ "FAILED(1)" ],
    "Stmt(EXPRESSION, 7, info.debatty.java.stringsimilarity.SorensenDice, DEFAULT)" : [ "FAILED(0)" ],
    "Stmt(EXPRESSION, 7, info.debatty.java.stringsimilarity.SorensenDice, NON_DEFAULT)" : [ "FAILED(0)" ],
    "Stmt(FOR_EACH, 8, info.debatty.java.stringsimilarity.SorensenDice, DEFAULT)" : [ "FAILED(0)" ],
    "Stmt(FOR_EACH, 8, info.debatty.java.stringsimilarity.SorensenDice, NON_DEFAULT)" : [ "FAILED(0)" ],
    "Stmt(IF, 9, info.debatty.java.stringsimilarity.SorensenDice, DEFAULT)" : [ "FAILED(1)" ],
    "Stmt(IF, 9, info.debatty.java.stringsimilarity.SorensenDice, NON_DEFAULT)" : [ "FAILED(0)" ],
    "Stmt(EXPRESSION, 10, info.debatty.java.stringsimilarity.SorensenDice, DEFAULT)" : [ "FAILED(1)" ],
    "Stmt(EXPRESSION, 10, info.debatty.java.stringsimilarity.SorensenDice, NON_DEFAULT)" : [ "FAILED(0)" ],
    "Stmt(RETURN, 11, info.debatty.java.stringsimilarity.SorensenDice, DEFAULT)" : [ "FAILED(0)" ],
    "Stmt(RETURN, 11, info.debatty.java.stringsimilarity.SorensenDice, NON_DEFAULT)" : [ "FAILED(0)" ],
    "Stmt(VARIABLE_DECLARATION, 12, info.debatty.java.stringsimilarity.SorensenDice, DEFAULT)" : [ "THREW_EXCEPTION(2, java.lang.NullPointerException: Cannot invoke \"java.util.Map.keySet()\" because \"profile1\" is null <info.debatty.java.stringsimilarity.SorensenDice.similarity(SorensenDice.java:111)>)" ],
    "Stmt(VARIABLE_DECLARATION, 12, info.debatty.java.stringsimilarity.SorensenDice, NON_DEFAULT)" : [ "THREW_EXCEPTION(1, java.lang.NullPointerException: Cannot invoke \"java.util.Map.keySet()\" because \"profile1\" is null <info.debatty.java.stringsimilarity.SorensenDice.similarity(SorensenDice.java:111)>)" ],
    "Stmt(VARIABLE_DECLARATION, 13, info.debatty.java.stringsimilarity.SorensenDice, DEFAULT)" : [ "THREW_EXCEPTION(0, java.lang.NullPointerException: Cannot invoke \"java.util.Map.keySet()\" because \"profile2\" is null <info.debatty.java.stringsimilarity.SorensenDice.similarity(SorensenDice.java:114)>)" ],
    "Stmt(VARIABLE_DECLARATION, 13, info.debatty.java.stringsimilarity.SorensenDice, NON_DEFAULT)" : [ "THREW_EXCEPTION(0, java.lang.NullPointerException: Cannot invoke \"java.util.Map.keySet()\" because \"profile2\" is null <info.debatty.java.stringsimilarity.SorensenDice.similarity(SorensenDice.java:114)>)" ],
    "Stmt(VARIABLE_DECLARATION, 14, info.debatty.java.stringsimilarity.SorensenDice, DEFAULT)" : [ "THREW_EXCEPTION(1, java.lang.NullPointerException: Cannot invoke \"java.util.Set.addAll(java.util.Collection)\" because \"union\" is null <info.debatty.java.stringsimilarity.SorensenDice.similarity(SorensenDice.java:111)>)" ],
    "Stmt(VARIABLE_DECLARATION, 14, info.debatty.java.stringsimilarity.SorensenDice, NON_DEFAULT)" : [ "THREW_EXCEPTION(0, java.lang.NullPointerException: Cannot invoke \"java.util.Set.addAll(java.util.Collection)\" because \"union\" is null <info.debatty.java.stringsimilarity.SorensenDice.similarity(SorensenDice.java:111)>)" ],
    "Stmt(VARIABLE_DECLARATION, 15, info.debatty.java.stringsimilarity.SorensenDice, DEFAULT)" : [ "FAILED(0)" ],
    "Stmt(VARIABLE_DECLARATION, 15, info.debatty.java.stringsimilarity.SorensenDice, NON_DEFAULT)" : [ "FAILED(0)" ]
  },
  "timeTaken" : 142
}