{
  "fileName" : "project-overview",
  "typeMetricsHashMap" : {
    "FOR" : {
      "elementCount" : 20,
      "coveredCount" : 19,
      "effectualCount" : 19,
      "coverageGap" : [ ],
      "coverageGapSize" : 0,
      "coveredPercentage" : 95.0,
      "effectualPercentage" : 95.0,
      "coverageGapPercentage" : 0.0
    },
    "SWITCH_ENTRY_ASSIGNMENT" : {
      "elementCount" : 0,
      "coveredCount" : 0,
      "effectualCount" : 0,
      "coverageGap" : [ ],
      "coverageGapSize" : 0,
      "coveredPercentage" : 0.0,
      "effectualPercentage" : 0.0,
      "coverageGapPercentage" : 0.0
    },
    "WHILE" : {
      "elementCount" : 0,
      "coveredCount" : 0,
      "effectualCount" : 0,
      "coverageGap" : [ ],
      "coverageGapSize" : 0,
      "coveredPercentage" : 0.0,
      "effectualPercentage" : 0.0,
      "coverageGapPercentage" : 0.0
    },
    "BREAK" : {
      "elementCount" : 0,
      "coveredCount" : 0,
      "effectualCount" : 0,
      "coverageGap" : [ ],
      "coverageGapSize" : 0,
      "coveredPercentage" : 0.0,
      "effectualPercentage" : 0.0,
      "coverageGapPercentage" : 0.0
    },
    "DO" : {
      "elementCount" : 0,
      "coveredCount" : 0,
      "effectualCount" : 0,
      "coverageGap" : [ ],
      "coverageGapSize" : 0,
      "coveredPercentage" : 0.0,
      "effectualPercentage" : 0.0,
      "coverageGapPercentage" : 0.0
    },
    "INNER_CLASS_RETURN" : {
      "elementCount" : 0,
      "coveredCount" : 0,
      "effectualCount" : 0,
      "coverageGap" : [ ],
      "coverageGapSize" : 0,
      "coveredPercentage" : 0.0,
      "effectualPercentage" : 0.0,
      "coverageGapPercentage" : 0.0
    },
    "CONTINUE" : {
      "elementCount" : 0,
      "coveredCount" : 0,
      "effectualCount" : 0,
      "coverageGap" : [ ],
      "coverageGapSize" : 0,
      "coveredPercentage" : 0.0,
      "effectualPercentage" : 0.0,
      "coverageGapPercentage" : 0.0
    },
    "THROW" : {
      "elementCount" : 2,
      "coveredCount" : 0,
      "effectualCount" : 0,
      "coverageGap" : [ ],
      "coverageGapSize" : 0,
      "coveredPercentage" : 0.0,
      "effectualPercentage" : 0.0,
      "coverageGapPercentage" : 0.0
    },
    "RETURN" : {
      "elementCount" : 36,
      "coveredCount" : 34,
      "effectualCount" : 33,
      "coverageGap" : [ "Stmt(RETURN, 17, org.xmlcml.euclid.IntSquareMatrix, NON_DEFAULT)" ],
      "coverageGapSize" : 1,
      "coveredPercentage" : 94.44,
      "effectualPercentage" : 91.67,
      "coverageGapPercentage" : 2.78
    },
    "EXPRESSION" : {
      "elementCount" : 11,
      "coveredCount" : 8,
      "effectualCount" : 8,
      "coverageGap" : [ ],
      "coverageGapSize" : 0,
      "coveredPercentage" : 72.73,
      "effectualPercentage" : 72.73,
      "coverageGapPercentage" : 0.0
    },
    "DECISION" : {
      "elementCount" : 26,
      "coveredCount" : 23,
      "effectualCount" : 23,
      "coverageGap" : [ ],
      "coverageGapSize" : 0,
      "coveredPercentage" : 88.46,
      "effectualPercentage" : 88.46,
      "coverageGapPercentage" : 0.0
    },
    "FOR_EACH" : {
      "elementCount" : 0,
      "coveredCount" : 0,
      "effectualCount" : 0,
      "coverageGap" : [ ],
      "coverageGapSize" : 0,
      "coveredPercentage" : 0.0,
      "effectualPercentage" : 0.0,
      "coverageGapPercentage" : 0.0
    },
    "LAMBDA_RETURN" : {
      "elementCount" : 0,
      "coveredCount" : 0,
      "effectualCount" : 0,
      "coverageGap" : [ ],
      "coverageGapSize" : 0,
      "coveredPercentage" : 0.0,
      "effectualPercentage" : 0.0,
      "coverageGapPercentage" : 0.0
    },
    "INNER_CLASS" : {
      "elementCount" : 0,
      "coveredCount" : 0,
      "effectualCount" : 0,
      "coverageGap" : [ ],
      "coverageGapSize" : 0,
      "coveredPercentage" : 0.0,
      "effectualPercentage" : 0.0,
      "coverageGapPercentage" : 0.0
    },
    "IF" : {
      "elementCount" : 6,
      "coveredCount" : 6,
      "effectualCount" : 4,
      "coverageGap" : [ "Stmt(IF, 11, org.xmlcml.euclid.IntSquareMatrix, DEFAULT)", "Stmt(IF, 14, org.xmlcml.euclid.IntSquareMatrix, DEFAULT)" ],
      "coverageGapSize" : 2,
      "coveredPercentage" : 100.0,
      "effectualPercentage" : 66.67,
      "coverageGapPercentage" : 33.33
    },
    "SWITCH" : {
      "elementCount" : 0,
      "coveredCount" : 0,
      "effectualCount" : 0,
      "coverageGap" : [ ],
      "coverageGapSize" : 0,
      "coveredPercentage" : 0.0,
      "effectualPercentage" : 0.0,
      "coverageGapPercentage" : 0.0
    },
    "VARIABLE_DECLARATION" : {
      "elementCount" : 16,
      "coveredCount" : 15,
      "effectualCount" : 15,
      "coverageGap" : [ ],
      "coverageGapSize" : 0,
      "coveredPercentage" : 93.75,
      "effectualPercentage" : 93.75,
      "coverageGapPercentage" : 0.0
    },
    "LAMBDA" : {
      "elementCount" : 0,
      "coveredCount" : 0,
      "effectualCount" : 0,
      "coverageGap" : [ ],
      "coverageGapSize" : 0,
      "coveredPercentage" : 0.0,
      "effectualPercentage" : 0.0,
      "coverageGapPercentage" : 0.0
    },
    "TRY" : {
      "elementCount" : 0,
      "coveredCount" : 0,
      "effectualCount" : 0,
      "coverageGap" : [ ],
      "coverageGapSize" : 0,
      "coveredPercentage" : 0.0,
      "effectualPercentage" : 0.0,
      "coverageGapPercentage" : 0.0
    }
  },
  "totalElementCount" : 117,
  "totalCoveredCount" : 105,
  "totalEffectualCount" : 102,
  "totalCoverageGap" : 3
}