{
  "fileName" : "src/main/java/com/amihaiemil/eoyaml/Skip.java",
  "packageName" : "com.amihaiemil.eoyaml",
  "className" : "Skip$Line",
  "typeMetricsHashMap" : {
    "INNER_CLASS" : {
      "elementCount" : 0,
      "coveredCount" : 0,
      "effectualCount" : 0,
      "coverageGap" : [ ],
      "coveredPercentage" : 0.0,
      "effectualPercentage" : 0.0,
      "coverageGapPercentage" : 0.0,
      "coverageGapSize" : 0
    },
    "BREAK" : {
      "elementCount" : 0,
      "coveredCount" : 0,
      "effectualCount" : 0,
      "coverageGap" : [ ],
      "coveredPercentage" : 0.0,
      "effectualPercentage" : 0.0,
      "coverageGapPercentage" : 0.0,
      "coverageGapSize" : 0
    },
    "WHILE" : {
      "elementCount" : 0,
      "coveredCount" : 0,
      "effectualCount" : 0,
      "coverageGap" : [ ],
      "coveredPercentage" : 0.0,
      "effectualPercentage" : 0.0,
      "coverageGapPercentage" : 0.0,
      "coverageGapSize" : 0
    },
    "IF" : {
      "elementCount" : 1,
      "coveredCount" : 1,
      "effectualCount" : 1,
      "coverageGap" : [ ],
      "coveredPercentage" : 100.0,
      "effectualPercentage" : 100.0,
      "coverageGapPercentage" : 0.0,
      "coverageGapSize" : 0
    },
    "DO" : {
      "elementCount" : 0,
      "coveredCount" : 0,
      "effectualCount" : 0,
      "coverageGap" : [ ],
      "coveredPercentage" : 0.0,
      "effectualPercentage" : 0.0,
      "coverageGapPercentage" : 0.0,
      "coverageGapSize" : 0
    },
    "SWITCH_ENTRY_ASSIGNMENT" : {
      "elementCount" : 0,
      "coveredCount" : 0,
      "effectualCount" : 0,
      "coverageGap" : [ ],
      "coveredPercentage" : 0.0,
      "effectualPercentage" : 0.0,
      "coverageGapPercentage" : 0.0,
      "coverageGapSize" : 0
    },
    "CONTINUE" : {
      "elementCount" : 0,
      "coveredCount" : 0,
      "effectualCount" : 0,
      "coverageGap" : [ ],
      "coveredPercentage" : 0.0,
      "effectualPercentage" : 0.0,
      "coverageGapPercentage" : 0.0,
      "coverageGapSize" : 0
    },
    "VARIABLE_DECLARATION" : {
      "elementCount" : 0,
      "coveredCount" : 0,
      "effectualCount" : 0,
      "coverageGap" : [ ],
      "coveredPercentage" : 0.0,
      "effectualPercentage" : 0.0,
      "coverageGapPercentage" : 0.0,
      "coverageGapSize" : 0
    },
    "INNER_CLASS_RETURN" : {
      "elementCount" : 0,
      "coveredCount" : 0,
      "effectualCount" : 0,
      "coverageGap" : [ ],
      "coveredPercentage" : 0.0,
      "effectualPercentage" : 0.0,
      "coverageGapPercentage" : 0.0,
      "coverageGapSize" : 0
    },
    "FOR_EACH" : {
      "elementCount" : 0,
      "coveredCount" : 0,
      "effectualCount" : 0,
      "coverageGap" : [ ],
      "coveredPercentage" : 0.0,
      "effectualPercentage" : 0.0,
      "coverageGapPercentage" : 0.0,
      "coverageGapSize" : 0
    },
    "TRY" : {
      "elementCount" : 0,
      "coveredCount" : 0,
      "effectualCount" : 0,
      "coverageGap" : [ ],
      "coveredPercentage" : 0.0,
      "effectualPercentage" : 0.0,
      "coverageGapPercentage" : 0.0,
      "coverageGapSize" : 0
    },
    "SWITCH" : {
      "elementCount" : 0,
      "coveredCount" : 0,
      "effectualCount" : 0,
      "coverageGap" : [ ],
      "coveredPercentage" : 0.0,
      "effectualPercentage" : 0.0,
      "coverageGapPercentage" : 0.0,
      "coverageGapSize" : 0
    },
    "EXPRESSION" : {
      "elementCount" : 6,
      "coveredCount" : 5,
      "effectualCount" : 5,
      "coverageGap" : [ ],
      "coveredPercentage" : 83.33,
      "effectualPercentage" : 83.33,
      "coverageGapPercentage" : 0.0,
      "coverageGapSize" : 0
    },
    "LAMBDA_RETURN" : {
      "elementCount" : 0,
      "coveredCount" : 0,
      "effectualCount" : 0,
      "coverageGap" : [ ],
      "coveredPercentage" : 0.0,
      "effectualPercentage" : 0.0,
      "coverageGapPercentage" : 0.0,
      "coverageGapSize" : 0
    },
    "DECISION" : {
      "elementCount" : 1,
      "coveredCount" : 1,
      "effectualCount" : 1,
      "coverageGap" : [ ],
      "coveredPercentage" : 100.0,
      "effectualPercentage" : 100.0,
      "coverageGapPercentage" : 0.0,
      "coverageGapSize" : 0
    },
    "FOR" : {
      "elementCount" : 0,
      "coveredCount" : 0,
      "effectualCount" : 0,
      "coverageGap" : [ ],
      "coveredPercentage" : 0.0,
      "effectualPercentage" : 0.0,
      "coverageGapPercentage" : 0.0,
      "coverageGapSize" : 0
    },
    "THROW" : {
      "elementCount" : 0,
      "coveredCount" : 0,
      "effectualCount" : 0,
      "coverageGap" : [ ],
      "coveredPercentage" : 0.0,
      "effectualPercentage" : 0.0,
      "coverageGapPercentage" : 0.0,
      "coverageGapSize" : 0
    },
    "LAMBDA" : {
      "elementCount" : 0,
      "coveredCount" : 0,
      "effectualCount" : 0,
      "coverageGap" : [ ],
      "coveredPercentage" : 0.0,
      "effectualPercentage" : 0.0,
      "coverageGapPercentage" : 0.0,
      "coverageGapSize" : 0
    },
    "RETURN" : {
      "elementCount" : 12,
      "coveredCount" : 4,
      "effectualCount" : 4,
      "coverageGap" : [ ],
      "coveredPercentage" : 33.33,
      "effectualPercentage" : 33.33,
      "coverageGapPercentage" : 0.0,
      "coverageGapSize" : 0
    }
  },
  "covered" : [ "Stmt(EXPRESSION, 0, com.amihaiemil.eoyaml.Skip$Line, DEFAULT)", "Stmt(RETURN, 12, com.amihaiemil.eoyaml.Skip$Line, DEFAULT)", "Stmt(RETURN, 12, com.amihaiemil.eoyaml.Skip$Line, NON_DEFAULT)", "Stmt(EXPRESSION, 3, com.amihaiemil.eoyaml.Skip$Line, DEFAULT)", "Stmt(EXPRESSION, 4, com.amihaiemil.eoyaml.Skip$Line, DEFAULT)", "Stmt(EXPRESSION, 1, com.amihaiemil.eoyaml.Skip$Line, DEFAULT)", "Stmt(IF, 2, com.amihaiemil.eoyaml.Skip$Line, DEFAULT)", "Decision(true, IF, 0, com.amihaiemil.eoyaml.Skip$Line)", "Stmt(EXPRESSION, 5, com.amihaiemil.eoyaml.Skip$Line, DEFAULT)", "Stmt(RETURN, 6, com.amihaiemil.eoyaml.Skip$Line, DEFAULT)", "Stmt(RETURN, 6, com.amihaiemil.eoyaml.Skip$Line, NON_DEFAULT)" ],
  "effectualCovered" : [ "Stmt(EXPRESSION, 0, com.amihaiemil.eoyaml.Skip$Line, DEFAULT)", "Stmt(RETURN, 12, com.amihaiemil.eoyaml.Skip$Line, DEFAULT)", "Stmt(RETURN, 12, com.amihaiemil.eoyaml.Skip$Line, NON_DEFAULT)", "Stmt(EXPRESSION, 3, com.amihaiemil.eoyaml.Skip$Line, DEFAULT)", "Stmt(EXPRESSION, 4, com.amihaiemil.eoyaml.Skip$Line, DEFAULT)", "Stmt(EXPRESSION, 1, com.amihaiemil.eoyaml.Skip$Line, DEFAULT)", "Stmt(IF, 2, com.amihaiemil.eoyaml.Skip$Line, DEFAULT)", "Decision(true, IF, 0, com.amihaiemil.eoyaml.Skip$Line)", "Stmt(EXPRESSION, 5, com.amihaiemil.eoyaml.Skip$Line, DEFAULT)", "Stmt(RETURN, 6, com.amihaiemil.eoyaml.Skip$Line, DEFAULT)", "Stmt(RETURN, 6, com.amihaiemil.eoyaml.Skip$Line, NON_DEFAULT)" ],
  "totalElementCount" : 20,
  "totalCoveredCount" : 11,
  "totalEffectualCount" : 11,
  "totalCoverageGap" : 0
}