{
  "fileName" : "src/main/java/org/brunocvcunha/inutils4j/MyStringUtils.java",
  "packageName" : "org.brunocvcunha.inutils4j",
  "className" : "MyStringUtils",
  "typeMetricsHashMap" : {
    "DECISION" : {
      "elementCount" : 129,
      "coveredCount" : 29,
      "effectualCount" : 22,
      "coverageGap" : [ "Decision(true, LOOP, 101, org.brunocvcunha.inutils4j.MyStringUtils)", "Decision(true, LOOP, 126, org.brunocvcunha.inutils4j.MyStringUtils)", "Decision(true, IF, 123, org.brunocvcunha.inutils4j.MyStringUtils)", "Decision(true, LOOP, 122, org.brunocvcunha.inutils4j.MyStringUtils)", "Decision(true, LOOP, 125, org.brunocvcunha.inutils4j.MyStringUtils)", "Decision(true, LOOP, 124, org.brunocvcunha.inutils4j.MyStringUtils)", "Decision(true, LOOP, 121, org.brunocvcunha.inutils4j.MyStringUtils)" ],
      "coverageGapSize" : 7,
      "coveredPercentage" : 22.48,
      "effectualPercentage" : 17.05,
      "coverageGapPercentage" : 5.43
    },
    "LAMBDA_RETURN" : {
      "elementCount" : 0,
      "coveredCount" : 0,
      "effectualCount" : 0,
      "coverageGap" : [ ],
      "coverageGapSize" : 0,
      "coveredPercentage" : 0.0,
      "effectualPercentage" : 0.0,
      "coverageGapPercentage" : 0.0
    },
    "THROW" : {
      "elementCount" : 12,
      "coveredCount" : 0,
      "effectualCount" : 0,
      "coverageGap" : [ ],
      "coverageGapSize" : 0,
      "coveredPercentage" : 0.0,
      "effectualPercentage" : 0.0,
      "coverageGapPercentage" : 0.0
    },
    "VARIABLE_DECLARATION" : {
      "elementCount" : 141,
      "coveredCount" : 27,
      "effectualCount" : 26,
      "coverageGap" : [ "Stmt(VARIABLE_DECLARATION, 1013, org.brunocvcunha.inutils4j.MyStringUtils, DEFAULT)" ],
      "coverageGapSize" : 1,
      "coveredPercentage" : 19.15,
      "effectualPercentage" : 18.44,
      "coverageGapPercentage" : 0.71
    },
    "BREAK" : {
      "elementCount" : 3,
      "coveredCount" : 0,
      "effectualCount" : 0,
      "coverageGap" : [ ],
      "coverageGapSize" : 0,
      "coveredPercentage" : 0.0,
      "effectualPercentage" : 0.0,
      "coverageGapPercentage" : 0.0
    },
    "FOR_EACH" : {
      "elementCount" : 27,
      "coveredCount" : 7,
      "effectualCount" : 5,
      "coverageGap" : [ "Stmt(FOR_EACH, 1007, org.brunocvcunha.inutils4j.MyStringUtils, DEFAULT)", "Stmt(FOR_EACH, 996, org.brunocvcunha.inutils4j.MyStringUtils, DEFAULT)" ],
      "coverageGapSize" : 2,
      "coveredPercentage" : 25.93,
      "effectualPercentage" : 18.52,
      "coverageGapPercentage" : 7.41
    },
    "RETURN" : {
      "elementCount" : 340,
      "coveredCount" : 78,
      "effectualCount" : 72,
      "coverageGap" : [ "Stmt(RETURN, 628, org.brunocvcunha.inutils4j.MyStringUtils, NON_DEFAULT)", "Stmt(RETURN, 1012, org.brunocvcunha.inutils4j.MyStringUtils, DEFAULT)", "Stmt(RETURN, 1012, org.brunocvcunha.inutils4j.MyStringUtils, NON_DEFAULT)", "Stmt(RETURN, 629, org.brunocvcunha.inutils4j.MyStringUtils, DEFAULT)", "Stmt(RETURN, 981, org.brunocvcunha.inutils4j.MyStringUtils, DEFAULT)", "Stmt(RETURN, 985, org.brunocvcunha.inutils4j.MyStringUtils, DEFAULT)" ],
      "coverageGapSize" : 6,
      "coveredPercentage" : 22.94,
      "effectualPercentage" : 21.18,
      "coverageGapPercentage" : 1.76
    },
    "INNER_CLASS_RETURN" : {
      "elementCount" : 0,
      "coveredCount" : 0,
      "effectualCount" : 0,
      "coverageGap" : [ ],
      "coverageGapSize" : 0,
      "coveredPercentage" : 0.0,
      "effectualPercentage" : 0.0,
      "coverageGapPercentage" : 0.0
    },
    "CONTINUE" : {
      "elementCount" : 3,
      "coveredCount" : 0,
      "effectualCount" : 0,
      "coverageGap" : [ ],
      "coverageGapSize" : 0,
      "coveredPercentage" : 0.0,
      "effectualPercentage" : 0.0,
      "coverageGapPercentage" : 0.0
    },
    "WHILE" : {
      "elementCount" : 16,
      "coveredCount" : 4,
      "effectualCount" : 0,
      "coverageGap" : [ "Stmt(WHILE, 897, org.brunocvcunha.inutils4j.MyStringUtils, DEFAULT)", "Stmt(WHILE, 899, org.brunocvcunha.inutils4j.MyStringUtils, DEFAULT)", "Stmt(WHILE, 901, org.brunocvcunha.inutils4j.MyStringUtils, DEFAULT)", "Stmt(WHILE, 903, org.brunocvcunha.inutils4j.MyStringUtils, DEFAULT)" ],
      "coverageGapSize" : 4,
      "coveredPercentage" : 25.0,
      "effectualPercentage" : 0.0,
      "coverageGapPercentage" : 25.0
    },
    "DO" : {
      "elementCount" : 0,
      "coveredCount" : 0,
      "effectualCount" : 0,
      "coverageGap" : [ ],
      "coverageGapSize" : 0,
      "coveredPercentage" : 0.0,
      "effectualPercentage" : 0.0,
      "coverageGapPercentage" : 0.0
    },
    "INNER_CLASS" : {
      "elementCount" : 0,
      "coveredCount" : 0,
      "effectualCount" : 0,
      "coverageGap" : [ ],
      "coverageGapSize" : 0,
      "coveredPercentage" : 0.0,
      "effectualPercentage" : 0.0,
      "coverageGapPercentage" : 0.0
    },
    "FOR" : {
      "elementCount" : 26,
      "coveredCount" : 11,
      "effectualCount" : 6,
      "coverageGap" : [ "Stmt(FOR, 1008, org.brunocvcunha.inutils4j.MyStringUtils, DEFAULT)", "Stmt(FOR, 994, org.brunocvcunha.inutils4j.MyStringUtils, DEFAULT)", "Stmt(FOR, 997, org.brunocvcunha.inutils4j.MyStringUtils, DEFAULT)", "Stmt(FOR, 1000, org.brunocvcunha.inutils4j.MyStringUtils, DEFAULT)", "Stmt(FOR, 1004, org.brunocvcunha.inutils4j.MyStringUtils, DEFAULT)" ],
      "coverageGapSize" : 5,
      "coveredPercentage" : 42.31,
      "effectualPercentage" : 23.08,
      "coverageGapPercentage" : 19.23
    },
    "EXPRESSION" : {
      "elementCount" : 508,
      "coveredCount" : 361,
      "effectualCount" : 344,
      "coverageGap" : [ "Stmt(EXPRESSION, 1006, org.brunocvcunha.inutils4j.MyStringUtils, DEFAULT)", "Stmt(EXPRESSION, 1005, org.brunocvcunha.inutils4j.MyStringUtils, DEFAULT)", "Stmt(EXPRESSION, 371, org.brunocvcunha.inutils4j.MyStringUtils, DEFAULT)", "Stmt(EXPRESSION, 1010, org.brunocvcunha.inutils4j.MyStringUtils, DEFAULT)", "Stmt(EXPRESSION, 372, org.brunocvcunha.inutils4j.MyStringUtils, DEFAULT)", "Stmt(EXPRESSION, 1009, org.brunocvcunha.inutils4j.MyStringUtils, DEFAULT)", "Stmt(EXPRESSION, 369, org.brunocvcunha.inutils4j.MyStringUtils, DEFAULT)", "Stmt(EXPRESSION, 370, org.brunocvcunha.inutils4j.MyStringUtils, DEFAULT)", "Stmt(EXPRESSION, 1011, org.brunocvcunha.inutils4j.MyStringUtils, DEFAULT)", "Stmt(EXPRESSION, 373, org.brunocvcunha.inutils4j.MyStringUtils, DEFAULT)", "Stmt(EXPRESSION, 374, org.brunocvcunha.inutils4j.MyStringUtils, DEFAULT)", "Stmt(EXPRESSION, 898, org.brunocvcunha.inutils4j.MyStringUtils, DEFAULT)", "Stmt(EXPRESSION, 995, org.brunocvcunha.inutils4j.MyStringUtils, DEFAULT)", "Stmt(EXPRESSION, 999, org.brunocvcunha.inutils4j.MyStringUtils, DEFAULT)", "Stmt(EXPRESSION, 1002, org.brunocvcunha.inutils4j.MyStringUtils, DEFAULT)", "Stmt(EXPRESSION, 1001, org.brunocvcunha.inutils4j.MyStringUtils, DEFAULT)", "Stmt(EXPRESSION, 1003, org.brunocvcunha.inutils4j.MyStringUtils, DEFAULT)" ],
      "coverageGapSize" : 17,
      "coveredPercentage" : 71.06,
      "effectualPercentage" : 67.72,
      "coverageGapPercentage" : 3.35
    },
    "LAMBDA" : {
      "elementCount" : 0,
      "coveredCount" : 0,
      "effectualCount" : 0,
      "coverageGap" : [ ],
      "coverageGapSize" : 0,
      "coveredPercentage" : 0.0,
      "effectualPercentage" : 0.0,
      "coverageGapPercentage" : 0.0
    },
    "SWITCH_ENTRY_ASSIGNMENT" : {
      "elementCount" : 0,
      "coveredCount" : 0,
      "effectualCount" : 0,
      "coverageGap" : [ ],
      "coverageGapSize" : 0,
      "coveredPercentage" : 0.0,
      "effectualPercentage" : 0.0,
      "coverageGapPercentage" : 0.0
    },
    "IF" : {
      "elementCount" : 87,
      "coveredCount" : 23,
      "effectualCount" : 17,
      "coverageGap" : [ "Stmt(IF, 574, org.brunocvcunha.inutils4j.MyStringUtils, DEFAULT)", "Stmt(IF, 319, org.brunocvcunha.inutils4j.MyStringUtils, DEFAULT)", "Stmt(IF, 317, org.brunocvcunha.inutils4j.MyStringUtils, DEFAULT)", "Stmt(IF, 576, org.brunocvcunha.inutils4j.MyStringUtils, DEFAULT)", "Stmt(IF, 998, org.brunocvcunha.inutils4j.MyStringUtils, DEFAULT)", "Stmt(IF, 617, org.brunocvcunha.inutils4j.MyStringUtils, DEFAULT)" ],
      "coverageGapSize" : 6,
      "coveredPercentage" : 26.44,
      "effectualPercentage" : 19.54,
      "coverageGapPercentage" : 6.9
    },
    "SWITCH" : {
      "elementCount" : 0,
      "coveredCount" : 0,
      "effectualCount" : 0,
      "coverageGap" : [ ],
      "coverageGapSize" : 0,
      "coveredPercentage" : 0.0,
      "effectualPercentage" : 0.0,
      "coverageGapPercentage" : 0.0
    },
    "TRY" : {
      "elementCount" : 32,
      "coveredCount" : 4,
      "effectualCount" : 4,
      "coverageGap" : [ ],
      "coverageGapSize" : 0,
      "coveredPercentage" : 12.5,
      "effectualPercentage" : 12.5,
      "coverageGapPercentage" : 0.0
    }
  },
  "covered" : [ "Stmt(VARIABLE_DECLARATION, 689, org.brunocvcunha.inutils4j.MyStringUtils, DEFAULT)", "Stmt(EXPRESSION, 28, org.brunocvcunha.inutils4j.MyStringUtils, DEFAULT)", "Stmt(RETURN, 1019, org.brunocvcunha.inutils4j.MyStringUtils, DEFAULT)", "Stmt(RETURN, 1019, org.brunocvcunha.inutils4j.MyStringUtils, NON_DEFAULT)", "Stmt(EXPRESSION, 95, org.brunocvcunha.inutils4j.MyStringUtils, DEFAULT)", "Stmt(EXPRESSION, 29, org.brunocvcunha.inutils4j.MyStringUtils, DEFAULT)", "Stmt(EXPRESSION, 227, org.brunocvcunha.inutils4j.MyStringUtils, DEFAULT)", "Stmt(EXPRESSION, 161, org.brunocvcunha.inutils4j.MyStringUtils, DEFAULT)", "Stmt(EXPRESSION, 293, org.brunocvcunha.inutils4j.MyStringUtils, DEFAULT)", "Stmt(RETURN, 688, org.brunocvcunha.inutils4j.MyStringUtils, DEFAULT)", "Stmt(RETURN, 688, org.brunocvcunha.inutils4j.MyStringUtils, NON_DEFAULT)", "Stmt(EXPRESSION, 27, org.brunocvcunha.inutils4j.MyStringUtils, DEFAULT)", "Stmt(EXPRESSION, 1018, org.brunocvcunha.inutils4j.MyStringUtils, DEFAULT)", "Stmt(EXPRESSION, 160, org.brunocvcunha.inutils4j.MyStringUtils, DEFAULT)", "Stmt(EXPRESSION, 94, org.brunocvcunha.inutils4j.MyStringUtils, DEFAULT)", "Stmt(EXPRESSION, 292, org.brunocvcunha.inutils4j.MyStringUtils, DEFAULT)", "Stmt(EXPRESSION, 226, org.brunocvcunha.inutils4j.MyStringUtils, DEFAULT)", "Stmt(VARIABLE_DECLARATION, 621, org.brunocvcunha.inutils4j.MyStringUtils, DEFAULT)", "Stmt(EXPRESSION, 687, org.brunocvcunha.inutils4j.MyStringUtils, DEFAULT)", "Stmt(EXPRESSION, 92, org.brunocvcunha.inutils4j.MyStringUtils, DEFAULT)", "Stmt(IF, 1017, org.brunocvcunha.inutils4j.MyStringUtils, DEFAULT)", "Stmt(EXPRESSION, 26, org.brunocvcunha.inutils4j.MyStringUtils, DEFAULT)", "Stmt(EXPRESSION, 159, org.brunocvcunha.inutils4j.MyStringUtils, DEFAULT)", "Stmt(EXPRESSION, 93, org.brunocvcunha.inutils4j.MyStringUtils, DEFAULT)", "Stmt(EXPRESSION, 291, org.brunocvcunha.inutils4j.MyStringUtils, DEFAULT)", "Stmt(EXPRESSION, 225, org.brunocvcunha.inutils4j.MyStringUtils, DEFAULT)", "Stmt(FOR_EACH, 1016, org.brunocvcunha.inutils4j.MyStringUtils, DEFAULT)", "Stmt(EXPRESSION, 91, org.brunocvcunha.inutils4j.MyStringUtils, DEFAULT)", "Stmt(EXPRESSION, 25, org.brunocvcunha.inutils4j.MyStringUtils, DEFAULT)", "Stmt(EXPRESSION, 224, org.brunocvcunha.inutils4j.MyStringUtils, DEFAULT)", "Stmt(EXPRESSION, 158, org.brunocvcunha.inutils4j.MyStringUtils, DEFAULT)", "Stmt(EXPRESSION, 290, org.brunocvcunha.inutils4j.MyStringUtils, DEFAULT)", "Stmt(RETURN, 620, org.brunocvcunha.inutils4j.MyStringUtils, DEFAULT)", "Stmt(RETURN, 620, org.brunocvcunha.inutils4j.MyStringUtils, NON_DEFAULT)", "Decision(true, IF, 80, org.brunocvcunha.inutils4j.MyStringUtils)", "Stmt(EXPRESSION, 627, org.brunocvcunha.inutils4j.MyStringUtils, DEFAULT)", "Stmt(RETURN, 1024, org.brunocvcunha.inutils4j.MyStringUtils, DEFAULT)", "Stmt(RETURN, 1024, org.brunocvcunha.inutils4j.MyStringUtils, NON_DEFAULT)", "Stmt(EXPRESSION, 99, org.brunocvcunha.inutils4j.MyStringUtils, DEFAULT)", "Stmt(EXPRESSION, 33, org.brunocvcunha.inutils4j.MyStringUtils, DEFAULT)", "Stmt(EXPRESSION, 231, org.brunocvcunha.inutils4j.MyStringUtils, DEFAULT)", "Stmt(EXPRESSION, 165, org.brunocvcunha.inutils4j.MyStringUtils, DEFAULT)", "Stmt(EXPRESSION, 363, org.brunocvcunha.inutils4j.MyStringUtils, DEFAULT)", "Stmt(EXPRESSION, 297, org.brunocvcunha.inutils4j.MyStringUtils, DEFAULT)", "Stmt(TRY, 626, org.brunocvcunha.inutils4j.MyStringUtils, DEFAULT)", "Decision(true, IF, 81, org.brunocvcunha.inutils4j.MyStringUtils)", "Stmt(EXPRESSION, 32, org.brunocvcunha.inutils4j.MyStringUtils, DEFAULT)", "Stmt(EXPRESSION, 1023, org.brunocvcunha.inutils4j.MyStringUtils, DEFAULT)", "Stmt(EXPRESSION, 164, org.brunocvcunha.inutils4j.MyStringUtils, DEFAULT)", "Stmt(EXPRESSION, 98, org.brunocvcunha.inutils4j.MyStringUtils, DEFAULT)", "Stmt(EXPRESSION, 296, org.brunocvcunha.inutils4j.MyStringUtils, DEFAULT)", "Stmt(EXPRESSION, 230, org.brunocvcunha.inutils4j.MyStringUtils, DEFAULT)", "Stmt(EXPRESSION, 362, org.brunocvcunha.inutils4j.MyStringUtils, DEFAULT)", "Decision(true, IF, 82, org.brunocvcunha.inutils4j.MyStringUtils)", "Stmt(EXPRESSION, 31, org.brunocvcunha.inutils4j.MyStringUtils, DEFAULT)", "Stmt(IF, 1022, org.brunocvcunha.inutils4j.MyStringUtils, DEFAULT)", "Stmt(EXPRESSION, 163, org.brunocvcunha.inutils4j.MyStringUtils, DEFAULT)", "Stmt(EXPRESSION, 97, org.brunocvcunha.inutils4j.MyStringUtils, DEFAULT)", "Stmt(EXPRESSION, 295, org.brunocvcunha.inutils4j.MyStringUtils, DEFAULT)", "Stmt(EXPRESSION, 229, org.brunocvcunha.inutils4j.MyStringUtils, DEFAULT)", "Stmt(FOR, 361, org.brunocvcunha.inutils4j.MyStringUtils, DEFAULT)", "Stmt(VARIABLE_DECLARATION, 690, org.brunocvcunha.inutils4j.MyStringUtils, DEFAULT)", "Stmt(RETURN, 1020, org.brunocvcunha.inutils4j.MyStringUtils, DEFAULT)", "Stmt(RETURN, 1020, org.brunocvcunha.inutils4j.MyStringUtils, NON_DEFAULT)", "Stmt(EXPRESSION, 96, org.brunocvcunha.inutils4j.MyStringUtils, DEFAULT)", "Stmt(FOR_EACH, 1021, org.brunocvcunha.inutils4j.MyStringUtils, DEFAULT)", "Stmt(EXPRESSION, 30, org.brunocvcunha.inutils4j.MyStringUtils, DEFAULT)", "Stmt(EXPRESSION, 228, org.brunocvcunha.inutils4j.MyStringUtils, DEFAULT)", "Stmt(EXPRESSION, 162, org.brunocvcunha.inutils4j.MyStringUtils, DEFAULT)", "Stmt(EXPRESSION, 294, org.brunocvcunha.inutils4j.MyStringUtils, DEFAULT)", "Stmt(RETURN, 367, org.brunocvcunha.inutils4j.MyStringUtils, DEFAULT)", "Stmt(RETURN, 367, org.brunocvcunha.inutils4j.MyStringUtils, NON_DEFAULT)", "Stmt(EXPRESSION, 301, org.brunocvcunha.inutils4j.MyStringUtils, DEFAULT)", "Stmt(RETURN, 565, org.brunocvcunha.inutils4j.MyStringUtils, DEFAULT)", "Stmt(RETURN, 565, org.brunocvcunha.inutils4j.MyStringUtils, NON_DEFAULT)", "Stmt(RETURN, 962, org.brunocvcunha.inutils4j.MyStringUtils, DEFAULT)", "Stmt(RETURN, 962, org.brunocvcunha.inutils4j.MyStringUtils, NON_DEFAULT)", "Stmt(EXPRESSION, 103, org.brunocvcunha.inutils4j.MyStringUtils, DEFAULT)", "Stmt(EXPRESSION, 37, org.brunocvcunha.inutils4j.MyStringUtils, DEFAULT)", "Stmt(EXPRESSION, 235, org.brunocvcunha.inutils4j.MyStringUtils, DEFAULT)", "Stmt(EXPRESSION, 169, org.brunocvcunha.inutils4j.MyStringUtils, DEFAULT)", "Stmt(EXPRESSION, 366, org.brunocvcunha.inutils4j.MyStringUtils, DEFAULT)", "Stmt(IF, 564, org.brunocvcunha.inutils4j.MyStringUtils, DEFAULT)", "Stmt(EXPRESSION, 36, org.brunocvcunha.inutils4j.MyStringUtils, DEFAULT)", "Stmt(RETURN, 961, org.brunocvcunha.inutils4j.MyStringUtils, DEFAULT)", "Stmt(RETURN, 961, org.brunocvcunha.inutils4j.MyStringUtils, NON_DEFAULT)", "Stmt(EXPRESSION, 168, org.brunocvcunha.inutils4j.MyStringUtils, DEFAULT)", "Stmt(EXPRESSION, 102, org.brunocvcunha.inutils4j.MyStringUtils, DEFAULT)", "Stmt(EXPRESSION, 300, org.brunocvcunha.inutils4j.MyStringUtils, DEFAULT)", "Stmt(EXPRESSION, 234, org.brunocvcunha.inutils4j.MyStringUtils, DEFAULT)", "Stmt(EXPRESSION, 365, org.brunocvcunha.inutils4j.MyStringUtils, DEFAULT)", "Stmt(FOR, 563, org.brunocvcunha.inutils4j.MyStringUtils, DEFAULT)", "Stmt(RETURN, 629, org.brunocvcunha.inutils4j.MyStringUtils, DEFAULT)", "Stmt(RETURN, 629, org.brunocvcunha.inutils4j.MyStringUtils, NON_DEFAULT)", "Stmt(IF, 960, org.brunocvcunha.inutils4j.MyStringUtils, DEFAULT)", "Stmt(EXPRESSION, 35, org.brunocvcunha.inutils4j.MyStringUtils, DEFAULT)", "Stmt(EXPRESSION, 167, org.brunocvcunha.inutils4j.MyStringUtils, DEFAULT)", "Stmt(EXPRESSION, 101, org.brunocvcunha.inutils4j.MyStringUtils, DEFAULT)", "Stmt(EXPRESSION, 299, org.brunocvcunha.inutils4j.MyStringUtils, DEFAULT)", "Stmt(EXPRESSION, 233, org.brunocvcunha.inutils4j.MyStringUtils, DEFAULT)", "Stmt(RETURN, 628, org.brunocvcunha.inutils4j.MyStringUtils, DEFAULT)", "Stmt(RETURN, 628, org.brunocvcunha.inutils4j.MyStringUtils, NON_DEFAULT)", "Stmt(EXPRESSION, 959, org.brunocvcunha.inutils4j.MyStringUtils, DEFAULT)", "Stmt(EXPRESSION, 100, org.brunocvcunha.inutils4j.MyStringUtils, DEFAULT)", "Stmt(EXPRESSION, 34, org.brunocvcunha.inutils4j.MyStringUtils, DEFAULT)", "Stmt(EXPRESSION, 232, org.brunocvcunha.inutils4j.MyStringUtils, DEFAULT)", "Stmt(EXPRESSION, 166, org.brunocvcunha.inutils4j.MyStringUtils, DEFAULT)", "Stmt(FOR, 364, org.brunocvcunha.inutils4j.MyStringUtils, DEFAULT)", "Stmt(EXPRESSION, 298, org.brunocvcunha.inutils4j.MyStringUtils, DEFAULT)", "Stmt(EXPRESSION, 239, org.brunocvcunha.inutils4j.MyStringUtils, DEFAULT)", "Stmt(EXPRESSION, 173, org.brunocvcunha.inutils4j.MyStringUtils, DEFAULT)", "Stmt(EXPRESSION, 371, org.brunocvcunha.inutils4j.MyStringUtils, DEFAULT)", "Stmt(EXPRESSION, 305, org.brunocvcunha.inutils4j.MyStringUtils, DEFAULT)", "Stmt(EXPRESSION, 768, org.brunocvcunha.inutils4j.MyStringUtils, DEFAULT)", "Stmt(EXPRESSION, 107, org.brunocvcunha.inutils4j.MyStringUtils, DEFAULT)", "Stmt(EXPRESSION, 41, org.brunocvcunha.inutils4j.MyStringUtils, DEFAULT)", "Stmt(EXPRESSION, 304, org.brunocvcunha.inutils4j.MyStringUtils, DEFAULT)", "Stmt(EXPRESSION, 238, org.brunocvcunha.inutils4j.MyStringUtils, DEFAULT)", "Stmt(EXPRESSION, 370, org.brunocvcunha.inutils4j.MyStringUtils, DEFAULT)", "Stmt(IF, 767, org.brunocvcunha.inutils4j.MyStringUtils, DEFAULT)", "Stmt(WHILE, 899, org.brunocvcunha.inutils4j.MyStringUtils, DEFAULT)", "Stmt(EXPRESSION, 40, org.brunocvcunha.inutils4j.MyStringUtils, DEFAULT)", "Stmt(EXPRESSION, 172, org.brunocvcunha.inutils4j.MyStringUtils, DEFAULT)", "Stmt(EXPRESSION, 106, org.brunocvcunha.inutils4j.MyStringUtils, DEFAULT)", "Stmt(EXPRESSION, 303, org.brunocvcunha.inutils4j.MyStringUtils, DEFAULT)", "Stmt(EXPRESSION, 237, org.brunocvcunha.inutils4j.MyStringUtils, DEFAULT)", "Stmt(EXPRESSION, 369, org.brunocvcunha.inutils4j.MyStringUtils, DEFAULT)", "Stmt(VARIABLE_DECLARATION, 567, org.brunocvcunha.inutils4j.MyStringUtils, DEFAULT)", "Stmt(EXPRESSION, 898, org.brunocvcunha.inutils4j.MyStringUtils, DEFAULT)", "Stmt(EXPRESSION, 39, org.brunocvcunha.inutils4j.MyStringUtils, DEFAULT)", "Stmt(EXPRESSION, 171, org.brunocvcunha.inutils4j.MyStringUtils, DEFAULT)", "Stmt(EXPRESSION, 105, org.brunocvcunha.inutils4j.MyStringUtils, DEFAULT)", "Stmt(VARIABLE_DECLARATION, 368, org.brunocvcunha.inutils4j.MyStringUtils, DEFAULT)", "Stmt(EXPRESSION, 302, org.brunocvcunha.inutils4j.MyStringUtils, DEFAULT)", "Stmt(RETURN, 566, org.brunocvcunha.inutils4j.MyStringUtils, DEFAULT)", "Stmt(RETURN, 566, org.brunocvcunha.inutils4j.MyStringUtils, NON_DEFAULT)", "Stmt(WHILE, 897, org.brunocvcunha.inutils4j.MyStringUtils, DEFAULT)", "Stmt(EXPRESSION, 104, org.brunocvcunha.inutils4j.MyStringUtils, DEFAULT)", "Stmt(EXPRESSION, 38, org.brunocvcunha.inutils4j.MyStringUtils, DEFAULT)", "Stmt(EXPRESSION, 236, org.brunocvcunha.inutils4j.MyStringUtils, DEFAULT)", "Stmt(EXPRESSION, 170, org.brunocvcunha.inutils4j.MyStringUtils, DEFAULT)", "Stmt(EXPRESSION, 144, org.brunocvcunha.inutils4j.MyStringUtils, DEFAULT)", "Stmt(EXPRESSION, 78, org.brunocvcunha.inutils4j.MyStringUtils, DEFAULT)", "Stmt(EXPRESSION, 276, org.brunocvcunha.inutils4j.MyStringUtils, DEFAULT)", "Stmt(EXPRESSION, 210, org.brunocvcunha.inutils4j.MyStringUtils, DEFAULT)", "Stmt(EXPRESSION, 12, org.brunocvcunha.inutils4j.MyStringUtils, DEFAULT)", "Stmt(EXPRESSION, 1003, org.brunocvcunha.inutils4j.MyStringUtils, DEFAULT)", "Stmt(EXPRESSION, 143, org.brunocvcunha.inutils4j.MyStringUtils, DEFAULT)", "Stmt(EXPRESSION, 77, org.brunocvcunha.inutils4j.MyStringUtils, DEFAULT)", "Stmt(EXPRESSION, 275, org.brunocvcunha.inutils4j.MyStringUtils, DEFAULT)", "Stmt(EXPRESSION, 209, org.brunocvcunha.inutils4j.MyStringUtils, DEFAULT)", "Decision(true, LOOP, 101, org.brunocvcunha.inutils4j.MyStringUtils)", "Stmt(EXPRESSION, 11, org.brunocvcunha.inutils4j.MyStringUtils, DEFAULT)", "Stmt(EXPRESSION, 1002, org.brunocvcunha.inutils4j.MyStringUtils, DEFAULT)", "Stmt(EXPRESSION, 208, org.brunocvcunha.inutils4j.MyStringUtils, DEFAULT)", "Stmt(EXPRESSION, 142, org.brunocvcunha.inutils4j.MyStringUtils, DEFAULT)", "Stmt(EXPRESSION, 274, org.brunocvcunha.inutils4j.MyStringUtils, DEFAULT)", "Stmt(EXPRESSION, 76, org.brunocvcunha.inutils4j.MyStringUtils, DEFAULT)", "Stmt(EXPRESSION, 1001, org.brunocvcunha.inutils4j.MyStringUtils, DEFAULT)", "Stmt(EXPRESSION, 10, org.brunocvcunha.inutils4j.MyStringUtils, DEFAULT)", "Stmt(EXPRESSION, 207, org.brunocvcunha.inutils4j.MyStringUtils, DEFAULT)", "Stmt(EXPRESSION, 141, org.brunocvcunha.inutils4j.MyStringUtils, DEFAULT)", "Stmt(EXPRESSION, 273, org.brunocvcunha.inutils4j.MyStringUtils, DEFAULT)", "Stmt(FOR, 1000, org.brunocvcunha.inutils4j.MyStringUtils, DEFAULT)", "Stmt(EXPRESSION, 75, org.brunocvcunha.inutils4j.MyStringUtils, DEFAULT)", "Stmt(EXPRESSION, 9, org.brunocvcunha.inutils4j.MyStringUtils, DEFAULT)", "Stmt(EXPRESSION, 16, org.brunocvcunha.inutils4j.MyStringUtils, DEFAULT)", "Stmt(FOR_EACH, 1007, org.brunocvcunha.inutils4j.MyStringUtils, DEFAULT)", "Stmt(EXPRESSION, 148, org.brunocvcunha.inutils4j.MyStringUtils, DEFAULT)", "Stmt(EXPRESSION, 82, org.brunocvcunha.inutils4j.MyStringUtils, DEFAULT)", "Stmt(EXPRESSION, 280, org.brunocvcunha.inutils4j.MyStringUtils, DEFAULT)", "Stmt(EXPRESSION, 214, org.brunocvcunha.inutils4j.MyStringUtils, DEFAULT)", "Stmt(EXPRESSION, 413, org.brunocvcunha.inutils4j.MyStringUtils, DEFAULT)", "Stmt(EXPRESSION, 15, org.brunocvcunha.inutils4j.MyStringUtils, DEFAULT)", "Stmt(EXPRESSION, 1006, org.brunocvcunha.inutils4j.MyStringUtils, DEFAULT)", "Stmt(EXPRESSION, 147, org.brunocvcunha.inutils4j.MyStringUtils, DEFAULT)", "Stmt(EXPRESSION, 81, org.brunocvcunha.inutils4j.MyStringUtils, DEFAULT)", "Stmt(EXPRESSION, 279, org.brunocvcunha.inutils4j.MyStringUtils, DEFAULT)", "Stmt(EXPRESSION, 213, org.brunocvcunha.inutils4j.MyStringUtils, DEFAULT)", "Stmt(EXPRESSION, 80, org.brunocvcunha.inutils4j.MyStringUtils, DEFAULT)", "Stmt(EXPRESSION, 1005, org.brunocvcunha.inutils4j.MyStringUtils, DEFAULT)", "Stmt(EXPRESSION, 14, org.brunocvcunha.inutils4j.MyStringUtils, DEFAULT)", "Stmt(EXPRESSION, 212, org.brunocvcunha.inutils4j.MyStringUtils, DEFAULT)", "Stmt(EXPRESSION, 146, org.brunocvcunha.inutils4j.MyStringUtils, DEFAULT)", "Stmt(EXPRESSION, 278, org.brunocvcunha.inutils4j.MyStringUtils, DEFAULT)", "Stmt(EXPRESSION, 79, org.brunocvcunha.inutils4j.MyStringUtils, DEFAULT)", "Stmt(EXPRESSION, 13, org.brunocvcunha.inutils4j.MyStringUtils, DEFAULT)", "Stmt(EXPRESSION, 211, org.brunocvcunha.inutils4j.MyStringUtils, DEFAULT)", "Stmt(EXPRESSION, 145, org.brunocvcunha.inutils4j.MyStringUtils, DEFAULT)", "Stmt(EXPRESSION, 277, org.brunocvcunha.inutils4j.MyStringUtils, DEFAULT)", "Stmt(FOR, 1004, org.brunocvcunha.inutils4j.MyStringUtils, DEFAULT)", "Stmt(EXPRESSION, 20, org.brunocvcunha.inutils4j.MyStringUtils, DEFAULT)", "Stmt(EXPRESSION, 1011, org.brunocvcunha.inutils4j.MyStringUtils, DEFAULT)", "Stmt(EXPRESSION, 152, org.brunocvcunha.inutils4j.MyStringUtils, DEFAULT)", "Stmt(EXPRESSION, 86, org.brunocvcunha.inutils4j.MyStringUtils, DEFAULT)", "Stmt(EXPRESSION, 284, org.brunocvcunha.inutils4j.MyStringUtils, DEFAULT)", "Stmt(EXPRESSION, 218, org.brunocvcunha.inutils4j.MyStringUtils, DEFAULT)", "Stmt(EXPRESSION, 285, org.brunocvcunha.inutils4j.MyStringUtils, DEFAULT)", "Stmt(RETURN, 417, org.brunocvcunha.inutils4j.MyStringUtils, DEFAULT)", "Stmt(RETURN, 417, org.brunocvcunha.inutils4j.MyStringUtils, NON_DEFAULT)", "Decision(true, IF, 42, org.brunocvcunha.inutils4j.MyStringUtils)", "Decision(true, IF, 108, org.brunocvcunha.inutils4j.MyStringUtils)", "Stmt(TRY, 19, org.brunocvcunha.inutils4j.MyStringUtils, DEFAULT)", "Stmt(EXPRESSION, 1010, org.brunocvcunha.inutils4j.MyStringUtils, DEFAULT)", "Stmt(EXPRESSION, 151, org.brunocvcunha.inutils4j.MyStringUtils, DEFAULT)", "Stmt(EXPRESSION, 85, org.brunocvcunha.inutils4j.MyStringUtils, DEFAULT)", "Stmt(EXPRESSION, 283, org.brunocvcunha.inutils4j.MyStringUtils, DEFAULT)", "Stmt(EXPRESSION, 217, org.brunocvcunha.inutils4j.MyStringUtils, DEFAULT)", "Stmt(EXPRESSION, 416, org.brunocvcunha.inutils4j.MyStringUtils, DEFAULT)", "Stmt(EXPRESSION, 84, org.brunocvcunha.inutils4j.MyStringUtils, DEFAULT)", "Stmt(EXPRESSION, 1009, org.brunocvcunha.inutils4j.MyStringUtils, DEFAULT)", "Stmt(EXPRESSION, 18, org.brunocvcunha.inutils4j.MyStringUtils, DEFAULT)", "Stmt(EXPRESSION, 216, org.brunocvcunha.inutils4j.MyStringUtils, DEFAULT)", "Stmt(EXPRESSION, 150, org.brunocvcunha.inutils4j.MyStringUtils, DEFAULT)", "Stmt(EXPRESSION, 282, org.brunocvcunha.inutils4j.MyStringUtils, DEFAULT)", "Stmt(FOR_EACH, 415, org.brunocvcunha.inutils4j.MyStringUtils, DEFAULT)", "Stmt(FOR, 1008, org.brunocvcunha.inutils4j.MyStringUtils, DEFAULT)", "Stmt(EXPRESSION, 83, org.brunocvcunha.inutils4j.MyStringUtils, DEFAULT)", "Stmt(EXPRESSION, 17, org.brunocvcunha.inutils4j.MyStringUtils, DEFAULT)", "Stmt(EXPRESSION, 215, org.brunocvcunha.inutils4j.MyStringUtils, DEFAULT)", "Stmt(EXPRESSION, 149, org.brunocvcunha.inutils4j.MyStringUtils, DEFAULT)", "Stmt(EXPRESSION, 281, org.brunocvcunha.inutils4j.MyStringUtils, DEFAULT)", "Stmt(EXPRESSION, 414, org.brunocvcunha.inutils4j.MyStringUtils, DEFAULT)", "Stmt(TRY, 685, org.brunocvcunha.inutils4j.MyStringUtils, DEFAULT)", "Stmt(EXPRESSION, 24, org.brunocvcunha.inutils4j.MyStringUtils, DEFAULT)", "Stmt(RETURN, 1015, org.brunocvcunha.inutils4j.MyStringUtils, DEFAULT)", "Stmt(RETURN, 1015, org.brunocvcunha.inutils4j.MyStringUtils, NON_DEFAULT)", "Stmt(EXPRESSION, 156, org.brunocvcunha.inutils4j.MyStringUtils, DEFAULT)", "Stmt(EXPRESSION, 90, org.brunocvcunha.inutils4j.MyStringUtils, DEFAULT)", "Stmt(EXPRESSION, 223, org.brunocvcunha.inutils4j.MyStringUtils, DEFAULT)", "Stmt(EXPRESSION, 157, org.brunocvcunha.inutils4j.MyStringUtils, DEFAULT)", "Stmt(EXPRESSION, 289, org.brunocvcunha.inutils4j.MyStringUtils, DEFAULT)", "Stmt(EXPRESSION, 619, org.brunocvcunha.inutils4j.MyStringUtils, DEFAULT)", "Stmt(EXPRESSION, 23, org.brunocvcunha.inutils4j.MyStringUtils, DEFAULT)", "Stmt(VARIABLE_DECLARATION, 1014, org.brunocvcunha.inutils4j.MyStringUtils, DEFAULT)", "Stmt(EXPRESSION, 155, org.brunocvcunha.inutils4j.MyStringUtils, DEFAULT)", "Stmt(EXPRESSION, 89, org.brunocvcunha.inutils4j.MyStringUtils, DEFAULT)", "Stmt(EXPRESSION, 288, org.brunocvcunha.inutils4j.MyStringUtils, DEFAULT)", "Stmt(EXPRESSION, 222, org.brunocvcunha.inutils4j.MyStringUtils, DEFAULT)", "Decision(true, LOOP, 105, org.brunocvcunha.inutils4j.MyStringUtils)", "Stmt(FOR, 684, org.brunocvcunha.inutils4j.MyStringUtils, DEFAULT)", "Stmt(EXPRESSION, 88, org.brunocvcunha.inutils4j.MyStringUtils, DEFAULT)", "Stmt(VARIABLE_DECLARATION, 1013, org.brunocvcunha.inutils4j.MyStringUtils, DEFAULT)", "Stmt(EXPRESSION, 22, org.brunocvcunha.inutils4j.MyStringUtils, DEFAULT)", "Stmt(EXPRESSION, 220, org.brunocvcunha.inutils4j.MyStringUtils, DEFAULT)", "Stmt(EXPRESSION, 154, org.brunocvcunha.inutils4j.MyStringUtils, DEFAULT)", "Stmt(EXPRESSION, 287, org.brunocvcunha.inutils4j.MyStringUtils, DEFAULT)", "Stmt(EXPRESSION, 221, org.brunocvcunha.inutils4j.MyStringUtils, DEFAULT)", "Decision(true, IF, 106, org.brunocvcunha.inutils4j.MyStringUtils)", "Stmt(IF, 617, org.brunocvcunha.inutils4j.MyStringUtils, DEFAULT)", "Decision(true, LOOP, 40, org.brunocvcunha.inutils4j.MyStringUtils)", "Stmt(RETURN, 1012, org.brunocvcunha.inutils4j.MyStringUtils, DEFAULT)", "Stmt(RETURN, 1012, org.brunocvcunha.inutils4j.MyStringUtils, NON_DEFAULT)", "Stmt(EXPRESSION, 87, org.brunocvcunha.inutils4j.MyStringUtils, DEFAULT)", "Stmt(EXPRESSION, 21, org.brunocvcunha.inutils4j.MyStringUtils, DEFAULT)", "Stmt(EXPRESSION, 219, org.brunocvcunha.inutils4j.MyStringUtils, DEFAULT)", "Stmt(EXPRESSION, 153, org.brunocvcunha.inutils4j.MyStringUtils, DEFAULT)", "Stmt(EXPRESSION, 286, org.brunocvcunha.inutils4j.MyStringUtils, DEFAULT)", "Stmt(VARIABLE_DECLARATION, 418, org.brunocvcunha.inutils4j.MyStringUtils, DEFAULT)", "Decision(true, IF, 107, org.brunocvcunha.inutils4j.MyStringUtils)", "Stmt(RETURN, 616, org.brunocvcunha.inutils4j.MyStringUtils, DEFAULT)", "Stmt(RETURN, 616, org.brunocvcunha.inutils4j.MyStringUtils, NON_DEFAULT)", "Decision(true, IF, 41, org.brunocvcunha.inutils4j.MyStringUtils)", "Stmt(RETURN, 656, org.brunocvcunha.inutils4j.MyStringUtils, DEFAULT)", "Stmt(RETURN, 656, org.brunocvcunha.inutils4j.MyStringUtils, NON_DEFAULT)", "Stmt(VARIABLE_DECLARATION, 788, org.brunocvcunha.inutils4j.MyStringUtils, DEFAULT)", "Stmt(IF, 920, org.brunocvcunha.inutils4j.MyStringUtils, DEFAULT)", "Stmt(EXPRESSION, 128, org.brunocvcunha.inutils4j.MyStringUtils, DEFAULT)", "Stmt(EXPRESSION, 62, org.brunocvcunha.inutils4j.MyStringUtils, DEFAULT)", "Stmt(EXPRESSION, 260, org.brunocvcunha.inutils4j.MyStringUtils, DEFAULT)", "Stmt(EXPRESSION, 194, org.brunocvcunha.inutils4j.MyStringUtils, DEFAULT)", "Stmt(VARIABLE_DECLARATION, 655, org.brunocvcunha.inutils4j.MyStringUtils, DEFAULT)", "Stmt(VARIABLE_DECLARATION, 787, org.brunocvcunha.inutils4j.MyStringUtils, DEFAULT)", "Stmt(RETURN, 919, org.brunocvcunha.inutils4j.MyStringUtils, DEFAULT)", "Stmt(RETURN, 919, org.brunocvcunha.inutils4j.MyStringUtils, NON_DEFAULT)", "Decision(true, IF, 118, org.brunocvcunha.inutils4j.MyStringUtils)", "Stmt(EXPRESSION, 60, org.brunocvcunha.inutils4j.MyStringUtils, DEFAULT)", "Stmt(RETURN, 985, org.brunocvcunha.inutils4j.MyStringUtils, DEFAULT)", "Stmt(RETURN, 985, org.brunocvcunha.inutils4j.MyStringUtils, NON_DEFAULT)", "Stmt(EXPRESSION, 127, org.brunocvcunha.inutils4j.MyStringUtils, DEFAULT)", "Stmt(EXPRESSION, 61, org.brunocvcunha.inutils4j.MyStringUtils, DEFAULT)", "Stmt(EXPRESSION, 259, org.brunocvcunha.inutils4j.MyStringUtils, DEFAULT)", "Stmt(EXPRESSION, 193, org.brunocvcunha.inutils4j.MyStringUtils, DEFAULT)", "Stmt(EXPRESSION, 654, org.brunocvcunha.inutils4j.MyStringUtils, DEFAULT)", "Stmt(VARIABLE_DECLARATION, 786, org.brunocvcunha.inutils4j.MyStringUtils, DEFAULT)", "Stmt(VARIABLE_DECLARATION, 918, org.brunocvcunha.inutils4j.MyStringUtils, DEFAULT)", "Stmt(RETURN, 984, org.brunocvcunha.inutils4j.MyStringUtils, DEFAULT)", "Stmt(RETURN, 984, org.brunocvcunha.inutils4j.MyStringUtils, NON_DEFAULT)", "Decision(true, IF, 119, org.brunocvcunha.inutils4j.MyStringUtils)", "Stmt(EXPRESSION, 59, org.brunocvcunha.inutils4j.MyStringUtils, DEFAULT)", "Stmt(EXPRESSION, 192, org.brunocvcunha.inutils4j.MyStringUtils, DEFAULT)", "Stmt(EXPRESSION, 126, org.brunocvcunha.inutils4j.MyStringUtils, DEFAULT)", "Stmt(EXPRESSION, 258, org.brunocvcunha.inutils4j.MyStringUtils, DEFAULT)", "Stmt(EXPRESSION, 653, org.brunocvcunha.inutils4j.MyStringUtils, DEFAULT)", "Stmt(VARIABLE_DECLARATION, 785, org.brunocvcunha.inutils4j.MyStringUtils, DEFAULT)", "Stmt(RETURN, 917, org.brunocvcunha.inutils4j.MyStringUtils, DEFAULT)", "Stmt(RETURN, 917, org.brunocvcunha.inutils4j.MyStringUtils, NON_DEFAULT)", "Stmt(IF, 983, org.brunocvcunha.inutils4j.MyStringUtils, DEFAULT)", "Stmt(EXPRESSION, 124, org.brunocvcunha.inutils4j.MyStringUtils, DEFAULT)", "Stmt(EXPRESSION, 58, org.brunocvcunha.inutils4j.MyStringUtils, DEFAULT)", "Stmt(EXPRESSION, 191, org.brunocvcunha.inutils4j.MyStringUtils, DEFAULT)", "Stmt(EXPRESSION, 125, org.brunocvcunha.inutils4j.MyStringUtils, DEFAULT)", "Stmt(EXPRESSION, 257, org.brunocvcunha.inutils4j.MyStringUtils, DEFAULT)", "Stmt(RETURN, 924, org.brunocvcunha.inutils4j.MyStringUtils, DEFAULT)", "Stmt(RETURN, 924, org.brunocvcunha.inutils4j.MyStringUtils, NON_DEFAULT)", "Stmt(EXPRESSION, 0, org.brunocvcunha.inutils4j.MyStringUtils, DEFAULT)", "Stmt(VARIABLE_DECLARATION, 925, org.brunocvcunha.inutils4j.MyStringUtils, DEFAULT)", "Stmt(EXPRESSION, 132, org.brunocvcunha.inutils4j.MyStringUtils, DEFAULT)", "Stmt(EXPRESSION, 66, org.brunocvcunha.inutils4j.MyStringUtils, DEFAULT)", "Stmt(EXPRESSION, 264, org.brunocvcunha.inutils4j.MyStringUtils, DEFAULT)", "Stmt(EXPRESSION, 198, org.brunocvcunha.inutils4j.MyStringUtils, DEFAULT)", "Decision(true, IF, 114, org.brunocvcunha.inutils4j.MyStringUtils)", "Stmt(EXPRESSION, 923, org.brunocvcunha.inutils4j.MyStringUtils, DEFAULT)", "Stmt(EXPRESSION, 131, org.brunocvcunha.inutils4j.MyStringUtils, DEFAULT)", "Stmt(EXPRESSION, 65, org.brunocvcunha.inutils4j.MyStringUtils, DEFAULT)", "Stmt(EXPRESSION, 263, org.brunocvcunha.inutils4j.MyStringUtils, DEFAULT)", "Stmt(EXPRESSION, 197, org.brunocvcunha.inutils4j.MyStringUtils, DEFAULT)", "Stmt(RETURN, 658, org.brunocvcunha.inutils4j.MyStringUtils, DEFAULT)", "Stmt(RETURN, 658, org.brunocvcunha.inutils4j.MyStringUtils, NON_DEFAULT)", "Stmt(EXPRESSION, 922, org.brunocvcunha.inutils4j.MyStringUtils, DEFAULT)", "Stmt(EXPRESSION, 64, org.brunocvcunha.inutils4j.MyStringUtils, DEFAULT)", "Stmt(EXPRESSION, 196, org.brunocvcunha.inutils4j.MyStringUtils, DEFAULT)", "Stmt(EXPRESSION, 130, org.brunocvcunha.inutils4j.MyStringUtils, DEFAULT)", "Stmt(EXPRESSION, 262, org.brunocvcunha.inutils4j.MyStringUtils, DEFAULT)", "Stmt(VARIABLE_DECLARATION, 657, org.brunocvcunha.inutils4j.MyStringUtils, DEFAULT)", "Stmt(EXPRESSION, 921, org.brunocvcunha.inutils4j.MyStringUtils, DEFAULT)", "Stmt(EXPRESSION, 63, org.brunocvcunha.inutils4j.MyStringUtils, DEFAULT)", "Stmt(EXPRESSION, 195, org.brunocvcunha.inutils4j.MyStringUtils, DEFAULT)", "Stmt(EXPRESSION, 129, org.brunocvcunha.inutils4j.MyStringUtils, DEFAULT)", "Stmt(EXPRESSION, 261, org.brunocvcunha.inutils4j.MyStringUtils, DEFAULT)", "Decision(true, IF, 59, org.brunocvcunha.inutils4j.MyStringUtils)", "Decision(true, LOOP, 125, org.brunocvcunha.inutils4j.MyStringUtils)", "Stmt(EXPRESSION, 4, org.brunocvcunha.inutils4j.MyStringUtils, DEFAULT)", "Stmt(VARIABLE_DECLARATION, 929, org.brunocvcunha.inutils4j.MyStringUtils, DEFAULT)", "Stmt(EXPRESSION, 995, org.brunocvcunha.inutils4j.MyStringUtils, DEFAULT)", "Stmt(EXPRESSION, 136, org.brunocvcunha.inutils4j.MyStringUtils, DEFAULT)", "Stmt(EXPRESSION, 70, org.brunocvcunha.inutils4j.MyStringUtils, DEFAULT)", "Stmt(EXPRESSION, 268, org.brunocvcunha.inutils4j.MyStringUtils, DEFAULT)", "Stmt(EXPRESSION, 202, org.brunocvcunha.inutils4j.MyStringUtils, DEFAULT)", "Stmt(RETURN, 928, org.brunocvcunha.inutils4j.MyStringUtils, DEFAULT)", "Stmt(RETURN, 928, org.brunocvcunha.inutils4j.MyStringUtils, NON_DEFAULT)", "Stmt(EXPRESSION, 3, org.brunocvcunha.inutils4j.MyStringUtils, DEFAULT)", "Stmt(FOR, 994, org.brunocvcunha.inutils4j.MyStringUtils, DEFAULT)", "Decision(true, LOOP, 126, org.brunocvcunha.inutils4j.MyStringUtils)", "Stmt(EXPRESSION, 135, org.brunocvcunha.inutils4j.MyStringUtils, DEFAULT)", "Stmt(EXPRESSION, 69, org.brunocvcunha.inutils4j.MyStringUtils, DEFAULT)", "Stmt(EXPRESSION, 267, org.brunocvcunha.inutils4j.MyStringUtils, DEFAULT)", "Stmt(EXPRESSION, 201, org.brunocvcunha.inutils4j.MyStringUtils, DEFAULT)", "Stmt(RETURN, 927, org.brunocvcunha.inutils4j.MyStringUtils, DEFAULT)", "Stmt(RETURN, 927, org.brunocvcunha.inutils4j.MyStringUtils, NON_DEFAULT)", "Decision(true, IF, 127, org.brunocvcunha.inutils4j.MyStringUtils)", "Stmt(EXPRESSION, 68, org.brunocvcunha.inutils4j.MyStringUtils, DEFAULT)", "Stmt(EXPRESSION, 2, org.brunocvcunha.inutils4j.MyStringUtils, DEFAULT)", "Stmt(EXPRESSION, 200, org.brunocvcunha.inutils4j.MyStringUtils, DEFAULT)", "Stmt(EXPRESSION, 134, org.brunocvcunha.inutils4j.MyStringUtils, DEFAULT)", "Stmt(EXPRESSION, 266, org.brunocvcunha.inutils4j.MyStringUtils, DEFAULT)", "Stmt(IF, 926, org.brunocvcunha.inutils4j.MyStringUtils, DEFAULT)", "Stmt(EXPRESSION, 67, org.brunocvcunha.inutils4j.MyStringUtils, DEFAULT)", "Stmt(EXPRESSION, 1, org.brunocvcunha.inutils4j.MyStringUtils, DEFAULT)", "Decision(true, IF, 128, org.brunocvcunha.inutils4j.MyStringUtils)", "Stmt(EXPRESSION, 199, org.brunocvcunha.inutils4j.MyStringUtils, DEFAULT)", "Stmt(EXPRESSION, 133, org.brunocvcunha.inutils4j.MyStringUtils, DEFAULT)", "Stmt(EXPRESSION, 265, org.brunocvcunha.inutils4j.MyStringUtils, DEFAULT)", "Stmt(EXPRESSION, 272, org.brunocvcunha.inutils4j.MyStringUtils, DEFAULT)", "Stmt(EXPRESSION, 206, org.brunocvcunha.inutils4j.MyStringUtils, DEFAULT)", "Decision(true, LOOP, 121, org.brunocvcunha.inutils4j.MyStringUtils)", "Stmt(RETURN, 668, org.brunocvcunha.inutils4j.MyStringUtils, DEFAULT)", "Stmt(RETURN, 668, org.brunocvcunha.inutils4j.MyStringUtils, NON_DEFAULT)", "Stmt(RETURN, 669, org.brunocvcunha.inutils4j.MyStringUtils, DEFAULT)", "Stmt(RETURN, 669, org.brunocvcunha.inutils4j.MyStringUtils, NON_DEFAULT)", "Stmt(EXPRESSION, 8, org.brunocvcunha.inutils4j.MyStringUtils, DEFAULT)", "Stmt(EXPRESSION, 999, org.brunocvcunha.inutils4j.MyStringUtils, DEFAULT)", "Stmt(EXPRESSION, 140, org.brunocvcunha.inutils4j.MyStringUtils, DEFAULT)", "Stmt(EXPRESSION, 74, org.brunocvcunha.inutils4j.MyStringUtils, DEFAULT)", "Stmt(EXPRESSION, 271, org.brunocvcunha.inutils4j.MyStringUtils, DEFAULT)", "Stmt(EXPRESSION, 205, org.brunocvcunha.inutils4j.MyStringUtils, DEFAULT)", "Decision(true, LOOP, 122, org.brunocvcunha.inutils4j.MyStringUtils)", "Stmt(EXPRESSION, 7, org.brunocvcunha.inutils4j.MyStringUtils, DEFAULT)", "Stmt(IF, 998, org.brunocvcunha.inutils4j.MyStringUtils, DEFAULT)", "Stmt(EXPRESSION, 139, org.brunocvcunha.inutils4j.MyStringUtils, DEFAULT)", "Stmt(EXPRESSION, 73, org.brunocvcunha.inutils4j.MyStringUtils, DEFAULT)", "Stmt(EXPRESSION, 270, org.brunocvcunha.inutils4j.MyStringUtils, DEFAULT)", "Decision(true, IF, 123, org.brunocvcunha.inutils4j.MyStringUtils)", "Stmt(EXPRESSION, 72, org.brunocvcunha.inutils4j.MyStringUtils, DEFAULT)", "Stmt(FOR, 997, org.brunocvcunha.inutils4j.MyStringUtils, DEFAULT)", "Stmt(EXPRESSION, 6, org.brunocvcunha.inutils4j.MyStringUtils, DEFAULT)", "Stmt(EXPRESSION, 204, org.brunocvcunha.inutils4j.MyStringUtils, DEFAULT)", "Stmt(EXPRESSION, 138, org.brunocvcunha.inutils4j.MyStringUtils, DEFAULT)", "Stmt(EXPRESSION, 269, org.brunocvcunha.inutils4j.MyStringUtils, DEFAULT)", "Decision(true, LOOP, 58, org.brunocvcunha.inutils4j.MyStringUtils)", "Decision(true, LOOP, 124, org.brunocvcunha.inutils4j.MyStringUtils)", "Stmt(VARIABLE_DECLARATION, 930, org.brunocvcunha.inutils4j.MyStringUtils, DEFAULT)", "Stmt(FOR_EACH, 996, org.brunocvcunha.inutils4j.MyStringUtils, DEFAULT)", "Stmt(EXPRESSION, 71, org.brunocvcunha.inutils4j.MyStringUtils, DEFAULT)", "Stmt(EXPRESSION, 5, org.brunocvcunha.inutils4j.MyStringUtils, DEFAULT)", "Stmt(EXPRESSION, 203, org.brunocvcunha.inutils4j.MyStringUtils, DEFAULT)", "Stmt(EXPRESSION, 137, org.brunocvcunha.inutils4j.MyStringUtils, DEFAULT)", "Stmt(EXPRESSION, 111, org.brunocvcunha.inutils4j.MyStringUtils, DEFAULT)", "Stmt(EXPRESSION, 45, org.brunocvcunha.inutils4j.MyStringUtils, DEFAULT)", "Stmt(EXPRESSION, 243, org.brunocvcunha.inutils4j.MyStringUtils, DEFAULT)", "Stmt(EXPRESSION, 177, org.brunocvcunha.inutils4j.MyStringUtils, DEFAULT)", "Stmt(EXPRESSION, 375, org.brunocvcunha.inutils4j.MyStringUtils, DEFAULT)", "Stmt(EXPRESSION, 309, org.brunocvcunha.inutils4j.MyStringUtils, DEFAULT)", "Stmt(IF, 574, org.brunocvcunha.inutils4j.MyStringUtils, DEFAULT)", "Stmt(EXPRESSION, 772, org.brunocvcunha.inutils4j.MyStringUtils, DEFAULT)", "Stmt(EXPRESSION, 176, org.brunocvcunha.inutils4j.MyStringUtils, DEFAULT)", "Stmt(EXPRESSION, 110, org.brunocvcunha.inutils4j.MyStringUtils, DEFAULT)", "Stmt(EXPRESSION, 308, org.brunocvcunha.inutils4j.MyStringUtils, DEFAULT)", "Stmt(EXPRESSION, 242, org.brunocvcunha.inutils4j.MyStringUtils, DEFAULT)", "Stmt(EXPRESSION, 374, org.brunocvcunha.inutils4j.MyStringUtils, DEFAULT)", "Stmt(RETURN, 572, org.brunocvcunha.inutils4j.MyStringUtils, DEFAULT)", "Stmt(RETURN, 572, org.brunocvcunha.inutils4j.MyStringUtils, NON_DEFAULT)", "Stmt(RETURN, 573, org.brunocvcunha.inutils4j.MyStringUtils, DEFAULT)", "Stmt(RETURN, 573, org.brunocvcunha.inutils4j.MyStringUtils, NON_DEFAULT)", "Stmt(EXPRESSION, 771, org.brunocvcunha.inutils4j.MyStringUtils, DEFAULT)", "Stmt(WHILE, 903, org.brunocvcunha.inutils4j.MyStringUtils, DEFAULT)", "Stmt(EXPRESSION, 44, org.brunocvcunha.inutils4j.MyStringUtils, DEFAULT)", "Stmt(EXPRESSION, 175, org.brunocvcunha.inutils4j.MyStringUtils, DEFAULT)", "Stmt(EXPRESSION, 109, org.brunocvcunha.inutils4j.MyStringUtils, DEFAULT)", "Stmt(EXPRESSION, 307, org.brunocvcunha.inutils4j.MyStringUtils, DEFAULT)", "Stmt(EXPRESSION, 241, org.brunocvcunha.inutils4j.MyStringUtils, DEFAULT)", "Stmt(EXPRESSION, 373, org.brunocvcunha.inutils4j.MyStringUtils, DEFAULT)", "Stmt(IF, 571, org.brunocvcunha.inutils4j.MyStringUtils, DEFAULT)", "Stmt(IF, 770, org.brunocvcunha.inutils4j.MyStringUtils, DEFAULT)", "Stmt(EXPRESSION, 43, org.brunocvcunha.inutils4j.MyStringUtils, DEFAULT)", "Stmt(EXPRESSION, 240, org.brunocvcunha.inutils4j.MyStringUtils, DEFAULT)", "Stmt(EXPRESSION, 174, org.brunocvcunha.inutils4j.MyStringUtils, DEFAULT)", "Stmt(EXPRESSION, 372, org.brunocvcunha.inutils4j.MyStringUtils, DEFAULT)", "Stmt(EXPRESSION, 306, org.brunocvcunha.inutils4j.MyStringUtils, DEFAULT)", "Stmt(RETURN, 570, org.brunocvcunha.inutils4j.MyStringUtils, DEFAULT)", "Stmt(RETURN, 570, org.brunocvcunha.inutils4j.MyStringUtils, NON_DEFAULT)", "Stmt(EXPRESSION, 769, org.brunocvcunha.inutils4j.MyStringUtils, DEFAULT)", "Stmt(WHILE, 901, org.brunocvcunha.inutils4j.MyStringUtils, DEFAULT)", "Stmt(EXPRESSION, 108, org.brunocvcunha.inutils4j.MyStringUtils, DEFAULT)", "Stmt(EXPRESSION, 42, org.brunocvcunha.inutils4j.MyStringUtils, DEFAULT)", "Stmt(EXPRESSION, 115, org.brunocvcunha.inutils4j.MyStringUtils, DEFAULT)", "Stmt(EXPRESSION, 49, org.brunocvcunha.inutils4j.MyStringUtils, DEFAULT)", "Stmt(EXPRESSION, 247, org.brunocvcunha.inutils4j.MyStringUtils, DEFAULT)", "Stmt(EXPRESSION, 181, org.brunocvcunha.inutils4j.MyStringUtils, DEFAULT)", "Stmt(RETURN, 578, org.brunocvcunha.inutils4j.MyStringUtils, DEFAULT)", "Stmt(RETURN, 578, org.brunocvcunha.inutils4j.MyStringUtils, NON_DEFAULT)", "Stmt(IF, 776, org.brunocvcunha.inutils4j.MyStringUtils, DEFAULT)", "Stmt(EXPRESSION, 48, org.brunocvcunha.inutils4j.MyStringUtils, DEFAULT)", "Stmt(EXPRESSION, 180, org.brunocvcunha.inutils4j.MyStringUtils, DEFAULT)", "Stmt(EXPRESSION, 114, org.brunocvcunha.inutils4j.MyStringUtils, DEFAULT)", "Stmt(EXPRESSION, 246, org.brunocvcunha.inutils4j.MyStringUtils, DEFAULT)", "Stmt(VARIABLE_DECLARATION, 378, org.brunocvcunha.inutils4j.MyStringUtils, DEFAULT)", "Decision(true, LOOP, 64, org.brunocvcunha.inutils4j.MyStringUtils)", "Stmt(EXPRESSION, 775, org.brunocvcunha.inutils4j.MyStringUtils, DEFAULT)", "Stmt(EXPRESSION, 47, org.brunocvcunha.inutils4j.MyStringUtils, DEFAULT)", "Stmt(EXPRESSION, 179, org.brunocvcunha.inutils4j.MyStringUtils, DEFAULT)", "Stmt(EXPRESSION, 113, org.brunocvcunha.inutils4j.MyStringUtils, DEFAULT)", "Stmt(EXPRESSION, 311, org.brunocvcunha.inutils4j.MyStringUtils, DEFAULT)", "Stmt(EXPRESSION, 245, org.brunocvcunha.inutils4j.MyStringUtils, DEFAULT)", "Stmt(RETURN, 377, org.brunocvcunha.inutils4j.MyStringUtils, DEFAULT)", "Stmt(RETURN, 377, org.brunocvcunha.inutils4j.MyStringUtils, NON_DEFAULT)", "Stmt(IF, 576, org.brunocvcunha.inutils4j.MyStringUtils, DEFAULT)", "Stmt(EXPRESSION, 774, org.brunocvcunha.inutils4j.MyStringUtils, DEFAULT)", "Stmt(RETURN, 906, org.brunocvcunha.inutils4j.MyStringUtils, DEFAULT)", "Stmt(RETURN, 906, org.brunocvcunha.inutils4j.MyStringUtils, NON_DEFAULT)", "Stmt(EXPRESSION, 112, org.brunocvcunha.inutils4j.MyStringUtils, DEFAULT)", "Stmt(EXPRESSION, 46, org.brunocvcunha.inutils4j.MyStringUtils, DEFAULT)", "Stmt(EXPRESSION, 244, org.brunocvcunha.inutils4j.MyStringUtils, DEFAULT)", "Stmt(EXPRESSION, 178, org.brunocvcunha.inutils4j.MyStringUtils, DEFAULT)", "Stmt(EXPRESSION, 376, org.brunocvcunha.inutils4j.MyStringUtils, DEFAULT)", "Stmt(EXPRESSION, 310, org.brunocvcunha.inutils4j.MyStringUtils, DEFAULT)", "Stmt(IF, 773, org.brunocvcunha.inutils4j.MyStringUtils, DEFAULT)", "Stmt(EXPRESSION, 905, org.brunocvcunha.inutils4j.MyStringUtils, DEFAULT)", "Stmt(VARIABLE_DECLARATION, 846, org.brunocvcunha.inutils4j.MyStringUtils, DEFAULT)", "Stmt(FOR_EACH, 978, org.brunocvcunha.inutils4j.MyStringUtils, DEFAULT)", "Stmt(EXPRESSION, 119, org.brunocvcunha.inutils4j.MyStringUtils, DEFAULT)", "Stmt(EXPRESSION, 53, org.brunocvcunha.inutils4j.MyStringUtils, DEFAULT)", "Stmt(EXPRESSION, 251, org.brunocvcunha.inutils4j.MyStringUtils, DEFAULT)", "Stmt(EXPRESSION, 185, org.brunocvcunha.inutils4j.MyStringUtils, DEFAULT)", "Stmt(EXPRESSION, 780, org.brunocvcunha.inutils4j.MyStringUtils, DEFAULT)", "Stmt(RETURN, 845, org.brunocvcunha.inutils4j.MyStringUtils, DEFAULT)", "Stmt(RETURN, 845, org.brunocvcunha.inutils4j.MyStringUtils, NON_DEFAULT)", "Stmt(EXPRESSION, 52, org.brunocvcunha.inutils4j.MyStringUtils, DEFAULT)", "Stmt(VARIABLE_DECLARATION, 977, org.brunocvcunha.inutils4j.MyStringUtils, DEFAULT)", "Stmt(EXPRESSION, 184, org.brunocvcunha.inutils4j.MyStringUtils, DEFAULT)", "Stmt(EXPRESSION, 118, org.brunocvcunha.inutils4j.MyStringUtils, DEFAULT)", "Stmt(EXPRESSION, 250, org.brunocvcunha.inutils4j.MyStringUtils, DEFAULT)", "Stmt(IF, 317, org.brunocvcunha.inutils4j.MyStringUtils, DEFAULT)", "Decision(true, LOOP, 10, org.brunocvcunha.inutils4j.MyStringUtils)", "Stmt(IF, 647, org.brunocvcunha.inutils4j.MyStringUtils, DEFAULT)", "Stmt(IF, 779, org.brunocvcunha.inutils4j.MyStringUtils, DEFAULT)", "Stmt(VARIABLE_DECLARATION, 976, org.brunocvcunha.inutils4j.MyStringUtils, DEFAULT)", "Stmt(EXPRESSION, 51, org.brunocvcunha.inutils4j.MyStringUtils, DEFAULT)", "Decision(true, IF, 78, org.brunocvcunha.inutils4j.MyStringUtils)", "Stmt(EXPRESSION, 183, org.brunocvcunha.inutils4j.MyStringUtils, DEFAULT)", "Stmt(EXPRESSION, 117, org.brunocvcunha.inutils4j.MyStringUtils, DEFAULT)", "Stmt(EXPRESSION, 249, org.brunocvcunha.inutils4j.MyStringUtils, DEFAULT)", "Decision(true, LOOP, 11, org.brunocvcunha.inutils4j.MyStringUtils)", "Stmt(EXPRESSION, 778, org.brunocvcunha.inutils4j.MyStringUtils, DEFAULT)", "Stmt(RETURN, 975, org.brunocvcunha.inutils4j.MyStringUtils, DEFAULT)", "Stmt(RETURN, 975, org.brunocvcunha.inutils4j.MyStringUtils, NON_DEFAULT)", "Decision(true, IF, 79, org.brunocvcunha.inutils4j.MyStringUtils)", "Stmt(EXPRESSION, 116, org.brunocvcunha.inutils4j.MyStringUtils, DEFAULT)", "Stmt(EXPRESSION, 50, org.brunocvcunha.inutils4j.MyStringUtils, DEFAULT)", "Stmt(EXPRESSION, 248, org.brunocvcunha.inutils4j.MyStringUtils, DEFAULT)", "Stmt(EXPRESSION, 182, org.brunocvcunha.inutils4j.MyStringUtils, DEFAULT)", "Stmt(VARIABLE_DECLARATION, 579, org.brunocvcunha.inutils4j.MyStringUtils, DEFAULT)", "Stmt(EXPRESSION, 777, org.brunocvcunha.inutils4j.MyStringUtils, DEFAULT)", "Stmt(TRY, 843, org.brunocvcunha.inutils4j.MyStringUtils, DEFAULT)", "Stmt(VARIABLE_DECLARATION, 784, org.brunocvcunha.inutils4j.MyStringUtils, DEFAULT)", "Stmt(EXPRESSION, 916, org.brunocvcunha.inutils4j.MyStringUtils, DEFAULT)", "Stmt(FOR_EACH, 982, org.brunocvcunha.inutils4j.MyStringUtils, DEFAULT)", "Stmt(EXPRESSION, 123, org.brunocvcunha.inutils4j.MyStringUtils, DEFAULT)", "Stmt(EXPRESSION, 57, org.brunocvcunha.inutils4j.MyStringUtils, DEFAULT)", "Stmt(EXPRESSION, 256, org.brunocvcunha.inutils4j.MyStringUtils, DEFAULT)", "Stmt(EXPRESSION, 190, org.brunocvcunha.inutils4j.MyStringUtils, DEFAULT)", "Stmt(VARIABLE_DECLARATION, 322, org.brunocvcunha.inutils4j.MyStringUtils, DEFAULT)", "Stmt(EXPRESSION, 652, org.brunocvcunha.inutils4j.MyStringUtils, DEFAULT)", "Stmt(VARIABLE_DECLARATION, 783, org.brunocvcunha.inutils4j.MyStringUtils, DEFAULT)", "Stmt(IF, 915, org.brunocvcunha.inutils4j.MyStringUtils, DEFAULT)", "Stmt(EXPRESSION, 56, org.brunocvcunha.inutils4j.MyStringUtils, DEFAULT)", "Stmt(RETURN, 981, org.brunocvcunha.inutils4j.MyStringUtils, DEFAULT)", "Stmt(RETURN, 981, org.brunocvcunha.inutils4j.MyStringUtils, NON_DEFAULT)", "Stmt(EXPRESSION, 188, org.brunocvcunha.inutils4j.MyStringUtils, DEFAULT)", "Stmt(EXPRESSION, 122, org.brunocvcunha.inutils4j.MyStringUtils, DEFAULT)", "Stmt(EXPRESSION, 255, org.brunocvcunha.inutils4j.MyStringUtils, DEFAULT)", "Stmt(EXPRESSION, 189, org.brunocvcunha.inutils4j.MyStringUtils, DEFAULT)", "Stmt(RETURN, 321, org.brunocvcunha.inutils4j.MyStringUtils, DEFAULT)", "Stmt(RETURN, 321, org.brunocvcunha.inutils4j.MyStringUtils, NON_DEFAULT)", "Stmt(IF, 651, org.brunocvcunha.inutils4j.MyStringUtils, DEFAULT)", "Stmt(VARIABLE_DECLARATION, 782, org.brunocvcunha.inutils4j.MyStringUtils, DEFAULT)", "Stmt(FOR, 914, org.brunocvcunha.inutils4j.MyStringUtils, DEFAULT)", "Stmt(RETURN, 980, org.brunocvcunha.inutils4j.MyStringUtils, DEFAULT)", "Stmt(RETURN, 980, org.brunocvcunha.inutils4j.MyStringUtils, NON_DEFAULT)", "Stmt(EXPRESSION, 55, org.brunocvcunha.inutils4j.MyStringUtils, DEFAULT)", "Stmt(EXPRESSION, 187, org.brunocvcunha.inutils4j.MyStringUtils, DEFAULT)", "Stmt(EXPRESSION, 121, org.brunocvcunha.inutils4j.MyStringUtils, DEFAULT)", "Stmt(EXPRESSION, 254, org.brunocvcunha.inutils4j.MyStringUtils, DEFAULT)", "Stmt(FOR, 650, org.brunocvcunha.inutils4j.MyStringUtils, DEFAULT)", "Stmt(RETURN, 781, org.brunocvcunha.inutils4j.MyStringUtils, DEFAULT)", "Stmt(RETURN, 781, org.brunocvcunha.inutils4j.MyStringUtils, NON_DEFAULT)", "Stmt(IF, 979, org.brunocvcunha.inutils4j.MyStringUtils, DEFAULT)", "Stmt(EXPRESSION, 120, org.brunocvcunha.inutils4j.MyStringUtils, DEFAULT)", "Stmt(EXPRESSION, 54, org.brunocvcunha.inutils4j.MyStringUtils, DEFAULT)", "Stmt(EXPRESSION, 252, org.brunocvcunha.inutils4j.MyStringUtils, DEFAULT)", "Stmt(EXPRESSION, 186, org.brunocvcunha.inutils4j.MyStringUtils, DEFAULT)", "Stmt(IF, 319, org.brunocvcunha.inutils4j.MyStringUtils, DEFAULT)", "Stmt(EXPRESSION, 253, org.brunocvcunha.inutils4j.MyStringUtils, DEFAULT)", "Stmt(EXPRESSION, 649, org.brunocvcunha.inutils4j.MyStringUtils, DEFAULT)" ],
  "effectualCovered" : [ "Stmt(VARIABLE_DECLARATION, 689, org.brunocvcunha.inutils4j.MyStringUtils, DEFAULT)", "Stmt(EXPRESSION, 28, org.brunocvcunha.inutils4j.MyStringUtils, DEFAULT)", "Stmt(RETURN, 1019, org.brunocvcunha.inutils4j.MyStringUtils, DEFAULT)", "Stmt(RETURN, 1019, org.brunocvcunha.inutils4j.MyStringUtils, NON_DEFAULT)", "Stmt(EXPRESSION, 95, org.brunocvcunha.inutils4j.MyStringUtils, DEFAULT)", "Stmt(EXPRESSION, 29, org.brunocvcunha.inutils4j.MyStringUtils, DEFAULT)", "Stmt(EXPRESSION, 227, org.brunocvcunha.inutils4j.MyStringUtils, DEFAULT)", "Stmt(EXPRESSION, 161, org.brunocvcunha.inutils4j.MyStringUtils, DEFAULT)", "Stmt(EXPRESSION, 293, org.brunocvcunha.inutils4j.MyStringUtils, DEFAULT)", "Stmt(RETURN, 688, org.brunocvcunha.inutils4j.MyStringUtils, DEFAULT)", "Stmt(RETURN, 688, org.brunocvcunha.inutils4j.MyStringUtils, NON_DEFAULT)", "Stmt(EXPRESSION, 27, org.brunocvcunha.inutils4j.MyStringUtils, DEFAULT)", "Stmt(EXPRESSION, 1018, org.brunocvcunha.inutils4j.MyStringUtils, DEFAULT)", "Stmt(EXPRESSION, 160, org.brunocvcunha.inutils4j.MyStringUtils, DEFAULT)", "Stmt(EXPRESSION, 94, org.brunocvcunha.inutils4j.MyStringUtils, DEFAULT)", "Stmt(EXPRESSION, 292, org.brunocvcunha.inutils4j.MyStringUtils, DEFAULT)", "Stmt(EXPRESSION, 226, org.brunocvcunha.inutils4j.MyStringUtils, DEFAULT)", "Stmt(VARIABLE_DECLARATION, 621, org.brunocvcunha.inutils4j.MyStringUtils, DEFAULT)", "Stmt(EXPRESSION, 687, org.brunocvcunha.inutils4j.MyStringUtils, DEFAULT)", "Stmt(EXPRESSION, 92, org.brunocvcunha.inutils4j.MyStringUtils, DEFAULT)", "Stmt(IF, 1017, org.brunocvcunha.inutils4j.MyStringUtils, DEFAULT)", "Stmt(EXPRESSION, 26, org.brunocvcunha.inutils4j.MyStringUtils, DEFAULT)", "Stmt(EXPRESSION, 159, org.brunocvcunha.inutils4j.MyStringUtils, DEFAULT)", "Stmt(EXPRESSION, 93, org.brunocvcunha.inutils4j.MyStringUtils, DEFAULT)", "Stmt(EXPRESSION, 291, org.brunocvcunha.inutils4j.MyStringUtils, DEFAULT)", "Stmt(EXPRESSION, 225, org.brunocvcunha.inutils4j.MyStringUtils, DEFAULT)", "Stmt(FOR_EACH, 1016, org.brunocvcunha.inutils4j.MyStringUtils, DEFAULT)", "Stmt(EXPRESSION, 91, org.brunocvcunha.inutils4j.MyStringUtils, DEFAULT)", "Stmt(EXPRESSION, 25, org.brunocvcunha.inutils4j.MyStringUtils, DEFAULT)", "Stmt(EXPRESSION, 224, org.brunocvcunha.inutils4j.MyStringUtils, DEFAULT)", "Stmt(EXPRESSION, 158, org.brunocvcunha.inutils4j.MyStringUtils, DEFAULT)", "Stmt(EXPRESSION, 290, org.brunocvcunha.inutils4j.MyStringUtils, DEFAULT)", "Stmt(RETURN, 620, org.brunocvcunha.inutils4j.MyStringUtils, DEFAULT)", "Stmt(RETURN, 620, org.brunocvcunha.inutils4j.MyStringUtils, NON_DEFAULT)", "Decision(true, IF, 80, org.brunocvcunha.inutils4j.MyStringUtils)", "Stmt(EXPRESSION, 627, org.brunocvcunha.inutils4j.MyStringUtils, DEFAULT)", "Stmt(RETURN, 1024, org.brunocvcunha.inutils4j.MyStringUtils, DEFAULT)", "Stmt(RETURN, 1024, org.brunocvcunha.inutils4j.MyStringUtils, NON_DEFAULT)", "Stmt(EXPRESSION, 99, org.brunocvcunha.inutils4j.MyStringUtils, DEFAULT)", "Stmt(EXPRESSION, 33, org.brunocvcunha.inutils4j.MyStringUtils, DEFAULT)", "Stmt(EXPRESSION, 231, org.brunocvcunha.inutils4j.MyStringUtils, DEFAULT)", "Stmt(EXPRESSION, 165, org.brunocvcunha.inutils4j.MyStringUtils, DEFAULT)", "Stmt(EXPRESSION, 363, org.brunocvcunha.inutils4j.MyStringUtils, DEFAULT)", "Stmt(EXPRESSION, 297, org.brunocvcunha.inutils4j.MyStringUtils, DEFAULT)", "Stmt(TRY, 626, org.brunocvcunha.inutils4j.MyStringUtils, DEFAULT)", "Decision(true, IF, 81, org.brunocvcunha.inutils4j.MyStringUtils)", "Stmt(EXPRESSION, 32, org.brunocvcunha.inutils4j.MyStringUtils, DEFAULT)", "Stmt(EXPRESSION, 1023, org.brunocvcunha.inutils4j.MyStringUtils, DEFAULT)", "Stmt(EXPRESSION, 164, org.brunocvcunha.inutils4j.MyStringUtils, DEFAULT)", "Stmt(EXPRESSION, 98, org.brunocvcunha.inutils4j.MyStringUtils, DEFAULT)", "Stmt(EXPRESSION, 296, org.brunocvcunha.inutils4j.MyStringUtils, DEFAULT)", "Stmt(EXPRESSION, 230, org.brunocvcunha.inutils4j.MyStringUtils, DEFAULT)", "Stmt(EXPRESSION, 362, org.brunocvcunha.inutils4j.MyStringUtils, DEFAULT)", "Decision(true, IF, 82, org.brunocvcunha.inutils4j.MyStringUtils)", "Stmt(EXPRESSION, 31, org.brunocvcunha.inutils4j.MyStringUtils, DEFAULT)", "Stmt(IF, 1022, org.brunocvcunha.inutils4j.MyStringUtils, DEFAULT)", "Stmt(EXPRESSION, 163, org.brunocvcunha.inutils4j.MyStringUtils, DEFAULT)", "Stmt(EXPRESSION, 97, org.brunocvcunha.inutils4j.MyStringUtils, DEFAULT)", "Stmt(EXPRESSION, 295, org.brunocvcunha.inutils4j.MyStringUtils, DEFAULT)", "Stmt(EXPRESSION, 229, org.brunocvcunha.inutils4j.MyStringUtils, DEFAULT)", "Stmt(FOR, 361, org.brunocvcunha.inutils4j.MyStringUtils, DEFAULT)", "Stmt(VARIABLE_DECLARATION, 690, org.brunocvcunha.inutils4j.MyStringUtils, DEFAULT)", "Stmt(RETURN, 1020, org.brunocvcunha.inutils4j.MyStringUtils, DEFAULT)", "Stmt(RETURN, 1020, org.brunocvcunha.inutils4j.MyStringUtils, NON_DEFAULT)", "Stmt(EXPRESSION, 96, org.brunocvcunha.inutils4j.MyStringUtils, DEFAULT)", "Stmt(FOR_EACH, 1021, org.brunocvcunha.inutils4j.MyStringUtils, DEFAULT)", "Stmt(EXPRESSION, 30, org.brunocvcunha.inutils4j.MyStringUtils, DEFAULT)", "Stmt(EXPRESSION, 228, org.brunocvcunha.inutils4j.MyStringUtils, DEFAULT)", "Stmt(EXPRESSION, 162, org.brunocvcunha.inutils4j.MyStringUtils, DEFAULT)", "Stmt(EXPRESSION, 294, org.brunocvcunha.inutils4j.MyStringUtils, DEFAULT)", "Stmt(RETURN, 367, org.brunocvcunha.inutils4j.MyStringUtils, DEFAULT)", "Stmt(RETURN, 367, org.brunocvcunha.inutils4j.MyStringUtils, NON_DEFAULT)", "Stmt(EXPRESSION, 301, org.brunocvcunha.inutils4j.MyStringUtils, DEFAULT)", "Stmt(RETURN, 565, org.brunocvcunha.inutils4j.MyStringUtils, DEFAULT)", "Stmt(RETURN, 565, org.brunocvcunha.inutils4j.MyStringUtils, NON_DEFAULT)", "Stmt(RETURN, 962, org.brunocvcunha.inutils4j.MyStringUtils, DEFAULT)", "Stmt(RETURN, 962, org.brunocvcunha.inutils4j.MyStringUtils, NON_DEFAULT)", "Stmt(EXPRESSION, 103, org.brunocvcunha.inutils4j.MyStringUtils, DEFAULT)", "Stmt(EXPRESSION, 37, org.brunocvcunha.inutils4j.MyStringUtils, DEFAULT)", "Stmt(EXPRESSION, 235, org.brunocvcunha.inutils4j.MyStringUtils, DEFAULT)", "Stmt(EXPRESSION, 169, org.brunocvcunha.inutils4j.MyStringUtils, DEFAULT)", "Stmt(EXPRESSION, 366, org.brunocvcunha.inutils4j.MyStringUtils, DEFAULT)", "Stmt(IF, 564, org.brunocvcunha.inutils4j.MyStringUtils, DEFAULT)", "Stmt(EXPRESSION, 36, org.brunocvcunha.inutils4j.MyStringUtils, DEFAULT)", "Stmt(RETURN, 961, org.brunocvcunha.inutils4j.MyStringUtils, DEFAULT)", "Stmt(RETURN, 961, org.brunocvcunha.inutils4j.MyStringUtils, NON_DEFAULT)", "Stmt(EXPRESSION, 168, org.brunocvcunha.inutils4j.MyStringUtils, DEFAULT)", "Stmt(EXPRESSION, 102, org.brunocvcunha.inutils4j.MyStringUtils, DEFAULT)", "Stmt(EXPRESSION, 300, org.brunocvcunha.inutils4j.MyStringUtils, DEFAULT)", "Stmt(EXPRESSION, 234, org.brunocvcunha.inutils4j.MyStringUtils, DEFAULT)", "Stmt(EXPRESSION, 365, org.brunocvcunha.inutils4j.MyStringUtils, DEFAULT)", "Stmt(FOR, 563, org.brunocvcunha.inutils4j.MyStringUtils, DEFAULT)", "Stmt(RETURN, 629, org.brunocvcunha.inutils4j.MyStringUtils, NON_DEFAULT)", "Stmt(IF, 960, org.brunocvcunha.inutils4j.MyStringUtils, DEFAULT)", "Stmt(EXPRESSION, 35, org.brunocvcunha.inutils4j.MyStringUtils, DEFAULT)", "Stmt(EXPRESSION, 167, org.brunocvcunha.inutils4j.MyStringUtils, DEFAULT)", "Stmt(EXPRESSION, 101, org.brunocvcunha.inutils4j.MyStringUtils, DEFAULT)", "Stmt(EXPRESSION, 299, org.brunocvcunha.inutils4j.MyStringUtils, DEFAULT)", "Stmt(EXPRESSION, 233, org.brunocvcunha.inutils4j.MyStringUtils, DEFAULT)", "Stmt(RETURN, 628, org.brunocvcunha.inutils4j.MyStringUtils, DEFAULT)", "Stmt(EXPRESSION, 959, org.brunocvcunha.inutils4j.MyStringUtils, DEFAULT)", "Stmt(EXPRESSION, 100, org.brunocvcunha.inutils4j.MyStringUtils, DEFAULT)", "Stmt(EXPRESSION, 34, org.brunocvcunha.inutils4j.MyStringUtils, DEFAULT)", "Stmt(EXPRESSION, 232, org.brunocvcunha.inutils4j.MyStringUtils, DEFAULT)", "Stmt(EXPRESSION, 166, org.brunocvcunha.inutils4j.MyStringUtils, DEFAULT)", "Stmt(FOR, 364, org.brunocvcunha.inutils4j.MyStringUtils, DEFAULT)", "Stmt(EXPRESSION, 298, org.brunocvcunha.inutils4j.MyStringUtils, DEFAULT)", "Stmt(EXPRESSION, 239, org.brunocvcunha.inutils4j.MyStringUtils, DEFAULT)", "Stmt(EXPRESSION, 173, org.brunocvcunha.inutils4j.MyStringUtils, DEFAULT)", "Stmt(EXPRESSION, 305, org.brunocvcunha.inutils4j.MyStringUtils, DEFAULT)", "Stmt(EXPRESSION, 768, org.brunocvcunha.inutils4j.MyStringUtils, DEFAULT)", "Stmt(EXPRESSION, 107, org.brunocvcunha.inutils4j.MyStringUtils, DEFAULT)", "Stmt(EXPRESSION, 41, org.brunocvcunha.inutils4j.MyStringUtils, DEFAULT)", "Stmt(EXPRESSION, 304, org.brunocvcunha.inutils4j.MyStringUtils, DEFAULT)", "Stmt(EXPRESSION, 238, org.brunocvcunha.inutils4j.MyStringUtils, DEFAULT)", "Stmt(IF, 767, org.brunocvcunha.inutils4j.MyStringUtils, DEFAULT)", "Stmt(EXPRESSION, 40, org.brunocvcunha.inutils4j.MyStringUtils, DEFAULT)", "Stmt(EXPRESSION, 172, org.brunocvcunha.inutils4j.MyStringUtils, DEFAULT)", "Stmt(EXPRESSION, 106, org.brunocvcunha.inutils4j.MyStringUtils, DEFAULT)", "Stmt(EXPRESSION, 303, org.brunocvcunha.inutils4j.MyStringUtils, DEFAULT)", "Stmt(EXPRESSION, 237, org.brunocvcunha.inutils4j.MyStringUtils, DEFAULT)", "Stmt(VARIABLE_DECLARATION, 567, org.brunocvcunha.inutils4j.MyStringUtils, DEFAULT)", "Stmt(EXPRESSION, 39, org.brunocvcunha.inutils4j.MyStringUtils, DEFAULT)", "Stmt(EXPRESSION, 171, org.brunocvcunha.inutils4j.MyStringUtils, DEFAULT)", "Stmt(EXPRESSION, 105, org.brunocvcunha.inutils4j.MyStringUtils, DEFAULT)", "Stmt(VARIABLE_DECLARATION, 368, org.brunocvcunha.inutils4j.MyStringUtils, DEFAULT)", "Stmt(EXPRESSION, 302, org.brunocvcunha.inutils4j.MyStringUtils, DEFAULT)", "Stmt(RETURN, 566, org.brunocvcunha.inutils4j.MyStringUtils, DEFAULT)", "Stmt(RETURN, 566, org.brunocvcunha.inutils4j.MyStringUtils, NON_DEFAULT)", "Stmt(EXPRESSION, 104, org.brunocvcunha.inutils4j.MyStringUtils, DEFAULT)", "Stmt(EXPRESSION, 38, org.brunocvcunha.inutils4j.MyStringUtils, DEFAULT)", "Stmt(EXPRESSION, 236, org.brunocvcunha.inutils4j.MyStringUtils, DEFAULT)", "Stmt(EXPRESSION, 170, org.brunocvcunha.inutils4j.MyStringUtils, DEFAULT)", "Stmt(EXPRESSION, 144, org.brunocvcunha.inutils4j.MyStringUtils, DEFAULT)", "Stmt(EXPRESSION, 78, org.brunocvcunha.inutils4j.MyStringUtils, DEFAULT)", "Stmt(EXPRESSION, 276, org.brunocvcunha.inutils4j.MyStringUtils, DEFAULT)", "Stmt(EXPRESSION, 210, org.brunocvcunha.inutils4j.MyStringUtils, DEFAULT)", "Stmt(EXPRESSION, 12, org.brunocvcunha.inutils4j.MyStringUtils, DEFAULT)", "Stmt(EXPRESSION, 143, org.brunocvcunha.inutils4j.MyStringUtils, DEFAULT)", "Stmt(EXPRESSION, 77, org.brunocvcunha.inutils4j.MyStringUtils, DEFAULT)", "Stmt(EXPRESSION, 275, org.brunocvcunha.inutils4j.MyStringUtils, DEFAULT)", "Stmt(EXPRESSION, 209, org.brunocvcunha.inutils4j.MyStringUtils, DEFAULT)", "Stmt(EXPRESSION, 11, org.brunocvcunha.inutils4j.MyStringUtils, DEFAULT)", "Stmt(EXPRESSION, 208, org.brunocvcunha.inutils4j.MyStringUtils, DEFAULT)", "Stmt(EXPRESSION, 142, org.brunocvcunha.inutils4j.MyStringUtils, DEFAULT)", "Stmt(EXPRESSION, 274, org.brunocvcunha.inutils4j.MyStringUtils, DEFAULT)", "Stmt(EXPRESSION, 76, org.brunocvcunha.inutils4j.MyStringUtils, DEFAULT)", "Stmt(EXPRESSION, 10, org.brunocvcunha.inutils4j.MyStringUtils, DEFAULT)", "Stmt(EXPRESSION, 207, org.brunocvcunha.inutils4j.MyStringUtils, DEFAULT)", "Stmt(EXPRESSION, 141, org.brunocvcunha.inutils4j.MyStringUtils, DEFAULT)", "Stmt(EXPRESSION, 273, org.brunocvcunha.inutils4j.MyStringUtils, DEFAULT)", "Stmt(EXPRESSION, 75, org.brunocvcunha.inutils4j.MyStringUtils, DEFAULT)", "Stmt(EXPRESSION, 9, org.brunocvcunha.inutils4j.MyStringUtils, DEFAULT)", "Stmt(EXPRESSION, 16, org.brunocvcunha.inutils4j.MyStringUtils, DEFAULT)", "Stmt(EXPRESSION, 148, org.brunocvcunha.inutils4j.MyStringUtils, DEFAULT)", "Stmt(EXPRESSION, 82, org.brunocvcunha.inutils4j.MyStringUtils, DEFAULT)", "Stmt(EXPRESSION, 280, org.brunocvcunha.inutils4j.MyStringUtils, DEFAULT)", "Stmt(EXPRESSION, 214, org.brunocvcunha.inutils4j.MyStringUtils, DEFAULT)", "Stmt(EXPRESSION, 413, org.brunocvcunha.inutils4j.MyStringUtils, DEFAULT)", "Stmt(EXPRESSION, 15, org.brunocvcunha.inutils4j.MyStringUtils, DEFAULT)", "Stmt(EXPRESSION, 147, org.brunocvcunha.inutils4j.MyStringUtils, DEFAULT)", "Stmt(EXPRESSION, 81, org.brunocvcunha.inutils4j.MyStringUtils, DEFAULT)", "Stmt(EXPRESSION, 279, org.brunocvcunha.inutils4j.MyStringUtils, DEFAULT)", "Stmt(EXPRESSION, 213, org.brunocvcunha.inutils4j.MyStringUtils, DEFAULT)", "Stmt(EXPRESSION, 80, org.brunocvcunha.inutils4j.MyStringUtils, DEFAULT)", "Stmt(EXPRESSION, 14, org.brunocvcunha.inutils4j.MyStringUtils, DEFAULT)", "Stmt(EXPRESSION, 212, org.brunocvcunha.inutils4j.MyStringUtils, DEFAULT)", "Stmt(EXPRESSION, 146, org.brunocvcunha.inutils4j.MyStringUtils, DEFAULT)", "Stmt(EXPRESSION, 278, org.brunocvcunha.inutils4j.MyStringUtils, DEFAULT)", "Stmt(EXPRESSION, 79, org.brunocvcunha.inutils4j.MyStringUtils, DEFAULT)", "Stmt(EXPRESSION, 13, org.brunocvcunha.inutils4j.MyStringUtils, DEFAULT)", "Stmt(EXPRESSION, 211, org.brunocvcunha.inutils4j.MyStringUtils, DEFAULT)", "Stmt(EXPRESSION, 145, org.brunocvcunha.inutils4j.MyStringUtils, DEFAULT)", "Stmt(EXPRESSION, 277, org.brunocvcunha.inutils4j.MyStringUtils, DEFAULT)", "Stmt(EXPRESSION, 20, org.brunocvcunha.inutils4j.MyStringUtils, DEFAULT)", "Stmt(EXPRESSION, 152, org.brunocvcunha.inutils4j.MyStringUtils, DEFAULT)", "Stmt(EXPRESSION, 86, org.brunocvcunha.inutils4j.MyStringUtils, DEFAULT)", "Stmt(EXPRESSION, 284, org.brunocvcunha.inutils4j.MyStringUtils, DEFAULT)", "Stmt(EXPRESSION, 218, org.brunocvcunha.inutils4j.MyStringUtils, DEFAULT)", "Stmt(EXPRESSION, 285, org.brunocvcunha.inutils4j.MyStringUtils, DEFAULT)", "Stmt(RETURN, 417, org.brunocvcunha.inutils4j.MyStringUtils, DEFAULT)", "Stmt(RETURN, 417, org.brunocvcunha.inutils4j.MyStringUtils, NON_DEFAULT)", "Decision(true, IF, 42, org.brunocvcunha.inutils4j.MyStringUtils)", "Decision(true, IF, 108, org.brunocvcunha.inutils4j.MyStringUtils)", "Stmt(TRY, 19, org.brunocvcunha.inutils4j.MyStringUtils, DEFAULT)", "Stmt(EXPRESSION, 151, org.brunocvcunha.inutils4j.MyStringUtils, DEFAULT)", "Stmt(EXPRESSION, 85, org.brunocvcunha.inutils4j.MyStringUtils, DEFAULT)", "Stmt(EXPRESSION, 283, org.brunocvcunha.inutils4j.MyStringUtils, DEFAULT)", "Stmt(EXPRESSION, 217, org.brunocvcunha.inutils4j.MyStringUtils, DEFAULT)", "Stmt(EXPRESSION, 416, org.brunocvcunha.inutils4j.MyStringUtils, DEFAULT)", "Stmt(EXPRESSION, 84, org.brunocvcunha.inutils4j.MyStringUtils, DEFAULT)", "Stmt(EXPRESSION, 18, org.brunocvcunha.inutils4j.MyStringUtils, DEFAULT)", "Stmt(EXPRESSION, 216, org.brunocvcunha.inutils4j.MyStringUtils, DEFAULT)", "Stmt(EXPRESSION, 150, org.brunocvcunha.inutils4j.MyStringUtils, DEFAULT)", "Stmt(EXPRESSION, 282, org.brunocvcunha.inutils4j.MyStringUtils, DEFAULT)", "Stmt(FOR_EACH, 415, org.brunocvcunha.inutils4j.MyStringUtils, DEFAULT)", "Stmt(EXPRESSION, 83, org.brunocvcunha.inutils4j.MyStringUtils, DEFAULT)", "Stmt(EXPRESSION, 17, org.brunocvcunha.inutils4j.MyStringUtils, DEFAULT)", "Stmt(EXPRESSION, 215, org.brunocvcunha.inutils4j.MyStringUtils, DEFAULT)", "Stmt(EXPRESSION, 149, org.brunocvcunha.inutils4j.MyStringUtils, DEFAULT)", "Stmt(EXPRESSION, 281, org.brunocvcunha.inutils4j.MyStringUtils, DEFAULT)", "Stmt(EXPRESSION, 414, org.brunocvcunha.inutils4j.MyStringUtils, DEFAULT)", "Stmt(TRY, 685, org.brunocvcunha.inutils4j.MyStringUtils, DEFAULT)", "Stmt(EXPRESSION, 24, org.brunocvcunha.inutils4j.MyStringUtils, DEFAULT)", "Stmt(RETURN, 1015, org.brunocvcunha.inutils4j.MyStringUtils, DEFAULT)", "Stmt(RETURN, 1015, org.brunocvcunha.inutils4j.MyStringUtils, NON_DEFAULT)", "Stmt(EXPRESSION, 156, org.brunocvcunha.inutils4j.MyStringUtils, DEFAULT)", "Stmt(EXPRESSION, 90, org.brunocvcunha.inutils4j.MyStringUtils, DEFAULT)", "Stmt(EXPRESSION, 223, org.brunocvcunha.inutils4j.MyStringUtils, DEFAULT)", "Stmt(EXPRESSION, 157, org.brunocvcunha.inutils4j.MyStringUtils, DEFAULT)", "Stmt(EXPRESSION, 289, org.brunocvcunha.inutils4j.MyStringUtils, DEFAULT)", "Stmt(EXPRESSION, 619, org.brunocvcunha.inutils4j.MyStringUtils, DEFAULT)", "Stmt(EXPRESSION, 23, org.brunocvcunha.inutils4j.MyStringUtils, DEFAULT)", "Stmt(VARIABLE_DECLARATION, 1014, org.brunocvcunha.inutils4j.MyStringUtils, DEFAULT)", "Stmt(EXPRESSION, 155, org.brunocvcunha.inutils4j.MyStringUtils, DEFAULT)", "Stmt(EXPRESSION, 89, org.brunocvcunha.inutils4j.MyStringUtils, DEFAULT)", "Stmt(EXPRESSION, 288, org.brunocvcunha.inutils4j.MyStringUtils, DEFAULT)", "Stmt(EXPRESSION, 222, org.brunocvcunha.inutils4j.MyStringUtils, DEFAULT)", "Decision(true, LOOP, 105, org.brunocvcunha.inutils4j.MyStringUtils)", "Stmt(FOR, 684, org.brunocvcunha.inutils4j.MyStringUtils, DEFAULT)", "Stmt(EXPRESSION, 88, org.brunocvcunha.inutils4j.MyStringUtils, DEFAULT)", "Stmt(EXPRESSION, 22, org.brunocvcunha.inutils4j.MyStringUtils, DEFAULT)", "Stmt(EXPRESSION, 220, org.brunocvcunha.inutils4j.MyStringUtils, DEFAULT)", "Stmt(EXPRESSION, 154, org.brunocvcunha.inutils4j.MyStringUtils, DEFAULT)", "Stmt(EXPRESSION, 287, org.brunocvcunha.inutils4j.MyStringUtils, DEFAULT)", "Stmt(EXPRESSION, 221, org.brunocvcunha.inutils4j.MyStringUtils, DEFAULT)", "Decision(true, IF, 106, org.brunocvcunha.inutils4j.MyStringUtils)", "Decision(true, LOOP, 40, org.brunocvcunha.inutils4j.MyStringUtils)", "Stmt(EXPRESSION, 87, org.brunocvcunha.inutils4j.MyStringUtils, DEFAULT)", "Stmt(EXPRESSION, 21, org.brunocvcunha.inutils4j.MyStringUtils, DEFAULT)", "Stmt(EXPRESSION, 219, org.brunocvcunha.inutils4j.MyStringUtils, DEFAULT)", "Stmt(EXPRESSION, 153, org.brunocvcunha.inutils4j.MyStringUtils, DEFAULT)", "Stmt(EXPRESSION, 286, org.brunocvcunha.inutils4j.MyStringUtils, DEFAULT)", "Stmt(VARIABLE_DECLARATION, 418, org.brunocvcunha.inutils4j.MyStringUtils, DEFAULT)", "Decision(true, IF, 107, org.brunocvcunha.inutils4j.MyStringUtils)", "Stmt(RETURN, 616, org.brunocvcunha.inutils4j.MyStringUtils, DEFAULT)", "Stmt(RETURN, 616, org.brunocvcunha.inutils4j.MyStringUtils, NON_DEFAULT)", "Decision(true, IF, 41, org.brunocvcunha.inutils4j.MyStringUtils)", "Stmt(RETURN, 656, org.brunocvcunha.inutils4j.MyStringUtils, DEFAULT)", "Stmt(RETURN, 656, org.brunocvcunha.inutils4j.MyStringUtils, NON_DEFAULT)", "Stmt(VARIABLE_DECLARATION, 788, org.brunocvcunha.inutils4j.MyStringUtils, DEFAULT)", "Stmt(IF, 920, org.brunocvcunha.inutils4j.MyStringUtils, DEFAULT)", "Stmt(EXPRESSION, 128, org.brunocvcunha.inutils4j.MyStringUtils, DEFAULT)", "Stmt(EXPRESSION, 62, org.brunocvcunha.inutils4j.MyStringUtils, DEFAULT)", "Stmt(EXPRESSION, 260, org.brunocvcunha.inutils4j.MyStringUtils, DEFAULT)", "Stmt(EXPRESSION, 194, org.brunocvcunha.inutils4j.MyStringUtils, DEFAULT)", "Stmt(VARIABLE_DECLARATION, 655, org.brunocvcunha.inutils4j.MyStringUtils, DEFAULT)", "Stmt(VARIABLE_DECLARATION, 787, org.brunocvcunha.inutils4j.MyStringUtils, DEFAULT)", "Stmt(RETURN, 919, org.brunocvcunha.inutils4j.MyStringUtils, DEFAULT)", "Stmt(RETURN, 919, org.brunocvcunha.inutils4j.MyStringUtils, NON_DEFAULT)", "Decision(true, IF, 118, org.brunocvcunha.inutils4j.MyStringUtils)", "Stmt(EXPRESSION, 60, org.brunocvcunha.inutils4j.MyStringUtils, DEFAULT)", "Stmt(RETURN, 985, org.brunocvcunha.inutils4j.MyStringUtils, NON_DEFAULT)", "Stmt(EXPRESSION, 127, org.brunocvcunha.inutils4j.MyStringUtils, DEFAULT)", "Stmt(EXPRESSION, 61, org.brunocvcunha.inutils4j.MyStringUtils, DEFAULT)", "Stmt(EXPRESSION, 259, org.brunocvcunha.inutils4j.MyStringUtils, DEFAULT)", "Stmt(EXPRESSION, 193, org.brunocvcunha.inutils4j.MyStringUtils, DEFAULT)", "Stmt(EXPRESSION, 654, org.brunocvcunha.inutils4j.MyStringUtils, DEFAULT)", "Stmt(VARIABLE_DECLARATION, 786, org.brunocvcunha.inutils4j.MyStringUtils, DEFAULT)", "Stmt(VARIABLE_DECLARATION, 918, org.brunocvcunha.inutils4j.MyStringUtils, DEFAULT)", "Stmt(RETURN, 984, org.brunocvcunha.inutils4j.MyStringUtils, DEFAULT)", "Stmt(RETURN, 984, org.brunocvcunha.inutils4j.MyStringUtils, NON_DEFAULT)", "Decision(true, IF, 119, org.brunocvcunha.inutils4j.MyStringUtils)", "Stmt(EXPRESSION, 59, org.brunocvcunha.inutils4j.MyStringUtils, DEFAULT)", "Stmt(EXPRESSION, 192, org.brunocvcunha.inutils4j.MyStringUtils, DEFAULT)", "Stmt(EXPRESSION, 126, org.brunocvcunha.inutils4j.MyStringUtils, DEFAULT)", "Stmt(EXPRESSION, 258, org.brunocvcunha.inutils4j.MyStringUtils, DEFAULT)", "Stmt(EXPRESSION, 653, org.brunocvcunha.inutils4j.MyStringUtils, DEFAULT)", "Stmt(VARIABLE_DECLARATION, 785, org.brunocvcunha.inutils4j.MyStringUtils, DEFAULT)", "Stmt(RETURN, 917, org.brunocvcunha.inutils4j.MyStringUtils, DEFAULT)", "Stmt(RETURN, 917, org.brunocvcunha.inutils4j.MyStringUtils, NON_DEFAULT)", "Stmt(IF, 983, org.brunocvcunha.inutils4j.MyStringUtils, DEFAULT)", "Stmt(EXPRESSION, 124, org.brunocvcunha.inutils4j.MyStringUtils, DEFAULT)", "Stmt(EXPRESSION, 58, org.brunocvcunha.inutils4j.MyStringUtils, DEFAULT)", "Stmt(EXPRESSION, 191, org.brunocvcunha.inutils4j.MyStringUtils, DEFAULT)", "Stmt(EXPRESSION, 125, org.brunocvcunha.inutils4j.MyStringUtils, DEFAULT)", "Stmt(EXPRESSION, 257, org.brunocvcunha.inutils4j.MyStringUtils, DEFAULT)", "Stmt(RETURN, 924, org.brunocvcunha.inutils4j.MyStringUtils, DEFAULT)", "Stmt(RETURN, 924, org.brunocvcunha.inutils4j.MyStringUtils, NON_DEFAULT)", "Stmt(EXPRESSION, 0, org.brunocvcunha.inutils4j.MyStringUtils, DEFAULT)", "Stmt(VARIABLE_DECLARATION, 925, org.brunocvcunha.inutils4j.MyStringUtils, DEFAULT)", "Stmt(EXPRESSION, 132, org.brunocvcunha.inutils4j.MyStringUtils, DEFAULT)", "Stmt(EXPRESSION, 66, org.brunocvcunha.inutils4j.MyStringUtils, DEFAULT)", "Stmt(EXPRESSION, 264, org.brunocvcunha.inutils4j.MyStringUtils, DEFAULT)", "Stmt(EXPRESSION, 198, org.brunocvcunha.inutils4j.MyStringUtils, DEFAULT)", "Decision(true, IF, 114, org.brunocvcunha.inutils4j.MyStringUtils)", "Stmt(EXPRESSION, 923, org.brunocvcunha.inutils4j.MyStringUtils, DEFAULT)", "Stmt(EXPRESSION, 131, org.brunocvcunha.inutils4j.MyStringUtils, DEFAULT)", "Stmt(EXPRESSION, 65, org.brunocvcunha.inutils4j.MyStringUtils, DEFAULT)", "Stmt(EXPRESSION, 263, org.brunocvcunha.inutils4j.MyStringUtils, DEFAULT)", "Stmt(EXPRESSION, 197, org.brunocvcunha.inutils4j.MyStringUtils, DEFAULT)", "Stmt(RETURN, 658, org.brunocvcunha.inutils4j.MyStringUtils, DEFAULT)", "Stmt(RETURN, 658, org.brunocvcunha.inutils4j.MyStringUtils, NON_DEFAULT)", "Stmt(EXPRESSION, 922, org.brunocvcunha.inutils4j.MyStringUtils, DEFAULT)", "Stmt(EXPRESSION, 64, org.brunocvcunha.inutils4j.MyStringUtils, DEFAULT)", "Stmt(EXPRESSION, 196, org.brunocvcunha.inutils4j.MyStringUtils, DEFAULT)", "Stmt(EXPRESSION, 130, org.brunocvcunha.inutils4j.MyStringUtils, DEFAULT)", "Stmt(EXPRESSION, 262, org.brunocvcunha.inutils4j.MyStringUtils, DEFAULT)", "Stmt(VARIABLE_DECLARATION, 657, org.brunocvcunha.inutils4j.MyStringUtils, DEFAULT)", "Stmt(EXPRESSION, 921, org.brunocvcunha.inutils4j.MyStringUtils, DEFAULT)", "Stmt(EXPRESSION, 63, org.brunocvcunha.inutils4j.MyStringUtils, DEFAULT)", "Stmt(EXPRESSION, 195, org.brunocvcunha.inutils4j.MyStringUtils, DEFAULT)", "Stmt(EXPRESSION, 129, org.brunocvcunha.inutils4j.MyStringUtils, DEFAULT)", "Stmt(EXPRESSION, 261, org.brunocvcunha.inutils4j.MyStringUtils, DEFAULT)", "Decision(true, IF, 59, org.brunocvcunha.inutils4j.MyStringUtils)", "Stmt(EXPRESSION, 4, org.brunocvcunha.inutils4j.MyStringUtils, DEFAULT)", "Stmt(VARIABLE_DECLARATION, 929, org.brunocvcunha.inutils4j.MyStringUtils, DEFAULT)", "Stmt(EXPRESSION, 136, org.brunocvcunha.inutils4j.MyStringUtils, DEFAULT)", "Stmt(EXPRESSION, 70, org.brunocvcunha.inutils4j.MyStringUtils, DEFAULT)", "Stmt(EXPRESSION, 268, org.brunocvcunha.inutils4j.MyStringUtils, DEFAULT)", "Stmt(EXPRESSION, 202, org.brunocvcunha.inutils4j.MyStringUtils, DEFAULT)", "Stmt(RETURN, 928, org.brunocvcunha.inutils4j.MyStringUtils, DEFAULT)", "Stmt(RETURN, 928, org.brunocvcunha.inutils4j.MyStringUtils, NON_DEFAULT)", "Stmt(EXPRESSION, 3, org.brunocvcunha.inutils4j.MyStringUtils, DEFAULT)", "Stmt(EXPRESSION, 135, org.brunocvcunha.inutils4j.MyStringUtils, DEFAULT)", "Stmt(EXPRESSION, 69, org.brunocvcunha.inutils4j.MyStringUtils, DEFAULT)", "Stmt(EXPRESSION, 267, org.brunocvcunha.inutils4j.MyStringUtils, DEFAULT)", "Stmt(EXPRESSION, 201, org.brunocvcunha.inutils4j.MyStringUtils, DEFAULT)", "Stmt(RETURN, 927, org.brunocvcunha.inutils4j.MyStringUtils, DEFAULT)", "Stmt(RETURN, 927, org.brunocvcunha.inutils4j.MyStringUtils, NON_DEFAULT)", "Decision(true, IF, 127, org.brunocvcunha.inutils4j.MyStringUtils)", "Stmt(EXPRESSION, 68, org.brunocvcunha.inutils4j.MyStringUtils, DEFAULT)", "Stmt(EXPRESSION, 2, org.brunocvcunha.inutils4j.MyStringUtils, DEFAULT)", "Stmt(EXPRESSION, 200, org.brunocvcunha.inutils4j.MyStringUtils, DEFAULT)", "Stmt(EXPRESSION, 134, org.brunocvcunha.inutils4j.MyStringUtils, DEFAULT)", "Stmt(EXPRESSION, 266, org.brunocvcunha.inutils4j.MyStringUtils, DEFAULT)", "Stmt(IF, 926, org.brunocvcunha.inutils4j.MyStringUtils, DEFAULT)", "Stmt(EXPRESSION, 67, org.brunocvcunha.inutils4j.MyStringUtils, DEFAULT)", "Stmt(EXPRESSION, 1, org.brunocvcunha.inutils4j.MyStringUtils, DEFAULT)", "Decision(true, IF, 128, org.brunocvcunha.inutils4j.MyStringUtils)", "Stmt(EXPRESSION, 199, org.brunocvcunha.inutils4j.MyStringUtils, DEFAULT)", "Stmt(EXPRESSION, 133, org.brunocvcunha.inutils4j.MyStringUtils, DEFAULT)", "Stmt(EXPRESSION, 265, org.brunocvcunha.inutils4j.MyStringUtils, DEFAULT)", "Stmt(EXPRESSION, 272, org.brunocvcunha.inutils4j.MyStringUtils, DEFAULT)", "Stmt(EXPRESSION, 206, org.brunocvcunha.inutils4j.MyStringUtils, DEFAULT)", "Stmt(RETURN, 668, org.brunocvcunha.inutils4j.MyStringUtils, DEFAULT)", "Stmt(RETURN, 668, org.brunocvcunha.inutils4j.MyStringUtils, NON_DEFAULT)", "Stmt(RETURN, 669, org.brunocvcunha.inutils4j.MyStringUtils, DEFAULT)", "Stmt(RETURN, 669, org.brunocvcunha.inutils4j.MyStringUtils, NON_DEFAULT)", "Stmt(EXPRESSION, 8, org.brunocvcunha.inutils4j.MyStringUtils, DEFAULT)", "Stmt(EXPRESSION, 140, org.brunocvcunha.inutils4j.MyStringUtils, DEFAULT)", "Stmt(EXPRESSION, 74, org.brunocvcunha.inutils4j.MyStringUtils, DEFAULT)", "Stmt(EXPRESSION, 271, org.brunocvcunha.inutils4j.MyStringUtils, DEFAULT)", "Stmt(EXPRESSION, 205, org.brunocvcunha.inutils4j.MyStringUtils, DEFAULT)", "Stmt(EXPRESSION, 7, org.brunocvcunha.inutils4j.MyStringUtils, DEFAULT)", "Stmt(EXPRESSION, 139, org.brunocvcunha.inutils4j.MyStringUtils, DEFAULT)", "Stmt(EXPRESSION, 73, org.brunocvcunha.inutils4j.MyStringUtils, DEFAULT)", "Stmt(EXPRESSION, 270, org.brunocvcunha.inutils4j.MyStringUtils, DEFAULT)", "Stmt(EXPRESSION, 72, org.brunocvcunha.inutils4j.MyStringUtils, DEFAULT)", "Stmt(EXPRESSION, 6, org.brunocvcunha.inutils4j.MyStringUtils, DEFAULT)", "Stmt(EXPRESSION, 204, org.brunocvcunha.inutils4j.MyStringUtils, DEFAULT)", "Stmt(EXPRESSION, 138, org.brunocvcunha.inutils4j.MyStringUtils, DEFAULT)", "Stmt(EXPRESSION, 269, org.brunocvcunha.inutils4j.MyStringUtils, DEFAULT)", "Decision(true, LOOP, 58, org.brunocvcunha.inutils4j.MyStringUtils)", "Stmt(VARIABLE_DECLARATION, 930, org.brunocvcunha.inutils4j.MyStringUtils, DEFAULT)", "Stmt(EXPRESSION, 71, org.brunocvcunha.inutils4j.MyStringUtils, DEFAULT)", "Stmt(EXPRESSION, 5, org.brunocvcunha.inutils4j.MyStringUtils, DEFAULT)", "Stmt(EXPRESSION, 203, org.brunocvcunha.inutils4j.MyStringUtils, DEFAULT)", "Stmt(EXPRESSION, 137, org.brunocvcunha.inutils4j.MyStringUtils, DEFAULT)", "Stmt(EXPRESSION, 111, org.brunocvcunha.inutils4j.MyStringUtils, DEFAULT)", "Stmt(EXPRESSION, 45, org.brunocvcunha.inutils4j.MyStringUtils, DEFAULT)", "Stmt(EXPRESSION, 243, org.brunocvcunha.inutils4j.MyStringUtils, DEFAULT)", "Stmt(EXPRESSION, 177, org.brunocvcunha.inutils4j.MyStringUtils, DEFAULT)", "Stmt(EXPRESSION, 375, org.brunocvcunha.inutils4j.MyStringUtils, DEFAULT)", "Stmt(EXPRESSION, 309, org.brunocvcunha.inutils4j.MyStringUtils, DEFAULT)", "Stmt(EXPRESSION, 772, org.brunocvcunha.inutils4j.MyStringUtils, DEFAULT)", "Stmt(EXPRESSION, 176, org.brunocvcunha.inutils4j.MyStringUtils, DEFAULT)", "Stmt(EXPRESSION, 110, org.brunocvcunha.inutils4j.MyStringUtils, DEFAULT)", "Stmt(EXPRESSION, 308, org.brunocvcunha.inutils4j.MyStringUtils, DEFAULT)", "Stmt(EXPRESSION, 242, org.brunocvcunha.inutils4j.MyStringUtils, DEFAULT)", "Stmt(RETURN, 572, org.brunocvcunha.inutils4j.MyStringUtils, DEFAULT)", "Stmt(RETURN, 572, org.brunocvcunha.inutils4j.MyStringUtils, NON_DEFAULT)", "Stmt(RETURN, 573, org.brunocvcunha.inutils4j.MyStringUtils, DEFAULT)", "Stmt(RETURN, 573, org.brunocvcunha.inutils4j.MyStringUtils, NON_DEFAULT)", "Stmt(EXPRESSION, 771, org.brunocvcunha.inutils4j.MyStringUtils, DEFAULT)", "Stmt(EXPRESSION, 44, org.brunocvcunha.inutils4j.MyStringUtils, DEFAULT)", "Stmt(EXPRESSION, 175, org.brunocvcunha.inutils4j.MyStringUtils, DEFAULT)", "Stmt(EXPRESSION, 109, org.brunocvcunha.inutils4j.MyStringUtils, DEFAULT)", "Stmt(EXPRESSION, 307, org.brunocvcunha.inutils4j.MyStringUtils, DEFAULT)", "Stmt(EXPRESSION, 241, org.brunocvcunha.inutils4j.MyStringUtils, DEFAULT)", "Stmt(IF, 571, org.brunocvcunha.inutils4j.MyStringUtils, DEFAULT)", "Stmt(IF, 770, org.brunocvcunha.inutils4j.MyStringUtils, DEFAULT)", "Stmt(EXPRESSION, 43, org.brunocvcunha.inutils4j.MyStringUtils, DEFAULT)", "Stmt(EXPRESSION, 240, org.brunocvcunha.inutils4j.MyStringUtils, DEFAULT)", "Stmt(EXPRESSION, 174, org.brunocvcunha.inutils4j.MyStringUtils, DEFAULT)", "Stmt(EXPRESSION, 306, org.brunocvcunha.inutils4j.MyStringUtils, DEFAULT)", "Stmt(RETURN, 570, org.brunocvcunha.inutils4j.MyStringUtils, DEFAULT)", "Stmt(RETURN, 570, org.brunocvcunha.inutils4j.MyStringUtils, NON_DEFAULT)", "Stmt(EXPRESSION, 769, org.brunocvcunha.inutils4j.MyStringUtils, DEFAULT)", "Stmt(EXPRESSION, 108, org.brunocvcunha.inutils4j.MyStringUtils, DEFAULT)", "Stmt(EXPRESSION, 42, org.brunocvcunha.inutils4j.MyStringUtils, DEFAULT)", "Stmt(EXPRESSION, 115, org.brunocvcunha.inutils4j.MyStringUtils, DEFAULT)", "Stmt(EXPRESSION, 49, org.brunocvcunha.inutils4j.MyStringUtils, DEFAULT)", "Stmt(EXPRESSION, 247, org.brunocvcunha.inutils4j.MyStringUtils, DEFAULT)", "Stmt(EXPRESSION, 181, org.brunocvcunha.inutils4j.MyStringUtils, DEFAULT)", "Stmt(RETURN, 578, org.brunocvcunha.inutils4j.MyStringUtils, DEFAULT)", "Stmt(RETURN, 578, org.brunocvcunha.inutils4j.MyStringUtils, NON_DEFAULT)", "Stmt(IF, 776, org.brunocvcunha.inutils4j.MyStringUtils, DEFAULT)", "Stmt(EXPRESSION, 48, org.brunocvcunha.inutils4j.MyStringUtils, DEFAULT)", "Stmt(EXPRESSION, 180, org.brunocvcunha.inutils4j.MyStringUtils, DEFAULT)", "Stmt(EXPRESSION, 114, org.brunocvcunha.inutils4j.MyStringUtils, DEFAULT)", "Stmt(EXPRESSION, 246, org.brunocvcunha.inutils4j.MyStringUtils, DEFAULT)", "Stmt(VARIABLE_DECLARATION, 378, org.brunocvcunha.inutils4j.MyStringUtils, DEFAULT)", "Decision(true, LOOP, 64, org.brunocvcunha.inutils4j.MyStringUtils)", "Stmt(EXPRESSION, 775, org.brunocvcunha.inutils4j.MyStringUtils, DEFAULT)", "Stmt(EXPRESSION, 47, org.brunocvcunha.inutils4j.MyStringUtils, DEFAULT)", "Stmt(EXPRESSION, 179, org.brunocvcunha.inutils4j.MyStringUtils, DEFAULT)", "Stmt(EXPRESSION, 113, org.brunocvcunha.inutils4j.MyStringUtils, DEFAULT)", "Stmt(EXPRESSION, 311, org.brunocvcunha.inutils4j.MyStringUtils, DEFAULT)", "Stmt(EXPRESSION, 245, org.brunocvcunha.inutils4j.MyStringUtils, DEFAULT)", "Stmt(RETURN, 377, org.brunocvcunha.inutils4j.MyStringUtils, DEFAULT)", "Stmt(RETURN, 377, org.brunocvcunha.inutils4j.MyStringUtils, NON_DEFAULT)", "Stmt(EXPRESSION, 774, org.brunocvcunha.inutils4j.MyStringUtils, DEFAULT)", "Stmt(RETURN, 906, org.brunocvcunha.inutils4j.MyStringUtils, DEFAULT)", "Stmt(RETURN, 906, org.brunocvcunha.inutils4j.MyStringUtils, NON_DEFAULT)", "Stmt(EXPRESSION, 112, org.brunocvcunha.inutils4j.MyStringUtils, DEFAULT)", "Stmt(EXPRESSION, 46, org.brunocvcunha.inutils4j.MyStringUtils, DEFAULT)", "Stmt(EXPRESSION, 244, org.brunocvcunha.inutils4j.MyStringUtils, DEFAULT)", "Stmt(EXPRESSION, 178, org.brunocvcunha.inutils4j.MyStringUtils, DEFAULT)", "Stmt(EXPRESSION, 376, org.brunocvcunha.inutils4j.MyStringUtils, DEFAULT)", "Stmt(EXPRESSION, 310, org.brunocvcunha.inutils4j.MyStringUtils, DEFAULT)", "Stmt(IF, 773, org.brunocvcunha.inutils4j.MyStringUtils, DEFAULT)", "Stmt(EXPRESSION, 905, org.brunocvcunha.inutils4j.MyStringUtils, DEFAULT)", "Stmt(VARIABLE_DECLARATION, 846, org.brunocvcunha.inutils4j.MyStringUtils, DEFAULT)", "Stmt(FOR_EACH, 978, org.brunocvcunha.inutils4j.MyStringUtils, DEFAULT)", "Stmt(EXPRESSION, 119, org.brunocvcunha.inutils4j.MyStringUtils, DEFAULT)", "Stmt(EXPRESSION, 53, org.brunocvcunha.inutils4j.MyStringUtils, DEFAULT)", "Stmt(EXPRESSION, 251, org.brunocvcunha.inutils4j.MyStringUtils, DEFAULT)", "Stmt(EXPRESSION, 185, org.brunocvcunha.inutils4j.MyStringUtils, DEFAULT)", "Stmt(EXPRESSION, 780, org.brunocvcunha.inutils4j.MyStringUtils, DEFAULT)", "Stmt(RETURN, 845, org.brunocvcunha.inutils4j.MyStringUtils, DEFAULT)", "Stmt(RETURN, 845, org.brunocvcunha.inutils4j.MyStringUtils, NON_DEFAULT)", "Stmt(EXPRESSION, 52, org.brunocvcunha.inutils4j.MyStringUtils, DEFAULT)", "Stmt(VARIABLE_DECLARATION, 977, org.brunocvcunha.inutils4j.MyStringUtils, DEFAULT)", "Stmt(EXPRESSION, 184, org.brunocvcunha.inutils4j.MyStringUtils, DEFAULT)", "Stmt(EXPRESSION, 118, org.brunocvcunha.inutils4j.MyStringUtils, DEFAULT)", "Stmt(EXPRESSION, 250, org.brunocvcunha.inutils4j.MyStringUtils, DEFAULT)", "Decision(true, LOOP, 10, org.brunocvcunha.inutils4j.MyStringUtils)", "Stmt(IF, 647, org.brunocvcunha.inutils4j.MyStringUtils, DEFAULT)", "Stmt(IF, 779, org.brunocvcunha.inutils4j.MyStringUtils, DEFAULT)", "Stmt(VARIABLE_DECLARATION, 976, org.brunocvcunha.inutils4j.MyStringUtils, DEFAULT)", "Stmt(EXPRESSION, 51, org.brunocvcunha.inutils4j.MyStringUtils, DEFAULT)", "Decision(true, IF, 78, org.brunocvcunha.inutils4j.MyStringUtils)", "Stmt(EXPRESSION, 183, org.brunocvcunha.inutils4j.MyStringUtils, DEFAULT)", "Stmt(EXPRESSION, 117, org.brunocvcunha.inutils4j.MyStringUtils, DEFAULT)", "Stmt(EXPRESSION, 249, org.brunocvcunha.inutils4j.MyStringUtils, DEFAULT)", "Decision(true, LOOP, 11, org.brunocvcunha.inutils4j.MyStringUtils)", "Stmt(EXPRESSION, 778, org.brunocvcunha.inutils4j.MyStringUtils, DEFAULT)", "Stmt(RETURN, 975, org.brunocvcunha.inutils4j.MyStringUtils, DEFAULT)", "Stmt(RETURN, 975, org.brunocvcunha.inutils4j.MyStringUtils, NON_DEFAULT)", "Decision(true, IF, 79, org.brunocvcunha.inutils4j.MyStringUtils)", "Stmt(EXPRESSION, 116, org.brunocvcunha.inutils4j.MyStringUtils, DEFAULT)", "Stmt(EXPRESSION, 50, org.brunocvcunha.inutils4j.MyStringUtils, DEFAULT)", "Stmt(EXPRESSION, 248, org.brunocvcunha.inutils4j.MyStringUtils, DEFAULT)", "Stmt(EXPRESSION, 182, org.brunocvcunha.inutils4j.MyStringUtils, DEFAULT)", "Stmt(VARIABLE_DECLARATION, 579, org.brunocvcunha.inutils4j.MyStringUtils, DEFAULT)", "Stmt(EXPRESSION, 777, org.brunocvcunha.inutils4j.MyStringUtils, DEFAULT)", "Stmt(TRY, 843, org.brunocvcunha.inutils4j.MyStringUtils, DEFAULT)", "Stmt(VARIABLE_DECLARATION, 784, org.brunocvcunha.inutils4j.MyStringUtils, DEFAULT)", "Stmt(EXPRESSION, 916, org.brunocvcunha.inutils4j.MyStringUtils, DEFAULT)", "Stmt(FOR_EACH, 982, org.brunocvcunha.inutils4j.MyStringUtils, DEFAULT)", "Stmt(EXPRESSION, 123, org.brunocvcunha.inutils4j.MyStringUtils, DEFAULT)", "Stmt(EXPRESSION, 57, org.brunocvcunha.inutils4j.MyStringUtils, DEFAULT)", "Stmt(EXPRESSION, 256, org.brunocvcunha.inutils4j.MyStringUtils, DEFAULT)", "Stmt(EXPRESSION, 190, org.brunocvcunha.inutils4j.MyStringUtils, DEFAULT)", "Stmt(VARIABLE_DECLARATION, 322, org.brunocvcunha.inutils4j.MyStringUtils, DEFAULT)", "Stmt(EXPRESSION, 652, org.brunocvcunha.inutils4j.MyStringUtils, DEFAULT)", "Stmt(VARIABLE_DECLARATION, 783, org.brunocvcunha.inutils4j.MyStringUtils, DEFAULT)", "Stmt(IF, 915, org.brunocvcunha.inutils4j.MyStringUtils, DEFAULT)", "Stmt(EXPRESSION, 56, org.brunocvcunha.inutils4j.MyStringUtils, DEFAULT)", "Stmt(RETURN, 981, org.brunocvcunha.inutils4j.MyStringUtils, NON_DEFAULT)", "Stmt(EXPRESSION, 188, org.brunocvcunha.inutils4j.MyStringUtils, DEFAULT)", "Stmt(EXPRESSION, 122, org.brunocvcunha.inutils4j.MyStringUtils, DEFAULT)", "Stmt(EXPRESSION, 255, org.brunocvcunha.inutils4j.MyStringUtils, DEFAULT)", "Stmt(EXPRESSION, 189, org.brunocvcunha.inutils4j.MyStringUtils, DEFAULT)", "Stmt(RETURN, 321, org.brunocvcunha.inutils4j.MyStringUtils, DEFAULT)", "Stmt(RETURN, 321, org.brunocvcunha.inutils4j.MyStringUtils, NON_DEFAULT)", "Stmt(IF, 651, org.brunocvcunha.inutils4j.MyStringUtils, DEFAULT)", "Stmt(VARIABLE_DECLARATION, 782, org.brunocvcunha.inutils4j.MyStringUtils, DEFAULT)", "Stmt(FOR, 914, org.brunocvcunha.inutils4j.MyStringUtils, DEFAULT)", "Stmt(RETURN, 980, org.brunocvcunha.inutils4j.MyStringUtils, DEFAULT)", "Stmt(RETURN, 980, org.brunocvcunha.inutils4j.MyStringUtils, NON_DEFAULT)", "Stmt(EXPRESSION, 55, org.brunocvcunha.inutils4j.MyStringUtils, DEFAULT)", "Stmt(EXPRESSION, 187, org.brunocvcunha.inutils4j.MyStringUtils, DEFAULT)", "Stmt(EXPRESSION, 121, org.brunocvcunha.inutils4j.MyStringUtils, DEFAULT)", "Stmt(EXPRESSION, 254, org.brunocvcunha.inutils4j.MyStringUtils, DEFAULT)", "Stmt(FOR, 650, org.brunocvcunha.inutils4j.MyStringUtils, DEFAULT)", "Stmt(RETURN, 781, org.brunocvcunha.inutils4j.MyStringUtils, DEFAULT)", "Stmt(RETURN, 781, org.brunocvcunha.inutils4j.MyStringUtils, NON_DEFAULT)", "Stmt(IF, 979, org.brunocvcunha.inutils4j.MyStringUtils, DEFAULT)", "Stmt(EXPRESSION, 120, org.brunocvcunha.inutils4j.MyStringUtils, DEFAULT)", "Stmt(EXPRESSION, 54, org.brunocvcunha.inutils4j.MyStringUtils, DEFAULT)", "Stmt(EXPRESSION, 252, org.brunocvcunha.inutils4j.MyStringUtils, DEFAULT)", "Stmt(EXPRESSION, 186, org.brunocvcunha.inutils4j.MyStringUtils, DEFAULT)", "Stmt(EXPRESSION, 253, org.brunocvcunha.inutils4j.MyStringUtils, DEFAULT)", "Stmt(EXPRESSION, 649, org.brunocvcunha.inutils4j.MyStringUtils, DEFAULT)" ],
  "totalElementCount" : 1324,
  "totalCoveredCount" : 544,
  "totalEffectualCount" : 496,
  "totalCoverageGap" : 48
}