{
  "fileName" : "src/main/java/org/xmlcml/euclid/Transform2.java",
  "packageName" : "org.xmlcml.euclid",
  "className" : "Transform2$Type",
  "coverageElementPositions" : {
    "Stmt(EXPRESSION, 0, org.xmlcml.euclid.Transform2$Type, DEFAULT)" : {
      "startLine" : 73,
      "endLine" : 73,
      "startCol" : 13,
      "endCol" : 23
    },
    "Stmt(EXPRESSION, 1, org.xmlcml.euclid.Transform2$Type, DEFAULT)" : {
      "startLine" : 74,
      "endLine" : 74,
      "startCol" : 13,
      "endCol" : 23
    }
  }
}