{
  "testClassName" : "com.facebook.ads.sdk.serverside.BatchProcessorTest",
  "testMethodName" : "ProcessEventRequestsIteratorTest",
  "testOutcomes" : [ "PASSED(2)", "PASSED(1)", "PASSED(1)" ],
  "coverageElementTestOutcomes" : {
    "Decision(true, LOOP, 0, com.facebook.ads.sdk.serverside.BatchProcessor$EventRequestIterator)" : [ "TIMED_OUT(200)" ],
    "Decision(false, LOOP, 0, com.facebook.ads.sdk.serverside.BatchProcessor$EventRequestIterator)" : [ "THREW_EXCEPTION(1, java.lang.IndexOutOfBoundsException: Index 3 out of bounds for length 3 <java.base/jdk.internal.util.Preconditions.outOfBounds(Preconditions.java:64)>)" ],
    "Stmt(EXPRESSION, 0, com.facebook.ads.sdk.serverside.BatchProcessor, DEFAULT)" : [ "TIMED_OUT(200)" ],
    "Stmt(EXPRESSION, 0, com.facebook.ads.sdk.serverside.BatchProcessor, NON_DEFAULT)" : [ "TIMED_OUT(200)" ],
    "Stmt(EXPRESSION, 1, com.facebook.ads.sdk.serverside.BatchProcessor, DEFAULT)" : [ "TIMED_OUT(200)" ],
    "Stmt(EXPRESSION, 1, com.facebook.ads.sdk.serverside.BatchProcessor, NON_DEFAULT)" : [ "TIMED_OUT(200)" ],
    "Stmt(RETURN, 11, com.facebook.ads.sdk.serverside.BatchProcessor, DEFAULT)" : [ "THREW_EXCEPTION(0, java.lang.NullPointerException: Cannot invoke \"java.util.Iterator.hasNext()\" because \"it\" is null <com.facebook.ads.sdk.serverside.BatchProcessorTest.ProcessEventRequestsIteratorTest(BatchProcessorTest.java:38)>)" ],
    "Stmt(RETURN, 11, com.facebook.ads.sdk.serverside.BatchProcessor, NON_DEFAULT)" : [ "THREW_EXCEPTION(0, java.lang.NullPointerException: Cannot invoke \"java.util.Iterator.hasNext()\" because \"it\" is null <com.facebook.ads.sdk.serverside.BatchProcessorTest.ProcessEventRequestsIteratorTest(BatchProcessorTest.java:38)>)" ],
    "Stmt(EXPRESSION, 0, com.facebook.ads.sdk.serverside.BatchProcessor$EventRequestIterator, DEFAULT)" : [ "THREW_EXCEPTION(0, java.lang.NullPointerException: Cannot invoke \"java.util.List.size()\" because \"this.eventRequests\" is null <com.facebook.ads.sdk.serverside.BatchProcessor$EventRequestIterator.hasNext(BatchProcessor.java:178)>)" ],
    "Stmt(EXPRESSION, 0, com.facebook.ads.sdk.serverside.BatchProcessor$EventRequestIterator, NON_DEFAULT)" : [ "THREW_EXCEPTION(0, java.lang.NullPointerException: Cannot invoke \"java.util.List.size()\" because \"this.eventRequests\" is null <com.facebook.ads.sdk.serverside.BatchProcessor$EventRequestIterator.hasNext(BatchProcessor.java:178)>)" ],
    "Stmt(EXPRESSION, 1, com.facebook.ads.sdk.serverside.BatchProcessor$EventRequestIterator, DEFAULT)" : [ "TIMED_OUT(200)" ],
    "Stmt(EXPRESSION, 1, com.facebook.ads.sdk.serverside.BatchProcessor$EventRequestIterator, NON_DEFAULT)" : [ "TIMED_OUT(200)" ],
    "Stmt(EXPRESSION, 2, com.facebook.ads.sdk.serverside.BatchProcessor$EventRequestIterator, DEFAULT)" : [ "TIMED_OUT(200)" ],
    "Stmt(EXPRESSION, 2, com.facebook.ads.sdk.serverside.BatchProcessor$EventRequestIterator, NON_DEFAULT)" : [ "TIMED_OUT(200)" ],
    "Stmt(RETURN, 3, com.facebook.ads.sdk.serverside.BatchProcessor$EventRequestIterator, DEFAULT)" : [ "FAILED(0)" ],
    "Stmt(RETURN, 3, com.facebook.ads.sdk.serverside.BatchProcessor$EventRequestIterator, NON_DEFAULT)" : [ "TIMED_OUT(200)" ],
    "Stmt(WHILE, 4, com.facebook.ads.sdk.serverside.BatchProcessor$EventRequestIterator, DEFAULT)" : [ "TIMED_OUT(200)" ],
    "Stmt(WHILE, 4, com.facebook.ads.sdk.serverside.BatchProcessor$EventRequestIterator, NON_DEFAULT)" : [ "TIMED_OUT(200)" ],
    "Stmt(TRY, 5, com.facebook.ads.sdk.serverside.BatchProcessor$EventRequestIterator, DEFAULT)" : [ "TIMED_OUT(200)" ],
    "Stmt(TRY, 5, com.facebook.ads.sdk.serverside.BatchProcessor$EventRequestIterator, NON_DEFAULT)" : [ "TIMED_OUT(200)" ],
    "Stmt(EXPRESSION, 7, com.facebook.ads.sdk.serverside.BatchProcessor$EventRequestIterator, DEFAULT)" : [ "TIMED_OUT(200)" ],
    "Stmt(EXPRESSION, 7, com.facebook.ads.sdk.serverside.BatchProcessor$EventRequestIterator, NON_DEFAULT)" : [ "TIMED_OUT(200)" ],
    "Stmt(EXPRESSION, 8, com.facebook.ads.sdk.serverside.BatchProcessor$EventRequestIterator, DEFAULT)" : [ "TIMED_OUT(200)" ],
    "Stmt(EXPRESSION, 8, com.facebook.ads.sdk.serverside.BatchProcessor$EventRequestIterator, NON_DEFAULT)" : [ "TIMED_OUT(200)" ],
    "Stmt(EXPRESSION, 9, com.facebook.ads.sdk.serverside.BatchProcessor$EventRequestIterator, DEFAULT)" : [ "TIMED_OUT(200)" ],
    "Stmt(EXPRESSION, 9, com.facebook.ads.sdk.serverside.BatchProcessor$EventRequestIterator, NON_DEFAULT)" : [ "TIMED_OUT(200)" ],
    "Stmt(RETURN, 10, com.facebook.ads.sdk.serverside.BatchProcessor$EventRequestIterator, DEFAULT)" : [ "TIMED_OUT(200)" ],
    "Stmt(RETURN, 10, com.facebook.ads.sdk.serverside.BatchProcessor$EventRequestIterator, NON_DEFAULT)" : [ "TIMED_OUT(200)" ],
    "Stmt(VARIABLE_DECLARATION, 11, com.facebook.ads.sdk.serverside.BatchProcessor$EventRequestIterator, DEFAULT)" : [ "TIMED_OUT(200)" ],
    "Stmt(VARIABLE_DECLARATION, 11, com.facebook.ads.sdk.serverside.BatchProcessor$EventRequestIterator, NON_DEFAULT)" : [ "TIMED_OUT(200)" ],
    "Stmt(VARIABLE_DECLARATION, 12, com.facebook.ads.sdk.serverside.BatchProcessor$EventRequestIterator, DEFAULT)" : [ "TIMED_OUT(200)" ],
    "Stmt(VARIABLE_DECLARATION, 12, com.facebook.ads.sdk.serverside.BatchProcessor$EventRequestIterator, NON_DEFAULT)" : [ "TIMED_OUT(200)" ]
  },
  "timeTaken" : 5300
}