{
  "fileName" : "src/main/java/org/xmlcml/euclid/Int2Range.java",
  "packageName" : "org.xmlcml.euclid",
  "className" : "Int2Range",
  "typeMetricsHashMap" : {
    "INNER_CLASS_RETURN" : {
      "elementCount" : 0,
      "coveredCount" : 0,
      "effectualCount" : 0,
      "coverageGap" : [ ],
      "coverageGapSize" : 0,
      "coveredPercentage" : 0.0,
      "effectualPercentage" : 0.0,
      "coverageGapPercentage" : 0.0
    },
    "SWITCH" : {
      "elementCount" : 0,
      "coveredCount" : 0,
      "effectualCount" : 0,
      "coverageGap" : [ ],
      "coverageGapSize" : 0,
      "coveredPercentage" : 0.0,
      "effectualPercentage" : 0.0,
      "coverageGapPercentage" : 0.0
    },
    "WHILE" : {
      "elementCount" : 0,
      "coveredCount" : 0,
      "effectualCount" : 0,
      "coverageGap" : [ ],
      "coverageGapSize" : 0,
      "coveredPercentage" : 0.0,
      "effectualPercentage" : 0.0,
      "coverageGapPercentage" : 0.0
    },
    "THROW" : {
      "elementCount" : 0,
      "coveredCount" : 0,
      "effectualCount" : 0,
      "coverageGap" : [ ],
      "coverageGapSize" : 0,
      "coveredPercentage" : 0.0,
      "effectualPercentage" : 0.0,
      "coverageGapPercentage" : 0.0
    },
    "RETURN" : {
      "elementCount" : 42,
      "coveredCount" : 20,
      "effectualCount" : 20,
      "coverageGap" : [ ],
      "coverageGapSize" : 0,
      "coveredPercentage" : 47.62,
      "effectualPercentage" : 47.62,
      "coverageGapPercentage" : 0.0
    },
    "LAMBDA_RETURN" : {
      "elementCount" : 0,
      "coveredCount" : 0,
      "effectualCount" : 0,
      "coverageGap" : [ ],
      "coverageGapSize" : 0,
      "coveredPercentage" : 0.0,
      "effectualPercentage" : 0.0,
      "coverageGapPercentage" : 0.0
    },
    "VARIABLE_DECLARATION" : {
      "elementCount" : 8,
      "coveredCount" : 4,
      "effectualCount" : 4,
      "coverageGap" : [ ],
      "coverageGapSize" : 0,
      "coveredPercentage" : 50.0,
      "effectualPercentage" : 50.0,
      "coverageGapPercentage" : 0.0
    },
    "FOR" : {
      "elementCount" : 0,
      "coveredCount" : 0,
      "effectualCount" : 0,
      "coverageGap" : [ ],
      "coverageGapSize" : 0,
      "coveredPercentage" : 0.0,
      "effectualPercentage" : 0.0,
      "coverageGapPercentage" : 0.0
    },
    "SWITCH_ENTRY_ASSIGNMENT" : {
      "elementCount" : 0,
      "coveredCount" : 0,
      "effectualCount" : 0,
      "coverageGap" : [ ],
      "coverageGapSize" : 0,
      "coveredPercentage" : 0.0,
      "effectualPercentage" : 0.0,
      "coverageGapPercentage" : 0.0
    },
    "INNER_CLASS" : {
      "elementCount" : 0,
      "coveredCount" : 0,
      "effectualCount" : 0,
      "coverageGap" : [ ],
      "coverageGapSize" : 0,
      "coveredPercentage" : 0.0,
      "effectualPercentage" : 0.0,
      "coverageGapPercentage" : 0.0
    },
    "BREAK" : {
      "elementCount" : 0,
      "coveredCount" : 0,
      "effectualCount" : 0,
      "coverageGap" : [ ],
      "coverageGapSize" : 0,
      "coveredPercentage" : 0.0,
      "effectualPercentage" : 0.0,
      "coverageGapPercentage" : 0.0
    },
    "TRY" : {
      "elementCount" : 0,
      "coveredCount" : 0,
      "effectualCount" : 0,
      "coverageGap" : [ ],
      "coverageGapSize" : 0,
      "coveredPercentage" : 0.0,
      "effectualPercentage" : 0.0,
      "coverageGapPercentage" : 0.0
    },
    "IF" : {
      "elementCount" : 12,
      "coveredCount" : 8,
      "effectualCount" : 8,
      "coverageGap" : [ ],
      "coverageGapSize" : 0,
      "coveredPercentage" : 66.67,
      "effectualPercentage" : 66.67,
      "coverageGapPercentage" : 0.0
    },
    "EXPRESSION" : {
      "elementCount" : 13,
      "coveredCount" : 8,
      "effectualCount" : 8,
      "coverageGap" : [ ],
      "coverageGapSize" : 0,
      "coveredPercentage" : 61.54,
      "effectualPercentage" : 61.54,
      "coverageGapPercentage" : 0.0
    },
    "DECISION" : {
      "elementCount" : 12,
      "coveredCount" : 3,
      "effectualCount" : 3,
      "coverageGap" : [ ],
      "coverageGapSize" : 0,
      "coveredPercentage" : 25.0,
      "effectualPercentage" : 25.0,
      "coverageGapPercentage" : 0.0
    },
    "LAMBDA" : {
      "elementCount" : 0,
      "coveredCount" : 0,
      "effectualCount" : 0,
      "coverageGap" : [ ],
      "coverageGapSize" : 0,
      "coveredPercentage" : 0.0,
      "effectualPercentage" : 0.0,
      "coverageGapPercentage" : 0.0
    },
    "FOR_EACH" : {
      "elementCount" : 0,
      "coveredCount" : 0,
      "effectualCount" : 0,
      "coverageGap" : [ ],
      "coverageGapSize" : 0,
      "coveredPercentage" : 0.0,
      "effectualPercentage" : 0.0,
      "coverageGapPercentage" : 0.0
    },
    "CONTINUE" : {
      "elementCount" : 0,
      "coveredCount" : 0,
      "effectualCount" : 0,
      "coverageGap" : [ ],
      "coverageGapSize" : 0,
      "coveredPercentage" : 0.0,
      "effectualPercentage" : 0.0,
      "coverageGapPercentage" : 0.0
    },
    "DO" : {
      "elementCount" : 0,
      "coveredCount" : 0,
      "effectualCount" : 0,
      "coverageGap" : [ ],
      "coverageGapSize" : 0,
      "coveredPercentage" : 0.0,
      "effectualPercentage" : 0.0,
      "coverageGapPercentage" : 0.0
    }
  },
  "covered" : [ "Stmt(IF, 20, org.xmlcml.euclid.Int2Range, DEFAULT)", "Stmt(VARIABLE_DECLARATION, 49, org.xmlcml.euclid.Int2Range, DEFAULT)", "Decision(true, IF, 1, org.xmlcml.euclid.Int2Range)", "Stmt(IF, 45, org.xmlcml.euclid.Int2Range, DEFAULT)", "Stmt(RETURN, 12, org.xmlcml.euclid.Int2Range, DEFAULT)", "Stmt(RETURN, 12, org.xmlcml.euclid.Int2Range, NON_DEFAULT)", "Stmt(EXPRESSION, 4, org.xmlcml.euclid.Int2Range, DEFAULT)", "Stmt(RETURN, 33, org.xmlcml.euclid.Int2Range, DEFAULT)", "Stmt(RETURN, 33, org.xmlcml.euclid.Int2Range, NON_DEFAULT)", "Stmt(EXPRESSION, 0, org.xmlcml.euclid.Int2Range, DEFAULT)", "Stmt(RETURN, 29, org.xmlcml.euclid.Int2Range, DEFAULT)", "Stmt(RETURN, 29, org.xmlcml.euclid.Int2Range, NON_DEFAULT)", "Stmt(RETURN, 52, org.xmlcml.euclid.Int2Range, DEFAULT)", "Stmt(RETURN, 52, org.xmlcml.euclid.Int2Range, NON_DEFAULT)", "Stmt(VARIABLE_DECLARATION, 48, org.xmlcml.euclid.Int2Range, DEFAULT)", "Decision(true, IF, 2, org.xmlcml.euclid.Int2Range)", "Stmt(RETURN, 44, org.xmlcml.euclid.Int2Range, DEFAULT)", "Stmt(RETURN, 44, org.xmlcml.euclid.Int2Range, NON_DEFAULT)", "Stmt(IF, 11, org.xmlcml.euclid.Int2Range, DEFAULT)", "Stmt(EXPRESSION, 7, org.xmlcml.euclid.Int2Range, DEFAULT)", "Stmt(EXPRESSION, 3, org.xmlcml.euclid.Int2Range, DEFAULT)", "Stmt(RETURN, 32, org.xmlcml.euclid.Int2Range, DEFAULT)", "Stmt(RETURN, 32, org.xmlcml.euclid.Int2Range, NON_DEFAULT)", "Stmt(IF, 24, org.xmlcml.euclid.Int2Range, DEFAULT)", "Stmt(EXPRESSION, 51, org.xmlcml.euclid.Int2Range, DEFAULT)", "Stmt(RETURN, 47, org.xmlcml.euclid.Int2Range, DEFAULT)", "Stmt(RETURN, 47, org.xmlcml.euclid.Int2Range, NON_DEFAULT)", "Stmt(RETURN, 10, org.xmlcml.euclid.Int2Range, DEFAULT)", "Stmt(RETURN, 10, org.xmlcml.euclid.Int2Range, NON_DEFAULT)", "Stmt(EXPRESSION, 6, org.xmlcml.euclid.Int2Range, DEFAULT)", "Stmt(IF, 2, org.xmlcml.euclid.Int2Range, DEFAULT)", "Stmt(VARIABLE_DECLARATION, 31, org.xmlcml.euclid.Int2Range, DEFAULT)", "Stmt(IF, 27, org.xmlcml.euclid.Int2Range, DEFAULT)", "Stmt(EXPRESSION, 50, org.xmlcml.euclid.Int2Range, DEFAULT)", "Stmt(RETURN, 13, org.xmlcml.euclid.Int2Range, DEFAULT)", "Stmt(RETURN, 13, org.xmlcml.euclid.Int2Range, NON_DEFAULT)", "Decision(true, IF, 0, org.xmlcml.euclid.Int2Range)", "Stmt(IF, 42, org.xmlcml.euclid.Int2Range, DEFAULT)", "Stmt(IF, 5, org.xmlcml.euclid.Int2Range, DEFAULT)", "Stmt(EXPRESSION, 1, org.xmlcml.euclid.Int2Range, DEFAULT)", "Stmt(VARIABLE_DECLARATION, 30, org.xmlcml.euclid.Int2Range, DEFAULT)", "Stmt(RETURN, 26, org.xmlcml.euclid.Int2Range, DEFAULT)", "Stmt(RETURN, 26, org.xmlcml.euclid.Int2Range, NON_DEFAULT)" ],
  "effectualCovered" : [ "Stmt(IF, 20, org.xmlcml.euclid.Int2Range, DEFAULT)", "Stmt(VARIABLE_DECLARATION, 49, org.xmlcml.euclid.Int2Range, DEFAULT)", "Decision(true, IF, 1, org.xmlcml.euclid.Int2Range)", "Stmt(IF, 45, org.xmlcml.euclid.Int2Range, DEFAULT)", "Stmt(RETURN, 12, org.xmlcml.euclid.Int2Range, DEFAULT)", "Stmt(RETURN, 12, org.xmlcml.euclid.Int2Range, NON_DEFAULT)", "Stmt(EXPRESSION, 4, org.xmlcml.euclid.Int2Range, DEFAULT)", "Stmt(RETURN, 33, org.xmlcml.euclid.Int2Range, DEFAULT)", "Stmt(RETURN, 33, org.xmlcml.euclid.Int2Range, NON_DEFAULT)", "Stmt(EXPRESSION, 0, org.xmlcml.euclid.Int2Range, DEFAULT)", "Stmt(RETURN, 29, org.xmlcml.euclid.Int2Range, DEFAULT)", "Stmt(RETURN, 29, org.xmlcml.euclid.Int2Range, NON_DEFAULT)", "Stmt(RETURN, 52, org.xmlcml.euclid.Int2Range, DEFAULT)", "Stmt(RETURN, 52, org.xmlcml.euclid.Int2Range, NON_DEFAULT)", "Stmt(VARIABLE_DECLARATION, 48, org.xmlcml.euclid.Int2Range, DEFAULT)", "Decision(true, IF, 2, org.xmlcml.euclid.Int2Range)", "Stmt(RETURN, 44, org.xmlcml.euclid.Int2Range, DEFAULT)", "Stmt(RETURN, 44, org.xmlcml.euclid.Int2Range, NON_DEFAULT)", "Stmt(IF, 11, org.xmlcml.euclid.Int2Range, DEFAULT)", "Stmt(EXPRESSION, 7, org.xmlcml.euclid.Int2Range, DEFAULT)", "Stmt(EXPRESSION, 3, org.xmlcml.euclid.Int2Range, DEFAULT)", "Stmt(RETURN, 32, org.xmlcml.euclid.Int2Range, DEFAULT)", "Stmt(RETURN, 32, org.xmlcml.euclid.Int2Range, NON_DEFAULT)", "Stmt(IF, 24, org.xmlcml.euclid.Int2Range, DEFAULT)", "Stmt(EXPRESSION, 51, org.xmlcml.euclid.Int2Range, DEFAULT)", "Stmt(RETURN, 47, org.xmlcml.euclid.Int2Range, DEFAULT)", "Stmt(RETURN, 47, org.xmlcml.euclid.Int2Range, NON_DEFAULT)", "Stmt(RETURN, 10, org.xmlcml.euclid.Int2Range, DEFAULT)", "Stmt(RETURN, 10, org.xmlcml.euclid.Int2Range, NON_DEFAULT)", "Stmt(EXPRESSION, 6, org.xmlcml.euclid.Int2Range, DEFAULT)", "Stmt(IF, 2, org.xmlcml.euclid.Int2Range, DEFAULT)", "Stmt(VARIABLE_DECLARATION, 31, org.xmlcml.euclid.Int2Range, DEFAULT)", "Stmt(IF, 27, org.xmlcml.euclid.Int2Range, DEFAULT)", "Stmt(EXPRESSION, 50, org.xmlcml.euclid.Int2Range, DEFAULT)", "Stmt(RETURN, 13, org.xmlcml.euclid.Int2Range, DEFAULT)", "Stmt(RETURN, 13, org.xmlcml.euclid.Int2Range, NON_DEFAULT)", "Decision(true, IF, 0, org.xmlcml.euclid.Int2Range)", "Stmt(IF, 42, org.xmlcml.euclid.Int2Range, DEFAULT)", "Stmt(IF, 5, org.xmlcml.euclid.Int2Range, DEFAULT)", "Stmt(EXPRESSION, 1, org.xmlcml.euclid.Int2Range, DEFAULT)", "Stmt(VARIABLE_DECLARATION, 30, org.xmlcml.euclid.Int2Range, DEFAULT)", "Stmt(RETURN, 26, org.xmlcml.euclid.Int2Range, DEFAULT)", "Stmt(RETURN, 26, org.xmlcml.euclid.Int2Range, NON_DEFAULT)" ],
  "totalElementCount" : 87,
  "totalCoveredCount" : 43,
  "totalEffectualCount" : 43,
  "totalCoverageGap" : 0
}